brand,model,model_year,milage,fuel_type,engine,transmission,ext_col,int_col,accident,clean_title,price,engine_displacement,engine_cylinders,vehicle_age,price_per_mile,mileage_per_year,is_luxury_brand,has_accident,is_ev_or_hybrid,age_mileage_score
Ford,Utility Police Interceptor Base,2013,51000.0,E85 Flex Fuel,300.0HP 3.7L V6 Cylinder Engine Flex Fuel Capability,6-Speed A/T,Black,Black,At Least 1 Accident Or Damage Reported,Yes,10300.0,3.7,6.0,11,0.202,4250.0,0,1,0,0.561
Hyundai,Palisade Sel,2021,34742.0,Gasoline,3.8L V6 24V GDI DOHC,8-Speed Automatic,Moonlight Cloud,Gray,At Least 1 Accident Or Damage Reported,Yes,38005.0,3.8,,3,1.0939,8686.0,0,1,0,0.1042
Lexus,Rx 350 Rx 350,2022,22372.0,Gasoline,3.5 Liter DOHC,Automatic,Blue,Black,None Reported,Unknown,54598.0,,,2,2.4404,7457.0,1,0,0,0.0447
Infiniti,Q50 Hybrid Sport,2015,88900.0,Hybrid,354.0HP 3.5L V6 Cylinder Engine Gas/Electric Hybrid,7-Speed A/T,Black,Black,None Reported,Yes,15500.0,3.5,6.0,9,0.1744,8890.0,0,0,1,0.8001
Audi,Q3 45 S Line Premium Plus,2021,9835.0,Gasoline,2.0L I4 16V GDI DOHC Turbo,8-Speed Automatic,Glacier White Metallic,Black,None Reported,Unknown,34999.0,2.0,,3,3.5583,2459.0,1,0,0,0.0295
Acura,Ilx 2.4L,2016,136397.0,Gasoline,2.4 Liter,F,Silver,Ebony.,None Reported,Unknown,14798.0,,,8,0.1085,15155.0,0,0,0,1.0912
Audi,S3 2.0T Premium Plus,2017,84000.0,Gasoline,292.0HP 2.0L 4 Cylinder Engine Gasoline Fuel,6-Speed A/T,Blue,Black,None Reported,Yes,31000.0,2.0,4.0,7,0.369,10500.0,1,0,0,0.588
Bmw,740 Il,2001,223089.60000000012,Gasoline,282.0HP 4.4L 8 Cylinder Engine Gasoline Fuel,A/T,Green,Green,None Reported,Yes,7300.0,4.4,8.0,23,0.0327,9295.0,1,0,0,5.1311
Lexus,Rc 350 F Sport,2021,23436.0,Gasoline,311.0HP 3.5L V6 Cylinder Engine Gasoline Fuel,6-Speed A/T,Black,Black,None Reported,Yes,41927.0,3.5,6.0,3,1.7889,5859.0,1,0,0,0.0703
Tesla,Model X Long Range Plus,2020,34000.0,Gasoline,534.0HP Electric Motor Electric Fuel System,A/T,Black,Black,None Reported,Yes,69950.0,,,4,2.0573,6800.0,0,0,0,0.136
Land,Rover Range Rover Sport 3.0 Supercharged Hst,2021,27608.0,Gasoline,V6,Automatic,Fuji White,Pimento / Ebony,None Reported,Unknown,73897.0,,,3,2.6766,6902.0,0,0,0,0.0828
Aston,Martin Dbs Superleggera,2019,22770.0,Gasoline,715.0HP 5.2L 12 Cylinder Engine Gasoline Fuel,8-Speed A/T,Silver,Black,None Reported,Yes,184606.0,5.2,12.0,5,8.1071,3795.0,0,0,0,0.1138
Toyota,Supra 3.0 Premium,2021,12500.0,Gasoline,382.0HP 3.0L Straight 6 Cylinder Engine Gasoline Fuel,A/T,Yellow,Black,None Reported,Yes,53500.0,3.0,6.0,3,4.2797,3125.0,0,0,0,0.0375
Lincoln,Aviator Reserve Awd,2022,18196.0,Gasoline,400.0HP 3.0L V6 Cylinder Engine Gasoline Fuel,Transmission W/Dual Shift Mode,Black,Brown,None Reported,Yes,62000.0,3.0,6.0,2,3.4072,6065.0,1,0,0,0.0364
Jaguar,F-Type,2020,15903.0,Gasoline,2.0 Liter Supercharged,Automatic,Silver,Black,None Reported,Unknown,47998.0,,,4,3.018,3181.0,0,0,0,0.0636
Land,Rover Lr4 Hse,2013,79800.0,Gasoline,375.0HP 5.0L 8 Cylinder Engine Gasoline Fuel,A/T,White,Black,None Reported,Yes,29990.0,5.0,8.0,11,0.3758,6650.0,0,0,0,0.8778
Mercedes-Benz,Metris Base,2021,1685.0,Gasoline,2.0L I4 16V GDI DOHC Turbo,9-Speed Automatic,Gray,White,None Reported,Yes,250000.0,2.0,,3,148.28,421.0,1,0,0,0.0051
Dodge,Challenger Sxt,2013,61074.0,Gasoline,305.0HP 3.6L V6 Cylinder Engine Gasoline Fuel,A/T,Black,Gray,None Reported,Yes,16800.0,3.6,6.0,11,0.2751,5090.0,0,0,0,0.6718
Nissan,350Z Enthusiast,2003,74000.0,Gasoline,287.0HP 3.5L V6 Cylinder Engine Gasoline Fuel,6-Speed M/T,Purple,–,None Reported,Yes,11000.0,3.5,6.0,21,0.1486,3364.0,0,0,0,1.554
Jaguar,F-Type R,2018,35250.0,Gasoline,550.0HP 5.0L 8 Cylinder Engine Gasoline Fuel,8-Speed A/T,Green,Black,None Reported,Yes,68750.0,5.0,8.0,6,1.9503,5036.0,0,0,0,0.2115
Genesis,Gv70 3.5T Sport,2023,5400.0,Gasoline,375.0HP 3.5L V6 Cylinder Engine Gasoline Fuel,8-Speed A/T,Green,Beige,Unknown,Unknown,60000.0,3.5,6.0,1,11.1091,2700.0,1,0,0,0.0054
Chevrolet,S-10 Ls,2000,133510.0,E85 Flex Fuel,120.0HP 2.2L 4 Cylinder Engine Flex Fuel Capability,A/T,Blue,Black,None Reported,Yes,4500.0,2.2,4.0,24,0.0337,5340.0,0,0,0,3.2042
Bmw,440 Gran Coupe 440I Xdrive,2020,25990.0,Gasoline,3.0 Liter Turbo,Automatic,White,Beige,None Reported,Unknown,38598.0,,,4,1.4851,5198.0,1,0,0,0.104
Ford,F-150 Xlt,2023,2823.0,Gasoline,3.5L V6 24V PDI DOHC Twin Turbo,Automatic,Iconic Silver Metallic,Black,None Reported,Yes,58504.0,3.5,,1,20.7167,1412.0,0,0,0,0.0028
Chevrolet,Suburban Rst,2021,52000.0,Gasoline,355.0HP 5.3L 8 Cylinder Engine Gasoline Fuel,10-Speed A/T,Blue,Black,None Reported,Yes,61000.0,5.3,8.0,3,1.1731,13000.0,0,0,0,0.156
Hyundai,Elantra N Base,2022,11650.0,Gasoline,276.0HP 2.0L 4 Cylinder Engine Gasoline Fuel,Transmission W/Dual Shift Mode,Black,Black,None Reported,Yes,32300.0,2.0,4.0,2,2.7723,3883.0,0,0,0,0.0233
Nissan,Sentra Sr,2016,96541.0,Gasoline,1.8 Liter,Automatic,Blue,Black,None Reported,Unknown,13998.0,,,8,0.145,10727.0,0,0,0,0.7723
Mercedes-Benz,Amg Cla 45 Base 4Matic,2021,17500.0,Gasoline,382.0HP 2.0L 4 Cylinder Engine Gasoline Fuel,A/T,Gray,Black,None Reported,Yes,59995.0,2.0,4.0,3,3.4281,4375.0,1,0,0,0.0525
Bmw,650 Gran Coupe I Xdrive,2015,69000.0,Gasoline,445.0HP 4.4L 8 Cylinder Engine Gasoline Fuel,8-Speed A/T,Gray,Black,None Reported,Yes,25700.0,4.4,8.0,9,0.3725,6900.0,1,0,0,0.621
Audi,Q5 2.0T Premium Plus,2017,81880.0,E85 Flex Fuel,2.0L I4 16V GDI DOHC Turbo Flexible Fuel,8-Speed Automatic,Mythos Black Metallic,Black,None Reported,Yes,21375.0,2.0,,7,0.261,10235.0,1,0,0,0.5732
Mercedes-Benz,Amg C 43 Base 4Matic,2018,28800.0,Gasoline,362.0HP 3.0L V6 Cylinder Engine Gasoline Fuel,9-Speed A/T,Silver,Black,None Reported,Yes,48000.0,3.0,6.0,6,1.6666,4114.0,1,0,0,0.1728
Dodge,Ram 1500 Laramie Mega Cab,2006,223089.60000000012,Gasoline,345.0HP 5.7L 8 Cylinder Engine Gasoline Fuel,A/T,Silver,Gray,At Least 1 Accident Or Damage Reported,Yes,10900.0,5.7,8.0,18,0.0489,11742.0,0,1,0,4.0156
Bmw,I3 120Ah W/Range Extender,2020,35035.0,Hybrid,120 AH,Automatic,Black,Black,None Reported,Unknown,24998.0,,,4,0.7135,7007.0,1,0,1,0.1401
Kia,Sorento Sx,2011,171000.0,Gasoline,276.0HP 3.5L V6 Cylinder Engine Gasoline Fuel,A/T,Black,Black,None Reported,Yes,5999.0,3.5,6.0,13,0.0351,12214.0,0,0,0,2.223
Lexus,Lx 570 Base,2016,118700.0,Gasoline,383.0HP 5.7L 8 Cylinder Engine Gasoline Fuel,8-Speed A/T,Black,Beige,None Reported,Yes,46900.0,5.7,8.0,8,0.3951,13189.0,1,0,0,0.9496
Jeep,New Compass Trailhawk,2017,119000.0,Gasoline,180.0HP 2.4L 4 Cylinder Engine Gasoline Fuel,A/T,Red,Black,None Reported,Yes,15900.0,2.4,4.0,7,0.1336,14875.0,0,0,0,0.833
Bmw,340 I,2018,44261.0,Gasoline,3.0 Liter Turbo,Automatic,Gray,Black,None Reported,Unknown,33598.0,,,6,0.7591,6323.0,1,0,0,0.2656
Audi,A4 2.0T Premium Plus Quattro,2012,125575.0,Gasoline,211.0HP 2.0L 4 Cylinder Engine Gasoline Fuel,8-Speed A/T,Silver,Black,None Reported,Yes,8999.0,2.0,4.0,12,0.0717,9660.0,1,0,0,1.5069
Hyundai,Tucson Se,2007,16200.0,Gasoline,173.0HP 2.7L V6 Cylinder Engine Gasoline Fuel,A/T,Gold,Beige,None Reported,Yes,8200.0,2.7,6.0,17,0.5061,900.0,0,0,0,0.2754
Bmw,Z4 Sdrive28I,2014,70000.0,Gasoline,240.0HP 2.0L 4 Cylinder Engine Gasoline Fuel,A/T,White,Beige,At Least 1 Accident Or Damage Reported,Yes,20000.0,2.0,4.0,10,0.2857,6364.0,1,1,0,0.7
Bentley,Continental Gtc Base,2011,20200.0,E85 Flex Fuel,552.0HP 6.0L 12 Cylinder Engine Flex Fuel Capability,6-Speed A/T,Black,Black,None Reported,Yes,79950.0,6.0,12.0,13,3.9577,1443.0,0,0,0,0.2626
Honda,Passport Elite,2023,2978.0,Gasoline,3.5 Liter SOHC,Automatic,Lunar Silver Metallic,Gray,None Reported,Unknown,45498.0,,,1,15.2729,1489.0,0,0,0,0.003
Dodge,Sprinter 2500,2007,189719.0,Diesel,3.0L V6 Cylinder Engine Diesel Fuel,5-Speed A/T,White,Gray,At Least 1 Accident Or Damage Reported,Yes,14000.0,3.0,6.0,17,0.0738,10540.0,0,1,0,3.2252
Bmw,M850 I Xdrive,2019,9949.0,Gasoline,4.4 Liter DOHC Twin Turbo,Automatic,Blue,Black,None Reported,Unknown,75798.0,,,5,7.6179,1658.0,1,0,0,0.0497
Lucid,Air Grand Touring,2022,3552.0,Gasoline,536.0HP Electric Motor Electric Fuel System,1-Speed A/T,Red,Beige,None Reported,Yes,119999.0,,,2,33.774,1184.0,0,0,0,0.0071
Audi,A7 Premium,2012,54000.0,Gasoline,310.0HP 3.0L V6 Cylinder Engine Gasoline Fuel,8-Speed A/T,Black,Brown,At Least 1 Accident Or Damage Reported,Yes,36880.0,3.0,6.0,12,0.683,4154.0,1,1,0,0.648
Chevrolet,Silverado 1500 Custom Trail Boss,2021,51351.0,Gasoline,5.3L V8 16V GDI OHV,Automatic,Black,Jet Black,None Reported,Yes,43147.0,5.3,,3,0.8402,12838.0,0,0,0,0.1541
Mini,Convertible John Cooper Works,2017,24280.0,Gasoline,228.0HP 2.0L 4 Cylinder Engine Gasoline Fuel,6-Speed A/T,Black,Black,At Least 1 Accident Or Damage Reported,Yes,29000.0,2.0,4.0,7,1.1943,3035.0,0,1,0,0.17
Toyota,Avalon Touring,2016,89148.0,Gasoline,268.0HP 3.5L V6 Cylinder Engine Gasoline Fuel,A/T,Black,Black,None Reported,Yes,17500.0,3.5,6.0,8,0.1963,9905.0,0,0,0,0.7132
Porsche,Cayenne Platinum Edition,2017,73043.0,Gasoline,300.0HP 3.6L V6 Cylinder Engine Gasoline Fuel,8-Speed A/T,White,Black,None Reported,Yes,30990.0,3.6,6.0,7,0.4243,9130.0,1,0,0,0.5113
Mercedes-Benz,Amg C 63 S,2017,60000.0,Gasoline,503.0HP 4.0L 8 Cylinder Engine Gasoline Fuel,Transmission W/Dual Shift Mode,Gray,Black,At Least 1 Accident Or Damage Reported,Yes,52500.0,4.0,8.0,7,0.875,7500.0,1,1,0,0.42
Honda,Cr-V Ex-L,2016,73549.0,Gasoline,2.4L I4 16V GDI DOHC,Automatic Cvt,Mountain Air Metallic,Black,At Least 1 Accident Or Damage Reported,Unknown,20848.0,2.4,,8,0.2835,8172.0,0,1,0,0.5884
Hummer,H2 Base,2005,110900.0,Gasoline,325.0HP 6.0L 8 Cylinder Engine Gasoline Fuel,A/T,Gray,Black,None Reported,Yes,19500.0,6.0,8.0,19,0.1758,5545.0,0,0,0,2.1071
Porsche,911 Carrera S,2013,39000.0,Gasoline,400.0HP 3.8L Flat 6 Cylinder Engine Gasoline Fuel,7-Speed A/T,Blue,Black,None Reported,Yes,73000.0,3.8,6.0,11,1.8717,3250.0,1,0,0,0.429
Mercedes-Benz,Cla-Class Cla 250,2016,120000.0,Gasoline,208.0HP 2.0L 4 Cylinder Engine Gasoline Fuel,Transmission W/Dual Shift Mode,Black,Black,None Reported,Yes,19800.0,2.0,4.0,8,0.165,13333.0,1,0,0,0.96
Chrysler,300 Touring,2009,134602.0,Gasoline,250.0HP 3.5L V6 Cylinder Engine Gasoline Fuel,Transmission W/Dual Shift Mode,Blue,Black,None Reported,Yes,7500.0,3.5,6.0,15,0.0557,8413.0,0,0,0,2.019
Nissan,Rogue Sv,2023,1094.0,Gasoline,1.5L I3 12V GDI DOHC Turbo,Automatic Cvt,Caspian Blue,Light Gray,None Reported,Unknown,30999.0,1.5,,1,28.3096,547.0,0,0,0,0.0011
Audi,A3 2.0T,2010,83500.0,Gasoline,200.0HP 2.0L 4 Cylinder Engine Gasoline Fuel,Transmission W/Dual Shift Mode,Silver,Black,None Reported,Yes,6500.0,2.0,4.0,14,0.0778,5567.0,1,0,0,1.169
Ford,Mustang Gt Premium,2014,37060.0,Gasoline,420.0HP 5.0L 8 Cylinder Engine Gasoline Fuel,6-Speed M/T,Black,Black,None Reported,Yes,28500.0,5.0,8.0,10,0.769,3369.0,0,0,0,0.3706
Acura,Rl Technology,2010,97700.0,Gasoline,300.0HP 3.7L V6 Cylinder Engine Gasoline Fuel,Transmission W/Dual Shift Mode,Blue,Beige,None Reported,Yes,10995.0,3.7,6.0,14,0.1125,6513.0,0,0,0,1.3678
Volvo,Xc90 Hybrid T8 R-Design,2018,40000.0,Plug-In Hybrid,400.0HP 2.0L 4 Cylinder Engine Plug-In Electric/Gas,Transmission W/Dual Shift Mode,Black,Black,None Reported,Yes,42000.0,2.0,4.0,6,1.05,5714.0,0,0,1,0.24
Audi,R8 5.2 V10,2018,8940.0,Gasoline,5.2L V10 40V PDI DOHC,7-Speed Automatic With Auto-Shift,Tango Red Metallic,Black,None Reported,Unknown,144900.0,5.2,,6,16.2062,1277.0,1,0,0,0.0536
Mercedes-Benz,Glk-Class Glk 350,2014,186000.0,Gasoline,302.0HP 3.5L V6 Cylinder Engine Gasoline Fuel,A/T,Black,Beige,At Least 1 Accident Or Damage Reported,Yes,10000.0,3.5,6.0,10,0.0538,16909.0,1,1,0,1.86
Toyota,C-Hr Le,2021,13180.0,Gasoline,2.0 Liter,Cvt-F,–,–,None Reported,Unknown,23998.0,,,3,1.8207,3295.0,0,0,0,0.0395
Lexus,Is 350 Base,2014,104000.0,Gasoline,306.0HP 3.5L V6 Cylinder Engine Gasoline Fuel,8-Speed A/T,Black,Black,None Reported,Yes,21000.0,3.5,6.0,10,0.2019,9455.0,1,0,0,1.04
Bmw,X4 M40I,2023,8500.0,Hybrid,382.0HP 3.0L Straight 6 Cylinder Engine Gasoline/Mild Electric Hybrid,Transmission W/Dual Shift Mode,Gray,Beige,None Reported,Yes,67900.0,3.0,6.0,1,7.9873,4250.0,1,0,1,0.0085
Bmw,M4 Cs,2019,19069.0,Gasoline,3.0 Liter DOHC Turbo,Automatic,Alpine White,Anthracite,None Reported,Unknown,69998.0,,,5,3.6706,3178.0,1,0,0,0.0953
Cadillac,Ct5 Premium Luxury,2023,6090.0,Gasoline,237.0HP 2.0L 4 Cylinder Engine Gasoline Fuel,A/T,White,Beige,None Reported,Yes,46900.0,2.0,4.0,1,7.6999,3045.0,1,0,0,0.0061
Lucid,Air Grand Touring,2022,4900.0,Gasoline,536.0HP Electric Motor Electric Fuel System,1-Speed A/T,Red,Black,None Reported,Yes,99000.0,,,2,20.2,1633.0,0,0,0,0.0098
Audi,A5 2.0T Premium Plus,2019,47523.0,Gasoline,248.0HP 2.0L 4 Cylinder Engine Gasoline Fuel,Transmission W/Dual Shift Mode,Black,Black,None Reported,Yes,31000.0,2.0,4.0,5,0.6523,7920.0,1,0,0,0.2376
Chrysler,300C Srt8,2006,43000.0,Gasoline,425.0HP 6.1L 8 Cylinder Engine Gasoline Fuel,5-Speed A/T,Silver,Black,At Least 1 Accident Or Damage Reported,Yes,19995.0,6.1,8.0,18,0.465,2263.0,0,1,0,0.774
Bentley,Continental Gt W12,2017,14684.0,Gasoline,582.0HP 6.0L 12 Cylinder Engine Gasoline Fuel,8-Speed A/T,White,White,None Reported,Yes,130000.0,6.0,12.0,7,8.8526,1836.0,0,0,0,0.1028
Bmw,M4 Base,2019,57800.0,Gasoline,425.0HP 3.0L Straight 6 Cylinder Engine Gasoline Fuel,Transmission W/Dual Shift Mode,Black,Red,None Reported,Yes,55999.0,3.0,6.0,5,0.9688,9633.0,1,0,0,0.289
Toyota,Gr Corolla Circuit Edition,2023,952.0,Gasoline,300.0HP 1.6L 3 Cylinder Engine Gasoline Fuel,6-Speed M/T,Silver,Gray,None Reported,Yes,49950.0,1.6,3.0,1,52.4134,476.0,0,0,0,0.001
Audi,Rs 5 2.9T,2019,21240.0,Gasoline,444.0HP 2.9L V6 Cylinder Engine Gasoline Fuel,8-Speed A/T,Black,Black,At Least 1 Accident Or Damage Reported,Yes,59950.0,2.9,6.0,5,2.8224,3540.0,1,1,0,0.1062
Porsche,Cayenne Base,2019,59338.0,Gasoline,335.0HP 3.0L V6 Cylinder Engine Gasoline Fuel,Transmission W/Dual Shift Mode,Black,Black,None Reported,Yes,42499.0,3.0,6.0,5,0.7162,9890.0,1,0,0,0.2967
Maserati,Quattroporte S,2019,23230.0,Gasoline,424.0HP 3.0L V6 Cylinder Engine Gasoline Fuel,8-Speed A/T,Black,Black,None Reported,Yes,44999.0,3.0,6.0,5,1.937,3872.0,0,0,0,0.1162
Jaguar,Xf 35T R-Sport,2017,48000.0,Gasoline,340.0HP 3.0L V6 Cylinder Engine Gasoline Fuel,A/T,Red,Black,At Least 1 Accident Or Damage Reported,Yes,30000.0,3.0,6.0,7,0.625,6000.0,0,1,0,0.336
Lexus,Es 330 Base,2005,41059.0,Gasoline,225.0HP 3.3L V6 Cylinder Engine Gasoline Fuel,5-Speed A/T,White,Beige,None Reported,Yes,11100.0,3.3,6.0,19,0.2703,2053.0,1,0,0,0.7801
Land,Rover Discovery Sport Se R-Dynamic,2020,21240.0,Gasoline,2.0 Liter,Automatic,White,Black,None Reported,Unknown,37998.0,,,4,1.7889,4248.0,0,0,0,0.085
Porsche,Cayman Gts,2015,11500.0,Gasoline,340.0HP 3.4L Flat 6 Cylinder Engine Gasoline Fuel,7-Speed A/T,Silver,–,None Reported,Yes,72000.0,3.4,6.0,9,6.2603,1150.0,1,0,0,0.1035
Genesis,G90 3.3T Premium,2021,9950.0,Gasoline,365.0HP 3.3L V6 Cylinder Engine Gasoline Fuel,8-Speed A/T,Silver,Blue,None Reported,Yes,53950.0,3.3,6.0,3,5.4216,2488.0,1,0,0,0.0298
Volkswagen,Golf R 20Th Anniversary Edition,2023,633.0,Gasoline,315.0HP 2.0L 4 Cylinder Engine Gasoline Fuel,6-Speed M/T,White,Black,None Reported,Yes,47999.0,2.0,4.0,1,75.7082,316.0,0,0,0,0.0006
Hyundai,Sonata Hybrid Limited,2015,66000.0,Hybrid,199.0HP 2.4L 4 Cylinder Engine Gas/Electric Hybrid,A/T,White,Gray,At Least 1 Accident Or Damage Reported,Yes,15900.0,2.4,4.0,9,0.2409,6600.0,0,1,1,0.594
Audi,Rs 7 4.0T Prestige,2014,59715.0,Gasoline,560.0HP 4.0L 8 Cylinder Engine Gasoline Fuel,A/T,Gray,Black,At Least 1 Accident Or Damage Reported,Yes,45000.0,4.0,8.0,10,0.7536,5429.0,1,1,0,0.5972
Bmw,740 Li,2012,85252.0,Gasoline,326.0HP 3.0L Straight 6 Cylinder Engine Gasoline Fuel,6-Speed A/T,Black,Black,None Reported,Yes,18500.0,3.0,6.0,12,0.217,6558.0,1,0,0,1.023
Mercedes-Benz,Gls 450 Base 4Matic,2020,17900.0,Hybrid,362.0HP 3.0L Straight 6 Cylinder Engine Gasoline/Mild Electric Hybrid,9-Speed A/T,Black,Black,At Least 1 Accident Or Damage Reported,Yes,80000.0,3.0,6.0,4,4.469,3580.0,1,1,1,0.0716
Bmw,M6 Base,2016,25500.0,Gasoline,560.0HP 4.4L 8 Cylinder Engine Gasoline Fuel,7-Speed A/T,White,Black,None Reported,Yes,55000.0,4.4,8.0,8,2.1568,2833.0,1,0,0,0.204
Subaru,Forester 2.5 X,2004,210703.0,Gasoline,165.0HP 2.5L 4 Cylinder Engine Gasoline Fuel,M/T,Green,Beige,Unknown,Unknown,2300.0,2.5,4.0,20,0.0109,10033.0,0,0,0,4.2141
Hyundai,Elantra N Base,2023,3800.0,Gasoline,276.0HP 2.0L 4 Cylinder Engine Gasoline Fuel,6-Speed M/T,White,Black,None Reported,Yes,34000.0,2.0,4.0,1,8.945,1900.0,0,0,0,0.0038
Kia,Niro Plug-In Hybrid Ex Premium,2022,36602.0,Hybrid,1.6L I4 16V GDI DOHC Hybrid,6-Speed Automatic With Auto-Shift,Horizon Blue,Charcoal,None Reported,Yes,31995.0,1.6,,2,0.8741,12201.0,0,0,1,0.0732
Rivian,R1S Adventure Package,2023,2800.0,Gasoline,835.0HP Electric Motor Electric Fuel System,1-Speed A/T,White,Green,None Reported,Yes,92000.0,,,1,32.8454,1400.0,0,0,0,0.0028
Mercedes-Benz,Slc 300 Base,2018,33000.0,Gasoline,241.0HP 2.0L 4 Cylinder Engine Gasoline Fuel,9-Speed A/T,Red,Black,At Least 1 Accident Or Damage Reported,Yes,29900.0,2.0,4.0,6,0.906,4714.0,1,1,0,0.198
Bmw,435 Gran Coupe I,2016,76009.0,Gasoline,300.0HP 3.0L Straight 6 Cylinder Engine Gasoline Fuel,8-Speed A/T,White,Beige,None Reported,Yes,24950.0,3.0,6.0,8,0.3282,8445.0,1,0,0,0.6081
Jeep,Grand Cherokee Summit,2020,31349.0,Gasoline,5.7L V8 16V MPFI OHV,8-Speed Automatic,Granite Crystal Clearcoat Metallic,Black,None Reported,Unknown,39366.0,5.7,,4,1.2557,6270.0,0,0,0,0.1254
Lexus,Rc 350 Base,2015,48000.0,Gasoline,306.0HP 3.5L V6 Cylinder Engine Gasoline Fuel,Transmission W/Dual Shift Mode,Orange,Red,None Reported,Yes,32900.0,3.5,6.0,9,0.6854,4800.0,1,0,0,0.432
Bmw,525 I,2005,91420.0,Gasoline,215.0HP 2.5L Straight 6 Cylinder Engine Gasoline Fuel,6-Speed A/T,Black,Black,None Reported,Yes,8900.0,2.5,6.0,19,0.0974,4571.0,1,0,0,1.737
Toyota,Corolla Le,2003,124756.0,Gasoline,130.0HP 1.8L 4 Cylinder Engine Gasoline Fuel,M/T,Beige,Beige,At Least 1 Accident Or Damage Reported,Yes,4995.0,1.8,4.0,21,0.04,5671.0,0,1,0,2.6199
Cadillac,Ct5-V Blackwing,2023,2415.0,Gasoline,6.2L V8 16V GDI OHV Supercharged,10-Speed Automatic,Rift Metallic,Gray,None Reported,Unknown,104900.0,6.2,,1,43.4189,1208.0,1,0,0,0.0024
Gmc,Acadia Slt-1,2012,116226.0,Gasoline,288.0HP 3.6L V6 Cylinder Engine Gasoline Fuel,6-Speed A/T,Black,Black,None Reported,Yes,7900.0,3.6,6.0,12,0.068,8940.0,0,0,0,1.3947
Lexus,Lc 500 Base,2020,37869.0,Gasoline,5.0L V8 32V PDI DOHC,10-Speed Automatic,Atomic Silver,Rioja Red,None Reported,Unknown,75950.0,5.0,,4,2.0055,7574.0,1,0,0,0.1515
Bmw,I8 Base,2019,41500.0,Plug-In Hybrid,369.0HP 1.5L 3 Cylinder Engine Plug-In Electric/Gas,Transmission W/Dual Shift Mode,White,Black,None Reported,Yes,86000.0,1.5,3.0,5,2.0722,6917.0,1,0,1,0.2075
Lexus,Es 300H Base,2013,87001.0,Hybrid,200.0HP 2.5L 4 Cylinder Engine Gas/Electric Hybrid,Cvt Transmission,Gold,Beige,None Reported,Yes,17995.0,2.5,4.0,11,0.2068,7250.0,1,0,1,0.957
Cadillac,Ct5-V V-Series,2022,4451.0,Gasoline,3.0L V6 24V GDI DOHC Twin Turbo,Automatic,Summit White,Jet Black,At Least 1 Accident Or Damage Reported,Yes,55655.0,3.0,,2,12.5011,1484.0,1,1,0,0.0089
Bmw,540 I Xdrive,2020,27158.0,Gasoline,2.0 Liter Turbo,Automatic,Imperial Blue Metallic,Canberra Beige/Black,None Reported,Unknown,39998.0,,,4,1.4727,5432.0,1,0,0,0.1086
Chevrolet,Express 1500 Work Van,2014,139804.0,Gasoline,195.0HP 4.3L V6 Cylinder Engine Gasoline Fuel,A/T,White,Gray,At Least 1 Accident Or Damage Reported,Yes,14500.0,4.3,6.0,10,0.1037,12709.0,0,1,0,1.398
Jeep,Gladiator Rubicon,2022,27300.0,Gasoline,285.0HP 3.6L V6 Cylinder Engine Gasoline Fuel,A/T,Green,Black,None Reported,Yes,47500.0,3.6,6.0,2,1.7399,9100.0,0,0,0,0.0546
Bmw,Z4 Sdrive28I,2014,36812.0,Gasoline,240.0HP 2.0L 4 Cylinder Engine Gasoline Fuel,Transmission W/Dual Shift Mode,White,Beige,None Reported,Yes,27000.0,2.0,4.0,10,0.7334,3347.0,1,0,0,0.3681
Land,Rover Lr4 Hse Lux Landmark Edition,2016,144000.0,Gasoline,340.0HP 3.0L V6 Cylinder Engine Gasoline Fuel,8-Speed A/T,Black,Black,At Least 1 Accident Or Damage Reported,Yes,18000.0,3.0,6.0,8,0.125,16000.0,0,1,0,1.152
Cadillac,Xt4 Sport,2019,44500.0,Gasoline,237.0HP 2.0L 4 Cylinder Engine Gasoline Fuel,9-Speed A/T,Blue,White,None Reported,Yes,28900.0,2.0,4.0,5,0.6494,7417.0,1,0,0,0.2225
Bmw,750 750I Xdrive,2021,10917.0,Gasoline,4.4 Liter Twin Turbo,Automatic,Black,Black,None Reported,Unknown,73998.0,,,3,6.7776,2729.0,1,0,0,0.0328
Bentley,Arnage R,2005,8332.0,Gasoline,400.0HP 6.75L 8 Cylinder Engine Gasoline Fuel,4-Speed A/T,White,Beige,None Reported,Yes,47350.0,6.75,8.0,19,5.6822,417.0,0,0,0,0.1583
Lincoln,Aviator Reserve Awd,2020,51247.0,Gasoline,3.0 Liter GTDI,Automatic,Magnetic Gray Clearcoat,Roast,None Reported,Unknown,47698.0,,,4,0.9307,10249.0,1,0,0,0.205
Mercedes-Benz,Amg Gl Amg Gl 63 4Matic,2016,69000.0,Gasoline,550.0HP 5.5L 8 Cylinder Engine Gasoline Fuel,Transmission W/Dual Shift Mode,Black,Brown,None Reported,Yes,36500.0,5.5,8.0,8,0.529,7667.0,1,0,0,0.552
Ram,Promaster 3500 High Roof,2021,147834.0,Gasoline,3.6L V6 24V MPFI DOHC,6-Speed Automatic,Bright White Clearcoat,Black,None Reported,Yes,32662.0,3.6,,3,0.2209,36958.0,0,0,0,0.4435
Ford,Utility Police Interceptor Base,2013,105000.0,E85 Flex Fuel,300.0HP 3.7L V6 Cylinder Engine Flex Fuel Capability,A/T,White,Black,At Least 1 Accident Or Damage Reported,Yes,6600.0,3.7,6.0,11,0.0629,8750.0,0,1,0,1.155
Audi,A5 2.0T Premium,2011,92203.0,Gasoline,211.0HP 2.0L 4 Cylinder Engine Gasoline Fuel,Transmission W/Dual Shift Mode,Red,Beige,None Reported,Yes,9995.0,2.0,4.0,13,0.1084,6586.0,1,0,0,1.1986
Nissan,Gt-R Premium,2010,15600.0,Gasoline,485.0HP 3.8L V6 Cylinder Engine Gasoline Fuel,Transmission W/Dual Shift Mode,White,Black,None Reported,Yes,69500.0,3.8,6.0,14,4.4548,1040.0,0,0,0,0.2184
Land,Rover Range Rover Sport 3.0L Supercharged Hse,2018,104700.0,Gasoline,V6,Automatic,Fuji White,Ivory / Ebony,At Least 1 Accident Or Damage Reported,Unknown,30775.0,,,6,0.2939,14957.0,0,1,0,0.6282
Toyota,Corolla Le,2010,72348.0,Gasoline,132.0HP 1.8L 4 Cylinder Engine Gasoline Fuel,A/T,Red,Gray,At Least 1 Accident Or Damage Reported,Yes,9995.0,1.8,4.0,14,0.1381,4823.0,0,1,0,1.0129
Rivian,R1S Adventure Package,2023,2500.0,Gasoline,835.0HP Electric Motor Electric Fuel System,A/T,Green,White,None Reported,Yes,94000.0,,,1,37.585,1250.0,0,0,0,0.0025
Mercedes-Benz,C-Class C300 4Matic,2022,13177.0,Gasoline,2.0 Liter Turbo,Automatic,White,Silk Beige/Black,None Reported,Unknown,44798.0,,,2,3.3995,4392.0,1,0,0,0.0264
Porsche,Cayenne E-Hybrid S,2016,96000.0,Plug-In Hybrid,416.0HP 3.0L V6 Cylinder Engine Plug-In Electric/Gas,Transmission W/Dual Shift Mode,White,Red,At Least 1 Accident Or Damage Reported,Yes,23000.0,3.0,6.0,8,0.2396,10667.0,1,1,1,0.768
Chevrolet,Express 1500 Work Van,2011,93009.0,E85 Flex Fuel,5.3L V8 16V MPFI OHV Flexible Fuel,4-Speed Automatic,Summit White,Medium Pewter,None Reported,Yes,22495.0,5.3,,13,0.2419,6644.0,0,0,0,1.2091
Infiniti,Q70H Base,2016,52750.0,Hybrid,360.0HP 3.5L V6 Cylinder Engine Gas/Electric Hybrid,7-Speed A/T,White,Black,At Least 1 Accident Or Damage Reported,Yes,28998.0,3.5,6.0,8,0.5497,5861.0,0,1,1,0.422
Audi,A7 Premium Plus,2020,25361.0,Hybrid,3.0 Liter Turbo,Automatic,Typhoon Gray,Black,None Reported,Unknown,49998.0,,,4,1.9714,5072.0,1,0,1,0.1014
Audi,Q7 3.0T Premium Plus,2015,98527.0,Gasoline,280.0HP 3.0L V6 Cylinder Engine Gasoline Fuel,8-Speed A/T,Black,Black,Unknown,Unknown,9995.0,3.0,6.0,9,0.1014,9853.0,1,0,0,0.8867
Lucid,Air Pure,2023,1300.0,Gasoline,620.0HP Electric Motor Electric Fuel System,A/T,Black,Gray,Unknown,Unknown,86900.0,,,1,66.7948,650.0,0,0,0,0.0013
Chrysler,Pacifica Touring,2017,87305.0,–,–,9-Speed A/T,Silver,Black,None Reported,Yes,9000.0,,,7,0.1031,10913.0,0,0,0,0.6111
Audi,Tts 2.0T Premium Plus,2012,72922.0,Gasoline,265.0HP 2.0L 4 Cylinder Engine Gasoline Fuel,6-Speed A/T,White,Black,Unknown,Unknown,25999.0,2.0,4.0,12,0.3565,5609.0,1,0,0,0.8751
Bmw,650 Gran Coupe I Xdrive,2015,41000.0,Gasoline,445.0HP 4.4L 8 Cylinder Engine Gasoline Fuel,8-Speed A/T,Black,Black,None Reported,Yes,30000.0,4.4,8.0,9,0.7317,4100.0,1,0,0,0.369
Subaru,Forester Premium,2021,42125.0,Gasoline,2.5L H4 16V GDI DOHC,Automatic Cvt,Crystal Black Silica,Black,None Reported,Yes,27899.0,2.5,,3,0.6623,10531.0,0,0,0,0.1264
Mercedes-Benz,Amg C Amg C 63,2016,62000.0,Gasoline,469.0HP 4.0L 8 Cylinder Engine Gasoline Fuel,Transmission W/Dual Shift Mode,Black,Black,None Reported,Yes,40000.0,4.0,8.0,8,0.6452,6889.0,1,0,0,0.496
Land,Rover Lr3 Hse,2006,153843.0,Gasoline,300.0HP 4.4L 8 Cylinder Engine Gasoline Fuel,6-Speed A/T,Red,Beige,At Least 1 Accident Or Damage Reported,Yes,9950.0,4.4,8.0,18,0.0647,8097.0,0,1,0,2.7692
Bmw,X7 Xdrive40I,2019,35248.0,Gasoline,3.0 Liter Twin Turbo,Automatic,Arctic Gray Metallic,Black,None Reported,Unknown,53998.0,,,5,1.5319,5875.0,1,0,0,0.1762
Ford,Transit Connect Xlt,2015,194454.0,Gasoline,169.0HP 2.5L 4 Cylinder Engine Gasoline Fuel,6-Speed A/T,White,Black,None Reported,Yes,9888.0,2.5,4.0,9,0.0508,19445.0,0,0,0,1.7501
Lexus,Lx 570 Three-Row,2021,21000.0,Gasoline,383.0HP 5.7L 8 Cylinder Engine Gasoline Fuel,Transmission W/Dual Shift Mode,White,Black,None Reported,Yes,89999.0,5.7,8.0,3,4.2855,5250.0,1,0,0,0.063
Porsche,911 Carrera S,2013,18494.0,Gasoline,400.0HP 3.8L Flat 6 Cylinder Engine Gasoline Fuel,7-Speed M/T,Black,Black,Unknown,Unknown,86900.0,3.8,6.0,11,4.6986,1541.0,1,0,0,0.2034
Dodge,Ram 2500 Laramie Quad Cab,2006,218000.0,Gasoline,330.0HP 5.7L 8 Cylinder Engine Gasoline Fuel,4-Speed A/T,Red,Gray,None Reported,Yes,12990.0,5.7,8.0,18,0.0596,11474.0,0,0,0,3.924
Nissan,Armada Sl,2021,67800.0,Gasoline,400.0HP 5.6L 8 Cylinder Engine Gasoline Fuel,7-Speed A/T,Silver,Black,At Least 1 Accident Or Damage Reported,Yes,36500.0,5.6,8.0,3,0.5383,16950.0,0,1,0,0.2034
Porsche,Cayman Base,2014,79000.0,Gasoline,275.0HP 2.7L Flat 6 Cylinder Engine Gasoline Fuel,Transmission W/Dual Shift Mode,Red,Black,At Least 1 Accident Or Damage Reported,Yes,42999.0,2.7,6.0,10,0.5443,7182.0,1,1,0,0.79
Mercedes-Benz,Gle 450 Gle 450,2022,24906.0,Hybrid,3.0 Liter Turbo,Automatic,Selenite Grey Metallic,Black,None Reported,Unknown,63998.0,,,2,2.5695,8302.0,1,0,1,0.0498
Chevrolet,Monte Carlo Ss,2006,66840.0,Gasoline,303.0HP 5.3L 8 Cylinder Engine Gasoline Fuel,A/T,White,Gray,At Least 1 Accident Or Damage Reported,Yes,12000.0,5.3,8.0,18,0.1795,3518.0,0,1,0,1.2031
Bmw,M5 Base,2013,86000.0,Gasoline,560.0HP 4.4L 8 Cylinder Engine Gasoline Fuel,Transmission W/Dual Shift Mode,Blue,White,None Reported,Yes,32000.0,4.4,8.0,11,0.3721,7167.0,1,0,0,0.946
Hyundai,Kona N Base,2023,654.0,Gasoline,2.0L I4 16V GDI DOHC Turbo,8-Speed Automatic With Auto-Shift,Ultra Black,Black,None Reported,Yes,34599.0,2.0,,1,52.8229,327.0,0,0,0,0.0007
Chevrolet,Monte Carlo Ss,2005,75000.0,Gasoline,240.0HP 3.8L V6 Cylinder Engine Gasoline Fuel,A/T,Black,Black,None Reported,Yes,12500.0,3.8,6.0,19,0.1667,3750.0,0,0,0,1.425
Land,Rover Range Rover Evoque Pure,2015,84000.0,Gasoline,240.0HP 2.0L 4 Cylinder Engine Gasoline Fuel,9-Speed A/T,Beige,Black,At Least 1 Accident Or Damage Reported,Yes,22800.0,2.0,4.0,9,0.2714,8400.0,0,1,0,0.756
Audi,S7 4.0T Premium Plus,2017,52500.0,Gasoline,450.0HP 4.0L 8 Cylinder Engine Gasoline Fuel,Transmission W/Dual Shift Mode,Gray,Gray,None Reported,Yes,39999.0,4.0,8.0,7,0.7619,6562.0,1,0,0,0.3675
Gmc,Acadia Slt-1,2011,120000.0,Gasoline,288.0HP 3.6L V6 Cylinder Engine Gasoline Fuel,6-Speed A/T,Silver,Gray,None Reported,Yes,7500.0,3.6,6.0,13,0.0625,8571.0,0,0,0,1.56
Alfa,Romeo Stelvio Ti Sport,2020,18665.0,Gasoline,2.0L I4 16V GDI SOHC Turbo,8-Speed Automatic,Lunare White Metallic,Ice,None Reported,Yes,35645.0,2.0,,4,1.9096,3733.0,0,0,0,0.0747
Ferrari,Ff Base,2016,19987.0,Gasoline,651.0HP 6.3L 12 Cylinder Engine Gasoline Fuel,7-Speed A/T,Black,Brown,None Reported,Yes,149900.0,6.3,12.0,8,7.4995,2221.0,0,0,0,0.1599
Kia,K900 5.0L,2017,36486.0,Gasoline,420.0HP 5.0L 8 Cylinder Engine Gasoline Fuel,8-Speed A/T,Black,Beige,At Least 1 Accident Or Damage Reported,Yes,23950.0,5.0,8.0,7,0.6564,4561.0,0,1,0,0.2554
Ford,E150 Xlt,2013,162100.0,E85 Flex Fuel,255.0HP 5.4L 8 Cylinder Engine Flex Fuel Capability,4-Speed A/T,Black,Gray,None Reported,Yes,12500.0,5.4,8.0,11,0.0771,13508.0,0,0,0,1.7831
Tesla,Model 3 Performance,2022,13079.0,Gasoline,455.0HP Electric Motor Electric Fuel System,A/T,Black,White,None Reported,Yes,47000.0,,,2,3.5933,4360.0,0,0,0,0.0262
Toyota,4Runner Sr5,2022,28377.0,Gasoline,4.0L V6 24V MPFI DOHC,5-Speed Automatic,Silver,Gray,None Reported,Unknown,36999.0,4.0,,2,1.3038,9459.0,0,0,0,0.0568
Subaru,Forester Base,2020,32744.0,Gasoline,182.0HP 2.5L 4 Cylinder Engine Gasoline Fuel,Cvt Transmission,Black,Gray,None Reported,Yes,24000.0,2.5,4.0,4,0.7329,6549.0,0,0,0,0.131
Porsche,Panamera 2,2012,54000.0,Gasoline,300.0HP 3.6L V6 Cylinder Engine Gasoline Fuel,A/T,White,–,At Least 1 Accident Or Damage Reported,Yes,26000.0,3.6,6.0,12,0.4815,4154.0,1,1,0,0.648
Toyota,Tacoma Prerunner,2008,202055.0,Gasoline,236.0HP 4.0L V6 Cylinder Engine Gasoline Fuel,A/T,Silver,Gray,At Least 1 Accident Or Damage Reported,Yes,8500.0,4.0,6.0,16,0.0421,11886.0,0,1,0,3.2329
Ram,2500 Laramie,2019,65000.0,Diesel,370.0HP 6.7L Straight 6 Cylinder Engine Diesel Fuel,6-Speed A/T,Black,Black,None Reported,Yes,65000.0,6.7,6.0,5,1.0,10833.0,0,0,0,0.325
Kia,Sportage Nightfall,2022,9686.0,Gasoline,2.4L I4 16V GDI DOHC,6-Speed Automatic,Hyper Red,Black,None Reported,Yes,30990.0,2.4,,2,3.1991,3229.0,0,0,0,0.0194
Cadillac,Dts Base,2010,49620.0,Gasoline,275.0HP 4.6L 8 Cylinder Engine Gasoline Fuel,A/T,White,Gray,None Reported,Yes,10499.0,4.6,8.0,14,0.2116,3308.0,1,0,0,0.6947
Toyota,Land Cruiser Base,1997,213000.0,Gasoline,212.0HP 4.5L Straight 6 Cylinder Engine Gasoline Fuel,4-Speed A/T,White,Beige,None Reported,Yes,26500.0,4.5,6.0,27,0.1244,7607.0,0,0,0,5.751
Nissan,Gt-R Premium,2020,16010.0,Gasoline,565.0HP 3.8L V6 Cylinder Engine Gasoline Fuel,A/T,White,Black,None Reported,Yes,114000.0,3.8,6.0,4,7.1201,3202.0,0,0,0,0.064
Lexus,Nx 350 F Sport Handling,2023,820.0,Gasoline,2.4 Liter,8-Speed At,Black,Black,None Reported,Unknown,51998.0,,,1,63.335,410.0,1,0,0,0.0008
Audi,Q7 45 Premium Plus,2021,68000.0,Gasoline,248.0HP 2.0L 4 Cylinder Engine Gasoline Fuel,8-Speed A/T,Blue,Black,None Reported,Yes,36499.0,2.0,4.0,3,0.5367,17000.0,1,0,0,0.204
Lexus,Lx 470 Base,1999,82000.0,Gasoline,230.0HP 4.7L 8 Cylinder Engine Gasoline Fuel,A/T,White,Beige,None Reported,Yes,25000.0,4.7,8.0,25,0.3049,3154.0,1,0,0,2.05
Gmc,Terrain Sle,2022,27352.0,Gasoline,1.5L I4 16V GDI DOHC Turbo,9-Speed Automatic,Summit White,Jet Black,None Reported,Unknown,27785.0,1.5,,2,1.0158,9117.0,0,0,0,0.0547
Ford,Escape Limited,2012,129000.0,Gasoline,171.0HP 2.5L 4 Cylinder Engine Gasoline Fuel,A/T,White,Gray,At Least 1 Accident Or Damage Reported,Yes,7000.0,2.5,4.0,12,0.0543,9923.0,0,1,0,1.548
Lexus,Ls 460 L,2014,106731.0,Gasoline,360.0HP 4.6L 8 Cylinder Engine Gasoline Fuel,8-Speed A/T,White,Beige,At Least 1 Accident Or Damage Reported,Yes,30000.0,4.6,8.0,10,0.2811,9703.0,1,1,0,1.0673
Ford,Expedition Platinum,2019,34672.0,Gasoline,400.0HP 3.5L V6 Cylinder Engine Gasoline Fuel,10-Speed A/T,White,White,None Reported,Yes,45500.0,3.5,6.0,5,1.3123,5779.0,0,0,0,0.1734
Chevrolet,Malibu Ltz,2010,55900.0,Gasoline,252.0HP 3.6L V6 Cylinder Engine Gasoline Fuel,Transmission W/Dual Shift Mode,Beige,Beige,None Reported,Yes,8950.0,3.6,6.0,14,0.1601,3727.0,0,0,0,0.7826
Audi,Rs 7 4.0T Quattro,2023,3158.0,Gasoline,4.0L V8 32V GDI DOHC Twin Turbo,1-Speed Automatic,Daytona Gray Pearl Effect,Black / Express Red,None Reported,Unknown,128900.0,4.0,,1,40.8041,1579.0,1,0,0,0.0032
Audi,A5 2.0T Premium Plus,2015,82000.0,Gasoline,220.0HP 2.0L 4 Cylinder Engine Gasoline Fuel,8-Speed A/T,White,Brown,None Reported,Yes,17000.0,2.0,4.0,9,0.2073,8200.0,1,0,0,0.738
Genesis,G70 2.0T,2023,4785.0,Gasoline,2.0L I4 16V GDI DOHC Turbo,Automatic,Vik Black,Obsidian Black,None Reported,Yes,42850.0,2.0,,1,8.9532,2392.0,1,0,0,0.0048
Chevrolet,Trailblazer Ls,2021,20497.0,Gasoline,1.3L I3 12V GDI DOHC Turbo,9-Speed Automatic,Pacific Blue Metallic,Black,None Reported,Unknown,22999.0,1.3,,3,1.122,5124.0,0,0,0,0.0615
Scion,Tc Base,2013,177600.0,Gasoline,180.0HP 2.5L 4 Cylinder Engine Gasoline Fuel,6-Speed A/T,Silver,Black,At Least 1 Accident Or Damage Reported,Yes,7100.0,2.5,4.0,11,0.04,14800.0,0,1,0,1.9536
Lincoln,Mkz Hybrid Base,2014,78568.0,Hybrid,188.0HP 2.0L 4 Cylinder Engine Gas/Electric Hybrid,A/T,Blue,Beige,None Reported,Yes,15500.0,2.0,4.0,10,0.1973,7143.0,1,0,1,0.7857
Ford,Transit-350 Xl,2018,95000.0,E85 Flex Fuel,275.0HP 3.7L V6 Cylinder Engine Flex Fuel Capability,A/T,White,Gray,None Reported,Yes,43000.0,3.7,6.0,6,0.4526,13571.0,0,0,0,0.57
Ford,Explorer Timberline,2021,25240.0,Gasoline,2.3L I4 16V GDI DOHC Turbo,10-Speed Automatic,Gray,Ebony,At Least 1 Accident Or Damage Reported,Unknown,39951.0,2.3,,3,1.5828,6310.0,0,1,0,0.0757
Volvo,Xc90 3.2,2011,88300.0,Gasoline,235.0HP 3.2L Straight 6 Cylinder Engine Gasoline Fuel,A/T,Blue,Beige,At Least 1 Accident Or Damage Reported,Yes,11500.0,3.2,6.0,13,0.1302,6307.0,0,1,0,1.1479
Chevrolet,Avalanche Ltz,2013,98000.0,E85 Flex Fuel,320.0HP 5.3L 8 Cylinder Engine Flex Fuel Capability,6-Speed A/T,Silver,Black,At Least 1 Accident Or Damage Reported,Yes,27499.0,5.3,8.0,11,0.2806,8167.0,0,1,0,1.078
Audi,Tt Rs 2.5T,2018,20675.0,Gasoline,400.0HP 2.5L 5 Cylinder Engine Gasoline Fuel,Transmission W/Dual Shift Mode,Gray,Gray,None Reported,Yes,76000.0,2.5,5.0,6,3.6758,2954.0,1,0,0,0.124
Lincoln,Navigator L,2008,95000.0,Gasoline,300.0HP 5.4L 8 Cylinder Engine Gasoline Fuel,A/T,Black,Black,None Reported,Yes,10900.0,5.4,8.0,16,0.1147,5588.0,1,0,0,1.52
Hyundai,Elantra Gls,2010,107000.0,Gasoline,138.0HP 2.0L 4 Cylinder Engine Gasoline Fuel,4-Speed A/T,Blue,Blue,At Least 1 Accident Or Damage Reported,Yes,6250.0,2.0,4.0,14,0.0584,7133.0,0,1,0,1.498
Audi,Sq5 3.0T Premium Plus,2016,60000.0,Gasoline,354.0HP 3.0L V6 Cylinder Engine Gasoline Fuel,Transmission W/Dual Shift Mode,Black,Black,At Least 1 Accident Or Damage Reported,Yes,24700.0,3.0,6.0,8,0.4117,6667.0,1,1,0,0.48
Mitsubishi,Lancer Evolution Gsr,2012,33000.0,Gasoline,291.0HP 2.0L 4 Cylinder Engine Gasoline Fuel,5-Speed M/T,Black,Black,None Reported,Yes,34999.0,2.0,4.0,12,1.0605,2538.0,0,0,0,0.396
Tesla,Model Y Performance,2023,500.0,Gasoline,455.0HP Electric Motor Electric Fuel System,1-Speed A/T,Black,White,None Reported,Yes,60000.0,,,1,119.7605,250.0,0,0,0,0.0005
Mercedes-Benz,Maybach S S 600,2016,108500.0,Gasoline,523.0HP 6.0L 12 Cylinder Engine Gasoline Fuel,7-Speed A/T,White,Beige,None Reported,Yes,63500.0,6.0,12.0,8,0.5852,12056.0,1,0,0,0.868
Nissan,Gt-R Premium,2017,37800.0,Gasoline,565.0HP 3.8L V6 Cylinder Engine Gasoline Fuel,Transmission W/Dual Shift Mode,Orange,Orange,None Reported,Yes,149500.0,3.8,6.0,7,3.9549,4725.0,0,0,0,0.2646
Mercedes-Benz,Gls 550 Base 4Matic,2018,74422.0,Gasoline,4.7 Liter Twin Turbo,Automatic,Obsidian Black Metallic,Gray,None Reported,Unknown,44798.0,,,6,0.6019,10632.0,1,0,0,0.4465
Chevrolet,Blazer Premier,2019,55621.0,Gasoline,3.6L V6 24V GDI DOHC,9-Speed Automatic,Silver Ice Metallic,Jet Black,None Reported,Unknown,34562.0,3.6,,5,0.6214,9270.0,0,0,0,0.2781
Mazda,Cx-9 Grand Touring,2021,46707.0,Gasoline,2.5L I4 16V GDI DOHC Turbo,6-Speed Automatic,Sonic Silver Metallic,Black,At Least 1 Accident Or Damage Reported,Yes,32541.0,2.5,,3,0.6967,11677.0,0,1,0,0.1401
Ford,Expedition Max Limited,2022,26500.0,Gasoline,440.0HP 3.5L V6 Cylinder Engine Gasoline Fuel,A/T,White,Beige,None Reported,Yes,65900.0,3.5,6.0,2,2.4867,8833.0,0,0,0,0.053
Nissan,Titan Xd Sv,2020,10001.0,Gasoline,5.6L V8 32V GDI DOHC,9-Speed Automatic,Black,Black,None Reported,Yes,47214.0,5.6,,4,4.7205,2000.0,0,0,0,0.04
Lexus,Lx 570 Three-Row,2019,19050.0,Gasoline,383.0HP 5.7L 8 Cylinder Engine Gasoline Fuel,8-Speed A/T,Black,Beige,None Reported,Yes,76900.0,5.7,8.0,5,4.0365,3175.0,1,0,0,0.0952
Chevrolet,Traverse Premier,2020,52000.0,Gasoline,310.0HP 3.6L V6 Cylinder Engine Gasoline Fuel,A/T,White,Black,None Reported,Yes,35800.0,3.6,6.0,4,0.6884,10400.0,0,0,0,0.208
Mercedes-Benz,Sprinter High Roof,2014,65000.0,Diesel,188.0HP 3.0L V6 Cylinder Engine Diesel Fuel,7-Speed A/T,Black,Black,At Least 1 Accident Or Damage Reported,Yes,54999.0,3.0,6.0,10,0.8461,5909.0,1,1,0,0.65
Bmw,X5 3.0I,2004,140000.0,Gasoline,225.0HP 3.0L Straight 6 Cylinder Engine Gasoline Fuel,Transmission W/Dual Shift Mode,Black,Beige,None Reported,Yes,6730.0,3.0,6.0,20,0.0481,6667.0,1,0,0,2.8
Ford,Fusion Se,2018,75600.0,Gasoline,181.0HP 1.5L 4 Cylinder Engine Gasoline Fuel,A/T,Blue,Black,At Least 1 Accident Or Damage Reported,Yes,14950.0,1.5,4.0,6,0.1977,10800.0,0,1,0,0.4536
Lincoln,Mkz Base,2015,117292.0,Gasoline,240.0HP 2.0L 4 Cylinder Engine Gasoline Fuel,A/T,Beige,Beige,None Reported,Yes,12000.0,2.0,4.0,9,0.1023,11729.0,1,0,0,1.0556
Genesis,G90 5.0 Ultimate,2017,26000.0,Gasoline,420.0HP 5.0L 8 Cylinder Engine Gasoline Fuel,Transmission W/Dual Shift Mode,White,Beige,None Reported,Yes,33600.0,5.0,8.0,7,1.2923,3250.0,1,0,0,0.182
Lexus,Lc 500 Base,2022,2071.0,Gasoline,5.0L V8 32V PDI DOHC,Automatic,Nightfall Mica,Caramel,None Reported,Unknown,99950.0,5.0,,2,48.2384,690.0,1,0,0,0.0041
Ford,Shelby Gt500 Base,2014,15629.0,Gasoline,5.8L V8 32V MPFI DOHC Supercharged,6-Speed Manual,Black,Black,None Reported,Unknown,61900.0,5.8,,10,3.9603,1421.0,0,0,0,0.1563
Saturn,Sky Base,2008,15020.0,Gasoline,173.0HP 2.4L 4 Cylinder Engine Gasoline Fuel,A/T,Silver,Red,None Reported,Yes,18500.0,2.4,4.0,16,1.2316,884.0,0,0,0,0.2403
Audi,Rs Q8 4.0T Quattro,2022,11322.0,Gasoline,4.0L V8 32V GDI DOHC Twin Turbo,8-Speed Automatic,Daytona Gray Pearl Effect,Black / Express Red,None Reported,Unknown,119900.0,4.0,,2,10.5891,3774.0,1,0,0,0.0226
Toyota,Land Cruiser,2016,50361.0,Gasoline,5.7 Liter,Automatic,Silver,Black,None Reported,Unknown,65998.0,,,8,1.3105,5596.0,0,0,0,0.4029
Mercedes-Benz,Sl-Class Sl 550,2013,115000.0,Gasoline,429.0HP 4.6L 8 Cylinder Engine Gasoline Fuel,Transmission W/Dual Shift Mode,Black,Black,At Least 1 Accident Or Damage Reported,Yes,36000.0,4.6,8.0,11,0.313,9583.0,1,1,0,1.265
Porsche,911 Carrera C2S,2005,28500.0,Gasoline,355.0HP 3.8L Flat 6 Cylinder Engine Gasoline Fuel,6-Speed M/T,Silver,Black,None Reported,Yes,63500.0,3.8,6.0,19,2.228,1425.0,1,0,0,0.5415
Mercedes-Benz,Amg Gla 45 Base 4Matic,2018,51700.0,Gasoline,375.0HP 2.0L 4 Cylinder Engine Gasoline Fuel,Transmission W/Dual Shift Mode,White,Black,None Reported,Yes,32000.0,2.0,4.0,6,0.6189,7386.0,1,0,0,0.3102
Ford,Taurus X Limited,2008,148949.0,Gasoline,263.0HP 3.5L V6 Cylinder Engine Gasoline Fuel,A/T,Blue,Beige,None Reported,Yes,3900.0,3.5,6.0,16,0.0262,8762.0,0,0,0,2.3832
Bmw,440 Gran Coupe I,2018,39300.0,Gasoline,320.0HP 3.0L Straight 6 Cylinder Engine Gasoline Fuel,8-Speed A/T,White,Beige,At Least 1 Accident Or Damage Reported,Yes,31750.0,3.0,6.0,6,0.8079,5614.0,1,1,0,0.2358
Honda,S2000 Cr,2008,82323.0,Gasoline,237.0HP 2.2L 4 Cylinder Engine Gasoline Fuel,6-Speed M/T,Black,Black,None Reported,Yes,28500.0,2.2,4.0,16,0.3462,4843.0,0,0,0,1.3172
Acura,Integra W/A-Spec Tech Package,2023,3574.0,Gasoline,1.5 Liter Turbo,Variable,Apex Blue,Orchid,None Reported,Unknown,34998.0,,,1,9.7897,1787.0,0,0,0,0.0036
Ford,Excursion Limited,2001,109357.0,Gasoline,310.0HP 6.8L 10 Cylinder Engine Gasoline Fuel,A/T,Green,Beige,None Reported,Yes,12749.0,6.8,10.0,23,0.1166,4557.0,0,0,0,2.5152
Mercedes-Benz,Sl-Class Sl500 Roadster,2004,46000.0,Gasoline,302.0HP 5.0L 8 Cylinder Engine Gasoline Fuel,A/T,White,Gray,None Reported,Yes,18853.0,5.0,8.0,20,0.4098,2190.0,1,0,0,0.92
Mercedes-Benz,Cls-Class Cls 550,2007,123112.0,Gasoline,382.0HP 5.5L 8 Cylinder Engine Gasoline Fuel,A/T,Silver,Black,At Least 1 Accident Or Damage Reported,Yes,104999.0,5.5,8.0,17,0.8529,6840.0,1,1,0,2.0929
Infiniti,G35 Sport,2007,37100.0,Gasoline,306.0HP 3.5L V6 Cylinder Engine Gasoline Fuel,6-Speed M/T,Gray,Black,None Reported,Yes,16900.0,3.5,6.0,17,0.4555,2061.0,0,0,0,0.6307
Volkswagen,Golf Gti 2.0T S 4-Door,2016,89000.0,Gasoline,210.0HP 2.0L 4 Cylinder Engine Gasoline Fuel,6-Speed M/T,Silver,Black,None Reported,Yes,14500.0,2.0,4.0,8,0.1629,9889.0,0,0,0,0.712
Dodge,Challenger R/T Scat Pack,2022,1240.0,Gasoline,6.4L V8 16V MPFI OHV,8-Speed Automatic,Go Mango!,Black,None Reported,Unknown,53900.0,6.4,,2,43.4327,413.0,0,0,0,0.0025
Lincoln,Navigator L Reserve,2019,67073.0,Gasoline,450.0HP 3.5L V6 Cylinder Engine Gasoline Fuel,10-Speed A/T,Black,Black,At Least 1 Accident Or Damage Reported,Yes,47999.0,3.5,6.0,5,0.7156,11179.0,1,1,0,0.3354
Maserati,Ghibli S Q4,2015,28700.0,Gasoline,404.0HP 3.0L V6 Cylinder Engine Gasoline Fuel,8-Speed A/T,White,Red,Unknown,Unknown,24900.0,3.0,6.0,9,0.8676,2870.0,0,0,0,0.2583
Tesla,Model X Base,2023,8200.0,Gasoline,670.0HP Electric Motor Electric Fuel System,A/T,Black,Black,None Reported,Yes,93999.0,,,1,11.4619,4100.0,0,0,0,0.0082
Mercedes-Benz,Amg G 63 Base,2018,41000.0,Gasoline,563.0HP 5.5L 8 Cylinder Engine Gasoline Fuel,Transmission W/Dual Shift Mode,Gray,Black,None Reported,Yes,108900.0,5.5,8.0,6,2.656,5857.0,1,0,0,0.246
Ford,Expedition Limited,2018,98995.0,Gasoline,3.5 Liter GTDI,Automatic,Ingot Silver Metallic,Ebony,None Reported,Unknown,34998.0,,,6,0.3535,14142.0,0,0,0,0.594
Volkswagen,Routan Se,2012,123815.0,Gasoline,283.0HP 3.6L V6 Cylinder Engine Gasoline Fuel,6-Speed A/T,Black,Gray,None Reported,Yes,5000.0,3.6,6.0,12,0.0404,9524.0,0,0,0,1.4858
Toyota,Highlander Xle,2020,61341.0,Gasoline,3.5L V6 24V PDI DOHC,8-Speed Automatic,Midnight Black Metallic,Black,At Least 1 Accident Or Damage Reported,Unknown,34084.0,3.5,,4,0.5556,12268.0,0,1,0,0.2454
Honda,Civic Lx,2016,96473.0,Gasoline,2.0L I4 16V MPFI DOHC,Automatic Cvt,Black,Black,None Reported,Unknown,15599.0,2.0,,8,0.1617,10719.0,0,0,0,0.7718
Jeep,Wrangler Unlimited Sahara,2017,66107.0,Gasoline,3.6L V6 24V MPFI DOHC,5-Speed Automatic,Black Clearcoat,Black,None Reported,Unknown,31331.0,3.6,,7,0.4739,8263.0,0,0,0,0.4627
Land,Rover Range Rover Supercharged,2008,114287.0,Gasoline,400.0HP 4.2L 8 Cylinder Engine Gasoline Fuel,6-Speed A/T,Black,Black,None Reported,Yes,9900.0,4.2,8.0,16,0.0866,6723.0,0,0,0,1.8286
Acura,Ilx 2.0L W/Premium Package,2015,75000.0,Gasoline,150.0HP 2.0L 4 Cylinder Engine Gasoline Fuel,5-Speed A/T,Gold,Beige,None Reported,Yes,14500.0,2.0,4.0,9,0.1933,7500.0,0,0,0,0.675
Bmw,M6 Base,2016,45800.0,Gasoline,560.0HP 4.4L 8 Cylinder Engine Gasoline Fuel,7-Speed A/T,Gold,Black,Unknown,Unknown,36800.0,4.4,8.0,8,0.8035,5089.0,1,0,0,0.3664
Polestar,2 Launch Edition,2021,12172.0,Gasoline,Electric,1-Speed Automatic,Thunder Gray,Charcoal,None Reported,Unknown,35999.0,,,3,2.9573,3043.0,0,0,0,0.0365
Bmw,X6 Sdrive35I,2016,70582.0,Gasoline,300.0HP 3.0L Straight 6 Cylinder Engine Gasoline Fuel,8-Speed A/T,Black,White,At Least 1 Accident Or Damage Reported,Yes,35000.0,3.0,6.0,8,0.4959,7842.0,1,1,0,0.5647
Porsche,Cayman S,2014,33088.0,Gasoline,325.0HP 3.4L Flat 6 Cylinder Engine Gasoline Fuel,7-Speed A/T,Black,Black,None Reported,Yes,49750.0,3.4,6.0,10,1.5035,3008.0,1,0,0,0.3309
Lincoln,Corsair Grand Touring,2021,1850.0,Plug-In Hybrid,266.0HP 2.5L 4 Cylinder Engine Plug-In Electric/Gas,Cvt Transmission,Silver,Beige,None Reported,Yes,49000.0,2.5,4.0,3,26.4722,462.0,1,0,1,0.0056
Cadillac,Dts Luxury Ii,2008,94155.0,Gasoline,275.0HP 4.6L 8 Cylinder Engine Gasoline Fuel,4-Speed A/T,White,Beige,None Reported,Yes,10500.0,4.6,8.0,16,0.1115,5539.0,1,0,0,1.5065
Cadillac,Ats 3.6L Luxury,2016,25000.0,Gasoline,335.0HP 3.6L V6 Cylinder Engine Gasoline Fuel,8-Speed A/T,Red,Beige,None Reported,Yes,17999.0,3.6,6.0,8,0.7199,2778.0,1,0,0,0.2
Gmc,Sierra 1500 Slt,2016,99500.0,Gasoline,355.0HP 5.3L 8 Cylinder Engine Gasoline Fuel,8-Speed A/T,Gray,Black,None Reported,Yes,27995.0,5.3,8.0,8,0.2814,11056.0,0,0,0,0.796
Infiniti,G37 X,2009,158564.0,Gasoline,328.0HP 3.7L V6 Cylinder Engine Gasoline Fuel,A/T,Blue,Beige,None Reported,Yes,8750.0,3.7,6.0,15,0.0552,9910.0,0,0,0,2.3785
Ford,Transit-350 Xlt,2023,20000.0,Gasoline,310.0HP 3.5L V6 Cylinder Engine Gasoline Fuel,10-Speed A/T,Black,Black,None Reported,Yes,78499.0,3.5,6.0,1,3.9248,10000.0,0,0,0,0.02
Cadillac,Xts Luxury,2018,46711.0,Gasoline,304.0HP 3.6L V6 Cylinder Engine Gasoline Fuel,6-Speed A/T,Silver,Black,At Least 1 Accident Or Damage Reported,Yes,20850.0,3.6,6.0,6,0.4464,6673.0,1,1,0,0.2803
Nissan,Nv Passenger Nv3500 Hd Sl V8,2017,46496.0,Gasoline,375.0HP 5.6L 8 Cylinder Engine Gasoline Fuel,A/T,Black,Gray,None Reported,Yes,41000.0,5.6,8.0,7,0.8818,5812.0,0,0,0,0.3255
Mercedes-Benz,Gls 450 Base 4Matic,2019,19800.0,Gasoline,362.0HP 3.0L V6 Cylinder Engine Gasoline Fuel,9-Speed A/T,Silver,Black,None Reported,Yes,53800.0,3.0,6.0,5,2.717,3300.0,1,0,0,0.099
Toyota,Land Cruiser Base,2008,175000.0,Gasoline,381.0HP 5.7L 8 Cylinder Engine Gasoline Fuel,6-Speed A/T,Black,Beige,At Least 1 Accident Or Damage Reported,Yes,37900.0,5.7,8.0,16,0.2166,10294.0,0,1,0,2.8
Toyota,Land Cruiser Base,2016,61500.0,Gasoline,381.0HP 5.7L 8 Cylinder Engine Gasoline Fuel,8-Speed A/T,White,Black,None Reported,Yes,63500.0,5.7,8.0,8,1.0325,6833.0,0,0,0,0.492
Ram,Promaster 2500 Window Van High Roof,2016,49750.0,Gasoline,280.0HP 3.6L V6 Cylinder Engine Gasoline Fuel,6-Speed A/T,Black,Gray,None Reported,Yes,65000.0,3.6,6.0,8,1.3065,5528.0,0,0,0,0.398
Lamborghini,Gallardo Base,2007,38800.0,Gasoline,493.0HP 5.0L 10 Cylinder Engine Gasoline Fuel,Transmission W/Dual Shift Mode,Orange,Orange,None Reported,Yes,100000.0,5.0,10.0,17,2.5773,2156.0,0,0,0,0.6596
Lincoln,Mkz Base,2011,83765.0,Gasoline,263.0HP 3.5L V6 Cylinder Engine Gasoline Fuel,A/T,Black,Black,None Reported,Yes,8995.0,3.5,6.0,13,0.1074,5983.0,1,0,0,1.0889
Mercedes-Benz,Eqs 450 4Matic,2023,7388.0,Gasoline,355.0HP Electric Motor Electric Fuel System,1-Speed A/T,Gray,Beige,None Reported,Yes,105500.0,,,1,14.278,3694.0,1,0,0,0.0074
Alfa,Romeo Giulia Quadrifoglio,2022,1966.0,Gasoline,2.9L V6 24V GDI DOHC Twin Turbo,8-Speed Automatic,Verde,Black,None Reported,Unknown,75900.0,2.9,,2,38.5867,655.0,0,0,0,0.0039
Chevrolet,Trailblazer Lt,2021,50648.0,Gasoline,1.2L I3 12V GDI DOHC Turbo,Automatic Cvt,Pacific Blue Metallic,Jet Black,None Reported,Unknown,23995.0,1.2,,3,0.4738,12662.0,0,0,0,0.1519
Toyota,Land Cruiser Base,1993,223089.60000000012,–,–,A/T,White,Gray,None Reported,Yes,29500.0,,,31,0.1322,6972.0,0,0,0,6.9158
Infiniti,G37 X,2013,60058.0,Gasoline,328.0HP 3.7L V6 Cylinder Engine Gasoline Fuel,A/T,White,Beige,At Least 1 Accident Or Damage Reported,Yes,15000.0,3.7,6.0,11,0.2498,5005.0,0,1,0,0.6606
Maserati,Levante S,2017,54423.0,Gasoline,424.0HP 3.0L V6 Cylinder Engine Gasoline Fuel,8-Speed A/T,Black,Black,None Reported,Yes,33950.0,3.0,6.0,7,0.6238,6803.0,0,0,0,0.381
Toyota,Highlander Limited,2022,24001.0,Gasoline,3.5L V6 24V PDI DOHC,8-Speed Automatic,Wind Chill Pearl,Graphite,None Reported,Unknown,47498.0,3.5,,2,1.9789,8000.0,0,0,0,0.048
Nissan,Armada Sl,2022,14735.0,Gasoline,5.6 Liter,Automatic,White,Black,None Reported,Unknown,50998.0,,,2,3.4608,4912.0,0,0,0,0.0295
Audi,Q5 Premium,2023,2425.0,Hybrid,2.0 Liter TFSI,Automatic,Mythos Black,–,None Reported,Unknown,42998.0,,,1,17.7238,1212.0,1,0,1,0.0024
Ford,Shelby Gt500 Base,2022,2050.0,Gasoline,760.0HP 5.2L 8 Cylinder Engine Gasoline Fuel,Transmission W/Dual Shift Mode,Gray,Black,None Reported,Yes,94999.0,5.2,8.0,2,46.3184,683.0,0,0,0,0.0041
Lincoln,Navigator L Reserve,2019,64855.0,Gasoline,450.0HP 3.5L V6 Cylinder Engine Gasoline Fuel,10-Speed A/T,Silver,Beige,None Reported,Yes,46995.0,3.5,6.0,5,0.7246,10809.0,1,0,0,0.3243
Mercedes-Benz,Eqs 450+ Base,2022,16238.0,Gasoline,329.0HP Electric Motor Electric Fuel System,1-Speed A/T,White,Beige,None Reported,Yes,62479.0,,,2,3.8475,5413.0,1,0,0,0.0325
Ram,1500 Laramie,2022,18051.0,Gasoline,5.7L V8 16V MPFI OHV,Automatic,Patriot Blue Pearlcoat,Black,None Reported,Yes,47995.0,5.7,,2,2.6587,6017.0,0,0,0,0.0361
Lincoln,Town Car Base,2004,36524.0,Gasoline,239.0HP 4.6L 8 Cylinder Engine Gasoline Fuel,4-Speed A/T,Black,Black,None Reported,Yes,14900.0,4.6,8.0,20,0.4079,1739.0,1,0,0,0.7305
Acura,Tlx W/A-Spec Package,2022,14896.0,Gasoline,2.0 Liter DOHC Turbo,2,Lunar Silver Metallic,Ebony,None Reported,Unknown,39998.0,,,2,2.685,4965.0,0,0,0,0.0298
Toyota,Camry Hybrid Le,2022,14048.0,Hybrid,2.5L I4 16V PDI DOHC Hybrid,Automatic Cvt,Black,Black,None Reported,Unknown,29999.0,2.5,,2,2.1353,4683.0,0,0,1,0.0281
Honda,Cr-V Ex,2003,223089.60000000012,Gasoline,160.0HP 2.4L 4 Cylinder Engine Gasoline Fuel,M/T,Black,Gray,None Reported,Yes,3900.0,2.4,4.0,21,0.0175,10140.0,0,0,0,4.6849
Mercedes-Benz,E-Class E 550,2014,80581.0,Gasoline,402.0HP 4.7L 8 Cylinder Engine Gasoline Fuel,Transmission W/Dual Shift Mode,Gray,Beige,None Reported,Yes,26000.0,4.7,8.0,10,0.3227,7326.0,1,0,0,0.8058
Mazda,Mx-5 Miata Grand Touring,2007,81400.0,Gasoline,166.0HP 2.0L 4 Cylinder Engine Gasoline Fuel,6-Speed M/T,Red,–,At Least 1 Accident Or Damage Reported,Yes,11000.0,2.0,4.0,17,0.1351,4522.0,0,1,0,1.3838
Porsche,718 Boxster Base,2019,6700.0,Gasoline,300.0HP 2.0L 4 Cylinder Engine Gasoline Fuel,7-Speed A/T,Gray,Black,None Reported,Yes,63000.0,2.0,4.0,5,9.4016,1117.0,1,0,0,0.0335
Ford,Transit-350 Xlt,2015,143000.0,Gasoline,275.0HP 3.7L V6 Cylinder Engine Gasoline Fuel,6-Speed A/T,Silver,Gray,None Reported,Yes,22500.0,3.7,6.0,9,0.1573,14300.0,0,0,0,1.287
Kia,Sportage Sx Turbo,2017,87842.0,Gasoline,2.0L I4 16V GDI DOHC Turbo,6-Speed Automatic,Black Cherry,Black,None Reported,Yes,18688.0,2.0,,7,0.2127,10980.0,0,0,0,0.6149
Infiniti,G37 S Sport,2010,116451.0,Gasoline,328.0HP 3.7L V6 Cylinder Engine Gasoline Fuel,6-Speed M/T,White,Gray,None Reported,Yes,16500.0,3.7,6.0,14,0.1417,7763.0,0,0,0,1.6303
Nissan,Titan Xd S,2019,53677.0,Gasoline,390.0HP 5.6L 8 Cylinder Engine Gasoline Fuel,7-Speed A/T,Red,Gray,None Reported,Yes,27900.0,5.6,8.0,5,0.5198,8946.0,0,0,0,0.2684
Audi,S7 2.9T Prestige,2021,12000.0,Hybrid,444.0HP 2.9L V6 Cylinder Engine Gasoline/Mild Electric Hybrid,8-Speed A/T,Gray,Black,None Reported,Yes,77500.0,2.9,6.0,3,6.4578,3000.0,1,0,1,0.036
Land,Rover Discovery Hse,2019,20034.0,Gasoline,3.0 Liter,Automatic,Yulong White,Tan/Ebony,None Reported,Unknown,43998.0,,,5,2.1961,3339.0,0,0,0,0.1002
Ford,Transit-350 Xlt,2020,32000.0,Diesel,210.0HP 2.0L 4 Cylinder Engine Diesel Fuel,A/T,Black,Black,None Reported,Yes,68000.0,2.0,4.0,4,2.1249,6400.0,0,0,0,0.128
Infiniti,Q70 3.7,2014,70312.0,Gasoline,330.0HP 3.7L V6 Cylinder Engine Gasoline Fuel,7-Speed A/T,Black,Black,None Reported,Yes,19995.0,3.7,6.0,10,0.2844,6392.0,0,0,0,0.7031
Jeep,Gladiator Rubicon,2022,8794.0,Gasoline,285.0HP 3.6L V6 Cylinder Engine Gasoline Fuel,A/T,White,Black,None Reported,Yes,54000.0,3.6,6.0,2,6.1399,2931.0,0,0,0,0.0176
Lincoln,Mkx Base,2010,156000.0,Gasoline,265.0HP 3.5L V6 Cylinder Engine Gasoline Fuel,6-Speed A/T,Black,Black,At Least 1 Accident Or Damage Reported,Yes,5900.0,3.5,6.0,14,0.0378,10400.0,1,1,0,2.184
Porsche,911 Carrera 4S,2020,25568.0,Gasoline,3.0L H6 24V GDI DOHC Twin Turbo,7-Speed Manual,Red,Black,None Reported,Yes,134999.0,3.0,,4,5.2798,5114.0,1,0,0,0.1023
Mercedes-Benz,Amg C 43 Base 4Matic,2018,67100.0,Gasoline,362.0HP 3.0L V6 Cylinder Engine Gasoline Fuel,Transmission W/Dual Shift Mode,Gray,Black,At Least 1 Accident Or Damage Reported,Yes,34250.0,3.0,6.0,6,0.5104,9586.0,1,1,0,0.4026
Porsche,Cayman Base,2014,52000.0,Gasoline,275.0HP 2.7L Flat 6 Cylinder Engine Gasoline Fuel,Transmission W/Dual Shift Mode,Blue,Beige,At Least 1 Accident Or Damage Reported,Yes,37000.0,2.7,6.0,10,0.7115,4727.0,1,1,0,0.52
Acura,Mdx 3.7L Advance,2011,137200.0,Gasoline,300.0HP 3.7L V6 Cylinder Engine Gasoline Fuel,Transmission W/Dual Shift Mode,White,Gray,None Reported,Yes,12000.0,3.7,6.0,13,0.0875,9800.0,0,0,0,1.7836
Volkswagen,Golf R 4-Door W/Dcc & Navigation,2018,36000.0,Gasoline,292.0HP 2.0L 4 Cylinder Engine Gasoline Fuel,7-Speed A/T,White,Black,At Least 1 Accident Or Damage Reported,Yes,32000.0,2.0,4.0,6,0.8889,5143.0,0,1,0,0.216
Kia,Forte Gt-Line,2023,15500.0,Gasoline,147.0HP 2.0L 4 Cylinder Engine Gasoline Fuel,Cvt Transmission,White,Black,At Least 1 Accident Or Damage Reported,Yes,24500.0,2.0,4.0,1,1.5805,7750.0,0,1,0,0.0155
Bmw,M8 Competition,2020,10906.0,Gasoline,4.4 Liter Twin Turbo,Automatic,Donington Grey Metallic,Black,None Reported,Unknown,96998.0,,,4,8.8932,2181.0,1,0,0,0.0436
Lincoln,Mkc Select,2019,49814.0,Gasoline,2.0L I4 16V GDI DOHC Turbo,6-Speed Automatic,Ruby Red Metallic Tinted Clearcoat,Cappuccino,None Reported,Unknown,26545.0,2.0,,5,0.5329,8302.0,1,0,0,0.2491
Bmw,I8 Base,2015,846.0,Plug-In Hybrid,357.0HP 1.5L 3 Cylinder Engine Plug-In Electric/Gas,A/T,White,White,None Reported,Yes,86999.0,1.5,3.0,9,102.7143,85.0,1,0,1,0.0076
Toyota,Highlander Xle,2021,67039.0,Gasoline,3.5L V6 24V PDI DOHC,8-Speed Automatic,Blue,Black,None Reported,Unknown,34645.0,3.5,,3,0.5168,16760.0,0,0,0,0.2011
Mazda,Cx-30 Premium Package,2023,2636.0,Gasoline,2.5L I4 16V,6-Speed Automatic,Platinum Quartz Metallic,Black,None Reported,Unknown,28535.0,2.5,,1,10.821,1318.0,0,0,0,0.0026
Porsche,Cayenne Platinum Edition,2018,50166.0,Gasoline,3.6L V6 24V GDI DOHC,8-Speed Automatic,White,Black,At Least 1 Accident Or Damage Reported,Yes,43550.0,3.6,,6,0.8681,7167.0,1,1,0,0.301
Lincoln,Mkz Reserve,2017,37375.0,Gasoline,400.0HP 3.0L V6 Cylinder Engine Gasoline Fuel,6-Speed A/T,Blue,Brown,None Reported,Yes,27500.0,3.0,6.0,7,0.7358,4672.0,1,0,0,0.2616
Tesla,Model 3 Standard Range Plus,2021,21600.0,Gasoline,271.0HP Electric Motor Electric Fuel System,A/T,White,Black,None Reported,Yes,31000.0,,,3,1.4351,5400.0,0,0,0,0.0648
Porsche,718 Cayman S,2019,9500.0,Gasoline,350.0HP 2.5L 4 Cylinder Engine Gasoline Fuel,7-Speed A/T,Red,Black,At Least 1 Accident Or Damage Reported,Yes,69000.0,2.5,4.0,5,7.2624,1583.0,1,1,0,0.0475
Chevrolet,Corvette Base,2005,143095.0,Gasoline,400.0HP 6.0L 8 Cylinder Engine Gasoline Fuel,4-Speed A/T,Red,Black,None Reported,Yes,16000.0,6.0,8.0,19,0.1118,7155.0,0,0,0,2.7188
Acura,Rsx Type S,2002,80000.0,Gasoline,200.0HP 2.0L 4 Cylinder Engine Gasoline Fuel,6-Speed M/T,Beige,Beige,At Least 1 Accident Or Damage Reported,Yes,8500.0,2.0,4.0,22,0.1062,3478.0,0,1,0,1.76
Porsche,Cayman S,2007,5856.0,Gasoline,295.0HP 3.4L Flat 6 Cylinder Engine Gasoline Fuel,6-Speed M/T,Black,Black,None Reported,Yes,45000.0,3.4,6.0,17,7.6831,325.0,1,0,0,0.0996
Audi,Sq7 4.0T,2022,28927.0,Gasoline,4.0L V8 32V GDI DOHC Twin Turbo,Automatic,Matador Red Metallic,Black,None Reported,Unknown,74900.0,4.0,,2,2.5892,9642.0,1,0,0,0.0579
Mercedes-Benz,Amg Gls 63 4Matic,2022,4102.0,Hybrid,603.0HP 4.0L 8 Cylinder Engine Gasoline/Mild Electric Hybrid,9-Speed A/T,Black,Black,None Reported,Yes,144664.0,4.0,8.0,2,35.2581,1367.0,1,0,1,0.0082
Honda,Ridgeline Rtl-E,2021,14442.0,Gasoline,280.0HP 3.5L V6 Cylinder Engine Gasoline Fuel,9-Speed A/T,White,Beige,None Reported,Yes,38500.0,3.5,6.0,3,2.6657,3610.0,0,0,0,0.0433
Mercedes-Benz,Clk-Class 500 Cabriolet,2005,64000.0,Gasoline,302.0HP 5.0L 8 Cylinder Engine Gasoline Fuel,7-Speed A/T,Silver,Black,None Reported,Yes,12995.0,5.0,8.0,19,0.203,3200.0,1,0,0,1.216
Lexus,Gx 470 Base,2004,154000.0,Gasoline,235.0HP 4.7L 8 Cylinder Engine Gasoline Fuel,A/T,White,Beige,At Least 1 Accident Or Damage Reported,Yes,10000.0,4.7,8.0,20,0.0649,7333.0,1,1,0,3.08
Lexus,Nx 200T Base,2015,54000.0,Gasoline,235.0HP 2.0L 4 Cylinder Engine Gasoline Fuel,6-Speed A/T,White,Black,None Reported,Yes,27000.0,2.0,4.0,9,0.5,5400.0,1,0,0,0.486
Dodge,Dakota Slt Quad Cab,2007,223089.60000000012,Gasoline,210.0HP 3.7L V6 Cylinder Engine Gasoline Fuel,4-Speed A/T,Silver,Gray,At Least 1 Accident Or Damage Reported,Yes,6000.0,3.7,6.0,17,0.0269,12394.0,0,1,0,3.7925
Maserati,Ghibli S Q4 Gransport,2020,25721.0,Gasoline,3.0L V6 24V GDI DOHC Twin Turbo,8-Speed Automatic,Blu,Nero,None Reported,Yes,52645.0,3.0,,4,2.0467,5144.0,0,0,0,0.1029
Land,Rover Discovery Sport Se R-Dynamic,2020,20927.0,Gasoline,2.0 Liter,Automatic,Fuji White,–,None Reported,Unknown,35998.0,,,4,1.7201,4185.0,0,0,0,0.0837
Aston,Martin Dbx Base,2021,2353.0,Gasoline,4.0L V8 32V GDI DOHC Twin Turbo,9-Speed Automatic,Green,Sahara Tan,None Reported,Yes,159500.0,4.0,,3,67.757,588.0,0,0,0,0.0071
Audi,Q3 45 S Line Premium,2022,9325.0,Gasoline,2.0L I4 16V GDI DOHC Turbo,8-Speed Automatic,Mythos Black Metallic,Black,None Reported,Unknown,33610.0,2.0,,2,3.6039,3108.0,1,0,0,0.0186
Ford,Explorer Xlt,2020,61001.0,Gasoline,2.3L I4 16V GDI DOHC Turbo,10-Speed Automatic,Gray,Ebony,At Least 1 Accident Or Damage Reported,Yes,28616.0,2.3,,4,0.4691,12200.0,0,1,0,0.244
Mercedes-Benz,Amg Glc 63 Base 4Matic,2018,71962.0,Gasoline,469.0HP 4.0L 8 Cylinder Engine Gasoline Fuel,9-Speed A/T,White,Black,None Reported,Yes,46900.0,4.0,8.0,6,0.6517,10280.0,1,0,0,0.4318
Subaru,Brz Premium,2023,5800.0,Gasoline,228.0HP 2.4L 4 Cylinder Engine Gasoline Fuel,6-Speed M/T,Black,Black,None Reported,Yes,29990.0,2.4,4.0,1,5.1698,2900.0,0,0,0,0.0058
Bmw,640 I,2016,40080.0,Gasoline,315.0HP 3.0L Straight 6 Cylinder Engine Gasoline Fuel,8-Speed A/T,Black,Black,None Reported,Yes,28499.0,3.0,6.0,8,0.711,4453.0,1,0,0,0.3206
Kia,Stinger Gt2,2020,57000.0,Gasoline,365.0HP 3.3L V6 Cylinder Engine Gasoline Fuel,A/T,Black,Red,At Least 1 Accident Or Damage Reported,Yes,36500.0,3.3,6.0,4,0.6403,11400.0,0,1,0,0.228
Chevrolet,Bolt Euv Premier,2022,7624.0,Gasoline,Electric,1-Speed Automatic,Mosaic Black Metallic,Jet Black,None Reported,Yes,31985.0,,,2,4.1948,2541.0,0,0,0,0.0152
Subaru,Forester 2.5 Xt,2004,122000.0,Gasoline,210.0HP 2.5L 4 Cylinder Engine Gasoline Fuel,5-Speed M/T,Gold,Black,At Least 1 Accident Or Damage Reported,Yes,9999.0,2.5,4.0,20,0.082,5810.0,0,1,0,2.44
Kia,Sportage X-Pro,2023,459.0,Gasoline,2.5L I4 16V PDI DOHC,8-Speed Automatic,Jungle Green,Black,None Reported,Unknown,36998.0,2.5,,1,80.4304,230.0,0,0,0,0.0005
Bmw,M4 Base,2016,62500.0,Gasoline,425.0HP 3.0L Straight 6 Cylinder Engine Gasoline Fuel,7-Speed A/T,Black,Orange,At Least 1 Accident Or Damage Reported,Yes,40500.0,3.0,6.0,8,0.648,6944.0,1,1,0,0.5
Hyundai,Equus Signature,2013,72000.0,Gasoline,429.0HP 5.0L 8 Cylinder Engine Gasoline Fuel,8-Speed A/T,Silver,Black,None Reported,Yes,17500.0,5.0,8.0,11,0.2431,6000.0,0,0,0,0.792
Mercedes-Benz,Amg E 53 4Matic,2020,8375.0,Gasoline,"AMG 3L I-6 gasoline direct injection, DOHC, variable valve contr","Automatic, 9-Spd 9G-Tronic",Black,Black,None Reported,Unknown,69900.0,3.0,,4,8.3453,1675.0,1,0,0,0.0335
Bmw,M550 I Xdrive,2020,40000.0,Gasoline,523.0HP 4.4L 8 Cylinder Engine Gasoline Fuel,Transmission W/Dual Shift Mode,Blue,Black,None Reported,Yes,53000.0,4.4,8.0,4,1.325,8000.0,1,0,0,0.16
Subaru,Impreza Wrx Sti,2014,77000.0,Gasoline,305.0HP 2.5L 4 Cylinder Engine Gasoline Fuel,6-Speed M/T,Gray,Black,At Least 1 Accident Or Damage Reported,Yes,30000.0,2.5,4.0,10,0.3896,7000.0,0,1,0,0.77
Mercedes-Benz,Amg G 63 Base,2019,19593.0,Gasoline,4.0 Liter Twin Turbo,Automatic,Black,Black,None Reported,Unknown,159998.0,,,5,8.1657,3266.0,1,0,0,0.098
Mazda,Mazda6 Grand Touring,2020,35902.0,Gasoline,2.5L I4 16V GDI DOHC Turbo,6-Speed Automatic,Deep Crystal Blue Mica,Black,None Reported,Unknown,22966.0,2.5,,4,0.6397,7180.0,0,0,0,0.1436
Hyundai,Veloster Base,2013,800.0,Gasoline,132.0HP 1.6L 4 Cylinder Engine Gasoline Fuel,Transmission W/Dual Shift Mode,Black,Gray,None Reported,Yes,9800.0,1.6,4.0,11,12.2347,67.0,0,0,0,0.0088
Bentley,Bentayga S,2023,2600.0,Gasoline,4.0L V8 32V GDI DOHC Twin Turbo,8-Speed Automatic,Beluga Black,Hotspur,None Reported,Yes,239995.0,4.0,,1,92.2703,1300.0,0,0,0,0.0026
Land,Rover Defender X-Dynamic Se,2023,6204.0,Hybrid,3.0 Liter,Automatic,Eiger Grey,–,None Reported,Unknown,79998.0,,,1,12.8925,3102.0,0,0,1,0.0062
Kia,Telluride Sx,2020,69185.0,Gasoline,3.8L V6 24V GDI DOHC,8-Speed Automatic,Ebony Black,Gray,None Reported,Unknown,37405.0,3.8,,4,0.5406,13837.0,0,0,0,0.2767
Maserati,Granturismo Sport,2015,45000.0,Gasoline,454.0HP 4.7L 8 Cylinder Engine Gasoline Fuel,6-Speed A/T,Black,Black,None Reported,Yes,41900.0,4.7,8.0,9,0.9311,4500.0,0,0,0,0.405
Bmw,540 I Xdrive,2020,37426.0,Gasoline,2.0 Liter Turbo,Automatic,White,Black,None Reported,Unknown,39998.0,,,4,1.0687,7485.0,1,0,0,0.1497
Infiniti,M56 Base,2011,137000.0,Gasoline,420.0HP 5.6L 8 Cylinder Engine Gasoline Fuel,Transmission W/Dual Shift Mode,Gray,Brown,At Least 1 Accident Or Damage Reported,Yes,8500.0,5.6,8.0,13,0.062,9786.0,0,1,0,1.781
Mazda,Mazda3 S Grand Touring,2016,85000.0,–,–,A/T,Black,Black,At Least 1 Accident Or Damage Reported,Yes,18500.0,,,8,0.2176,9444.0,0,1,0,0.68
Chevrolet,Corvette Stingray W/1Lt,2023,4000.0,Gasoline,490.0HP 6.2L 8 Cylinder Engine Gasoline Fuel,8-Speed A/T,Black,Red,At Least 1 Accident Or Damage Reported,Yes,73900.0,6.2,8.0,1,18.4704,2000.0,0,1,0,0.004
Audi,Q5 S Line Premium Plus,2023,4648.0,Hybrid,2.0 Liter TFSI,Automatic,Mythos Black,Black,None Reported,Unknown,47598.0,,,1,10.2383,2324.0,1,0,1,0.0046
Lexus,Gx 460 Base,2018,52100.0,Gasoline,301.0HP 4.6L 8 Cylinder Engine Gasoline Fuel,6-Speed A/T,White,Beige,None Reported,Yes,38000.0,4.6,8.0,6,0.7294,7443.0,1,0,0,0.3126
Bmw,X1 Sdrive28I,2014,50100.0,Gasoline,240.0HP 2.0L 4 Cylinder Engine Gasoline Fuel,A/T,Brown,Beige,None Reported,Yes,10795.0,2.0,4.0,10,0.2155,4555.0,1,0,0,0.501
Alfa,Romeo Stelvio Ti,2020,41000.0,Gasoline,280.0HP 2.0L 4 Cylinder Engine Gasoline Fuel,8-Speed A/T,White,Black,None Reported,Yes,32400.0,2.0,4.0,4,0.7902,8200.0,0,0,0,0.164
Ram,1500 Big Horn,2021,70968.0,Gasoline,395.0HP 5.7L 8 Cylinder Engine Gasoline Fuel,8-Speed A/T,Black,Black,None Reported,Yes,34000.0,5.7,8.0,3,0.4791,17742.0,0,0,0,0.2129
Bmw,M4 Base,2015,26600.0,Gasoline,425.0HP 3.0L Straight 6 Cylinder Engine Gasoline Fuel,A/T,White,–,None Reported,Yes,53000.0,3.0,6.0,9,1.9924,2660.0,1,0,0,0.2394
Tesla,Model X Long Range,2022,15443.0,Gasoline,670.0HP Electric Motor Electric Fuel System,1-Speed A/T,Red,Black,None Reported,Yes,84500.0,,,2,5.4714,5148.0,0,0,0,0.0309
Volvo,S90 T5 Momentum,2018,95000.0,Gasoline,250.0HP 2.0L 4 Cylinder Engine Gasoline Fuel,8-Speed A/T,White,Beige,None Reported,Yes,18000.0,2.0,4.0,6,0.1895,13571.0,0,0,0,0.57
Subaru,Impreza Wrx Sti,2005,94000.0,Gasoline,300.0HP 2.5L 4 Cylinder Engine Gasoline Fuel,6-Speed M/T,Black,Blue,None Reported,Yes,19500.0,2.5,4.0,19,0.2074,4700.0,0,0,0,1.786
Bmw,X6 Xdrive40I,2020,45076.0,Gasoline,3.0 Liter Turbo,Automatic,Blue,Black,None Reported,Unknown,57998.0,,,4,1.2866,9015.0,1,0,0,0.1803
Cadillac,Cts 2.0L Turbo Luxury,2014,110000.0,Gasoline,272.0HP 2.0L 4 Cylinder Engine Gasoline Fuel,A/T,Gold,Beige,None Reported,Yes,11000.0,2.0,4.0,10,0.1,10000.0,1,0,0,1.1
Land,Rover Discovery Sport Hse,2016,49083.0,Gasoline,2.0L I4 16V GDI DOHC Turbo,9-Speed Automatic,Indus Silver,Ebony,None Reported,Unknown,21590.0,2.0,,8,0.4399,5454.0,0,0,0,0.3927
Genesis,G90 5.0 Ultimate,2017,63500.0,Gasoline,420.0HP 5.0L 8 Cylinder Engine Gasoline Fuel,Transmission W/Dual Shift Mode,Silver,Black,None Reported,Yes,27500.0,5.0,8.0,7,0.4331,7938.0,1,0,0,0.4445
Mercedes-Benz,Clk-Class Clk 350,2009,21500.0,Gasoline,268.0HP 3.5L V6 Cylinder Engine Gasoline Fuel,A/T,Black,Black,At Least 1 Accident Or Damage Reported,Yes,18000.0,3.5,6.0,15,0.8372,1344.0,1,1,0,0.3225
Land,Rover Range Rover Autobiography,2023,324.0,Gasoline,4.4 Liter,Automatic,Black,Blk,None Reported,Unknown,199998.0,,,1,615.3785,162.0,0,0,0,0.0003
Kia,Optima Ex,2019,68166.0,Gasoline,"1.6L I-4 gasoline direct injection, DOHC, variable valve control",Automatic,Ebony Black,Black,None Reported,Unknown,20818.0,1.6,,5,0.3054,11361.0,0,0,0,0.3408
Toyota,Highlander Se,2018,53607.0,Gasoline,3.5L V6 24V PDI DOHC,8-Speed Automatic,Midnight Black Metallic,Black,At Least 1 Accident Or Damage Reported,Unknown,31853.0,3.5,,6,0.5942,7658.0,0,1,0,0.3216
Mercedes-Benz,Sprinter 4500 High Roof,2019,16813.0,Diesel,188.0HP 3.0L V6 Cylinder Engine Diesel Fuel,Transmission W/Dual Shift Mode,Gray,Black,Unknown,Unknown,45900.0,3.0,6.0,5,2.7299,2802.0,1,0,0,0.0841
Bmw,X1 Xdrive28I,2020,18200.0,Gasoline,228.0HP 2.0L 4 Cylinder Engine Gasoline Fuel,A/T,White,Beige,At Least 1 Accident Or Damage Reported,Yes,29500.0,2.0,4.0,4,1.6208,3640.0,1,1,0,0.0728
Audi,R8 5.2,2015,51000.0,Gasoline,550.0HP 5.2L 10 Cylinder Engine Gasoline Fuel,Transmission W/Dual Shift Mode,White,Black,At Least 1 Accident Or Damage Reported,Yes,102000.0,5.2,10.0,9,2.0,5100.0,1,1,0,0.459
Audi,S3 2.0T Tech Premium Plus,2018,16400.0,Gasoline,292.0HP 2.0L 4 Cylinder Engine Gasoline Fuel,A/T,Blue,Red,None Reported,Yes,42800.0,2.0,4.0,6,2.6096,2343.0,1,0,0,0.0984
Toyota,Tundra Hybrid Trd Pro,2022,7000.0,Hybrid,437.0HP 3.4L V6 Cylinder Engine Gas/Electric Hybrid,10-Speed A/T,Orange,–,None Reported,Yes,75500.0,3.4,6.0,2,10.7842,2333.0,0,0,1,0.014
Audi,Sq5 3.0T Premium Plus,2022,8497.0,Gasoline,3.0L V6 24V GDI DOHC Turbo,Automatic,Ibis White,Black,None Reported,Unknown,52900.0,3.0,,2,6.225,2832.0,1,0,0,0.017
Audi,A6 2.0T Premium Plus,2016,68000.0,Gasoline,252.0HP 2.0L 4 Cylinder Engine Gasoline Fuel,Transmission W/Dual Shift Mode,White,Black,At Least 1 Accident Or Damage Reported,Yes,20000.0,2.0,4.0,8,0.2941,7556.0,1,1,0,0.544
Bmw,328 Xi,2007,83000.0,Gasoline,230.0HP 3.0L Straight 6 Cylinder Engine Gasoline Fuel,6-Speed A/T,Black,Brown,None Reported,Yes,8995.0,3.0,6.0,17,0.1084,4611.0,1,0,0,1.411
Audi,Sq5 3.0T Prestige,2018,25000.0,Gasoline,354.0HP 3.0L V6 Cylinder Engine Gasoline Fuel,8-Speed A/T,Gray,Black,None Reported,Yes,50000.0,3.0,6.0,6,1.9999,3571.0,1,0,0,0.15
Cadillac,Escalade Sport Platinum,2021,15689.0,Diesel,3.0L I6 24V DDI DOHC Turbo Diesel,10-Speed Automatic,Infrared Tintcoat,Jet Black,None Reported,Unknown,97952.0,3.0,,3,6.243,3922.0,1,0,0,0.0471
Bmw,M235 I,2014,125450.0,Gasoline,320.0HP 3.0L Straight 6 Cylinder Engine Gasoline Fuel,6-Speed M/T,Blue,Black,None Reported,Yes,17200.0,3.0,6.0,10,0.1371,11405.0,1,0,0,1.2545
Kia,Telluride Sx,2023,9822.0,Gasoline,3.8L V6 24V GDI DOHC,8-Speed Automatic,Midnight Black,Gray,None Reported,Unknown,50998.0,3.8,,1,5.1917,4911.0,0,0,0,0.0098
Chevrolet,Express 3500 Base,2008,144000.0,Gasoline,323.0HP 6.0L 8 Cylinder Engine Gasoline Fuel,A/T,White,Gray,None Reported,Yes,22000.0,6.0,8.0,16,0.1528,8471.0,0,0,0,2.304
Gmc,Acadia Sle,2020,30900.0,Gasoline,2.5L I4 16V GDI DOHC,9-Speed Automatic,Summit White,Jet Black,None Reported,Yes,27654.0,2.5,,4,0.8949,6180.0,0,0,0,0.1236
Bmw,X3 Xdrive30I,2021,2492.0,Gasoline,2.0 Liter Turbo,Automatic,Phytonic Blue Metallic,Canberra Beige/Black,None Reported,Unknown,41598.0,,,3,16.6859,623.0,1,0,0,0.0075
Audi,Tt 2.0T,2015,126760.0,Gasoline,211.0HP 2.0L 4 Cylinder Engine Gasoline Fuel,A/T,Black,Black,At Least 1 Accident Or Damage Reported,Yes,14000.0,2.0,4.0,9,0.1104,12676.0,1,1,0,1.1408
Subaru,Outback 3.6R Touring,2017,100680.0,Gasoline,256.0HP 3.6L Flat 6 Cylinder Engine Gasoline Fuel,A/T,Brown,–,None Reported,Yes,20500.0,3.6,6.0,7,0.2036,12585.0,0,0,0,0.7048
Mitsubishi,Eclipse Spyder Gs,2001,90400.0,Gasoline,140.0HP 2.4L 4 Cylinder Engine Gasoline Fuel,A/T,Red,–,None Reported,Yes,4495.0,2.4,4.0,23,0.0497,3767.0,0,0,0,2.0792
Hyundai,Santa Fe Sel,2022,26895.0,Gasoline,2.5L I4 16V PDI DOHC,8-Speed Automatic,Quartz White,Black,Unknown,Unknown,29800.0,2.5,,2,1.108,8965.0,0,0,0,0.0538
Bmw,M5 Base,2018,20500.0,Gasoline,600.0HP 4.4L 8 Cylinder Engine Gasoline Fuel,8-Speed A/T,Silver,Black,None Reported,Yes,67000.0,4.4,8.0,6,3.2681,2929.0,1,0,0,0.123
Dodge,Ram 1500 St,2011,134000.0,Gasoline,390.0HP 5.7L 8 Cylinder Engine Gasoline Fuel,A/T,Black,Gray,At Least 1 Accident Or Damage Reported,Yes,10500.0,5.7,8.0,13,0.0784,9571.0,0,1,0,1.742
Ford,Fusion Energi Titanium,2015,84352.0,Plug-In Hybrid,188.0HP 2.0L 4 Cylinder Engine Plug-In Electric/Gas,Cvt Transmission,Blue,Black,At Least 1 Accident Or Damage Reported,Yes,10000.0,2.0,4.0,9,0.1185,8435.0,0,1,1,0.7592
Toyota,Tundra Hybrid Trd Pro,2022,19000.0,Hybrid,437.0HP 3.4L V6 Cylinder Engine Gas/Electric Hybrid,10-Speed A/T,Orange,Black,None Reported,Yes,71000.0,3.4,6.0,2,3.7366,6333.0,0,0,1,0.038
Land,Rover Range Rover Evoque Pure,2015,115550.0,Gasoline,240.0HP 2.0L 4 Cylinder Engine Gasoline Fuel,9-Speed A/T,White,Black,None Reported,Yes,17500.0,2.0,4.0,9,0.1514,11555.0,0,0,0,1.04
Lincoln,Navigator Base,2009,191775.0,E85 Flex Fuel,310.0HP 5.4L 8 Cylinder Engine Flex Fuel Capability,6-Speed A/T,White,Beige,At Least 1 Accident Or Damage Reported,Yes,9750.0,5.4,8.0,15,0.0508,11986.0,1,1,0,2.8766
Ford,Mustang Mach-E Select,2023,923.0,Gasoline,Standard Range Battery,Automatic,Rapid Red Metallic Tinted Clearcoat,Black Onyx,None Reported,Unknown,46998.0,,,1,50.8636,462.0,0,0,0,0.0009
Mercedes-Benz,Sprinter 3500 High Roof,2017,124630.0,Diesel,188.0HP 3.0L V6 Cylinder Engine Diesel Fuel,5-Speed A/T,Black,Black,None Reported,Yes,75000.0,3.0,6.0,7,0.6018,15579.0,1,0,0,0.8724
Mercedes-Benz,Amg E 63 S 4Matic,2019,17000.0,Gasoline,603.0HP 4.0L 8 Cylinder Engine Gasoline Fuel,9-Speed A/T,White,Brown,None Reported,Yes,95000.0,4.0,8.0,5,5.5879,2833.0,1,0,0,0.085
Bmw,440 I Xdrive,2018,73500.0,Gasoline,320.0HP 3.0L Straight 6 Cylinder Engine Gasoline Fuel,A/T,Black,Blue,None Reported,Yes,32000.0,3.0,6.0,6,0.4354,10500.0,1,0,0,0.441
Acura,Integra Ls,1998,120000.0,Gasoline,140.0HP 1.8L 4 Cylinder Engine Gasoline Fuel,4-Speed A/T,Red,–,At Least 1 Accident Or Damage Reported,Yes,5500.0,1.8,4.0,26,0.0458,4444.0,0,1,0,3.12
Audi,Q7 55 Prestige,2019,73837.0,Gasoline,3.0L V6 24V GDI DOHC Supercharged,8-Speed Automatic,Cobra Beige Metallic,Nougat Brown,None Reported,Yes,36340.0,3.0,,5,0.4922,12306.0,1,0,0,0.3692
Bmw,M6 Base,2014,29500.0,Gasoline,560.0HP 4.4L 8 Cylinder Engine Gasoline Fuel,Transmission W/Dual Shift Mode,Silver,Black,None Reported,Yes,40999.0,4.4,8.0,10,1.3897,2682.0,1,0,0,0.295
Volkswagen,Arteon 2.0T Se,2021,13613.0,Gasoline,2.0 Liter TSI,Automatic,Pure White,Titan Black,None Reported,Unknown,29798.0,,,3,2.1888,3403.0,0,0,0,0.0408
Lexus,Lx 600 F Sport,2023,1185.0,Gasoline,409.0HP 3.4L V6 Cylinder Engine Gasoline Fuel,10-Speed A/T,Black,Black,None Reported,Yes,120990.0,3.4,6.0,1,102.0152,592.0,1,0,0,0.0012
Infiniti,Q40 Base,2015,143250.0,Gasoline,328.0HP 3.7L V6 Cylinder Engine Gasoline Fuel,Transmission W/Dual Shift Mode,Silver,Black,None Reported,Yes,11500.0,3.7,6.0,9,0.0803,14325.0,0,0,0,1.2892
Bmw,Z4 3.0I Roadster,2006,46508.0,Gasoline,215.0HP 3.0L Straight 6 Cylinder Engine Gasoline Fuel,Transmission W/Dual Shift Mode,Green,Beige,At Least 1 Accident Or Damage Reported,Yes,11500.0,3.0,6.0,18,0.2473,2448.0,1,1,0,0.8371
Bmw,M6 Base,2015,18651.0,Gasoline,560.0HP 4.4L 8 Cylinder Engine Gasoline Fuel,Transmission W/Dual Shift Mode,Red,Black,None Reported,Yes,59549.0,4.4,8.0,9,3.1926,1865.0,1,0,0,0.1679
Bmw,X3 M40I,2019,36438.0,Gasoline,3.0 Liter Turbo,Automatic,Alpine White,Oyster W/Contrast,None Reported,Unknown,39998.0,,,5,1.0977,6073.0,1,0,0,0.1822
Kia,Sorento Lx,2014,46628.0,Gasoline,2.4L I4 16V GDI DOHC,6-Speed Automatic,Snow White Pearl,Beige,None Reported,Unknown,15363.0,2.4,,10,0.3295,4239.0,0,0,0,0.4663
Rivian,R1S Adventure Package,2023,5700.0,Gasoline,835.0HP Electric Motor Electric Fuel System,1-Speed A/T,Gray,White,None Reported,Yes,95000.0,,,1,16.6637,2850.0,0,0,0,0.0057
Bmw,Z4 Sdrive28I,2015,57550.0,Gasoline,240.0HP 2.0L 4 Cylinder Engine Gasoline Fuel,6-Speed M/T,Black,White,None Reported,Yes,29995.0,2.0,4.0,9,0.5212,5755.0,1,0,0,0.518
Cadillac,Cts-V Base,2017,48600.0,Gasoline,640.0HP 6.2L 8 Cylinder Engine Gasoline Fuel,Transmission W/Dual Shift Mode,Black,Black,None Reported,Yes,60999.0,6.2,8.0,7,1.2551,6075.0,1,0,0,0.3402
Ford,Transit Connect Xl,2020,119000.0,Gasoline,169.0HP 2.5L 4 Cylinder Engine Gasoline Fuel,A/T,White,Black,None Reported,Yes,18000.0,2.5,4.0,4,0.1513,23800.0,0,0,0,0.476
Land,Rover Range Rover Velar Svautobiography Dynamic Edition,2020,36500.0,Gasoline,550.0HP 5.0L 8 Cylinder Engine Gasoline Fuel,Transmission W/Dual Shift Mode,White,Red,None Reported,Yes,72000.0,5.0,8.0,4,1.9725,7300.0,0,0,0,0.146
Lexus,Is 250 Base,2010,121250.0,Gasoline,204.0HP 2.5L V6 Cylinder Engine Gasoline Fuel,6-Speed A/T,Black,White,At Least 1 Accident Or Damage Reported,Yes,13250.0,2.5,6.0,14,0.1093,8083.0,1,1,0,1.6975
Bmw,X7 Xdrive40I,2023,2437.0,Hybrid,375.0HP 3.0L Straight 6 Cylinder Engine Gasoline/Mild Electric Hybrid,Transmission W/Dual Shift Mode,Gray,Black,None Reported,Yes,78350.0,3.0,6.0,1,32.137,1218.0,1,0,1,0.0024
Volvo,Xc90 T6 Momentum,2018,110380.0,Gasoline,316.0HP 2.0L 4 Cylinder Engine Gasoline Fuel,A/T,Gray,Beige,At Least 1 Accident Or Damage Reported,Yes,22000.0,2.0,4.0,6,0.1993,15769.0,0,1,0,0.6623
Hyundai,Tucson Limited,2008,149000.0,Gasoline,173.0HP 2.7L V6 Cylinder Engine Gasoline Fuel,4-Speed A/T,Black,Gray,None Reported,Yes,3850.0,2.7,6.0,16,0.0258,8765.0,0,0,0,2.384
Dodge,Durango Gt,2021,14684.0,Gasoline,3.6L V6 24V MPFI DOHC,8-Speed Automatic,Db Black Clearcoat,Black,None Reported,Unknown,37995.0,3.6,,3,2.5873,3671.0,0,0,0,0.0441
Mercedes-Benz,Amg C 43 Base 4Matic,2017,39000.0,Gasoline,362.0HP 3.0L V6 Cylinder Engine Gasoline Fuel,9-Speed A/T,White,Black,At Least 1 Accident Or Damage Reported,Yes,39000.0,3.0,6.0,7,1.0,4875.0,1,1,0,0.273
Gmc,Yukon Xl Slt,2019,65212.0,Gasoline,5.3L V8 16V GDI OHV,Automatic,Summit White,Jet Black,None Reported,Yes,42995.0,5.3,,5,0.6593,10869.0,0,0,0,0.3261
Audi,Rs Q8 4.0T,2020,41856.0,Gasoline,591.0HP 4.0L 8 Cylinder Engine Gasoline Fuel,Transmission W/Dual Shift Mode,Gray,Black,None Reported,Yes,91500.0,4.0,8.0,4,2.186,8371.0,1,0,0,0.1674
Rivian,R1S Adventure Package,2023,655.0,Gasoline,835.0HP Electric Motor Electric Fuel System,1-Speed A/T,Red,Silver,None Reported,Yes,94500.0,,,1,144.0549,328.0,0,0,0,0.0007
Toyota,Rav4 Hybrid Xle,2019,54000.0,Hybrid,219.0HP 2.5L 4 Cylinder Engine Gas/Electric Hybrid,Cvt Transmission,Gray,Gray,None Reported,Yes,33000.0,2.5,4.0,5,0.6111,9000.0,0,0,1,0.27
Alfa,Romeo Stelvio Quadrifoglio,2019,26500.0,Gasoline,505.0HP 2.9L V6 Cylinder Engine Gasoline Fuel,8-Speed A/T,Gray,Black,None Reported,Yes,53900.0,2.9,6.0,5,2.0339,4417.0,0,0,0,0.1325
Land,Rover Range Rover Evoque Se,2020,38356.0,Gasoline,2.0 Liter,Automatic,Firenze Red Metallic,Ebony,None Reported,Unknown,36598.0,,,4,0.9541,7671.0,0,0,0,0.1534
Alfa,Romeo Stelvio Ti Sport,2020,21487.0,Gasoline,2.0L I4 16V GDI SOHC Turbo,8-Speed Automatic,Anodized Blue Metallic,Ice,None Reported,Yes,35345.0,2.0,,4,1.6449,4297.0,0,0,0,0.0859
Cadillac,Escalade Ext Base,2007,99000.0,Gasoline,403.0HP 6.2L 8 Cylinder Engine Gasoline Fuel,6-Speed A/T,Black,Black,None Reported,Yes,22999.0,6.2,8.0,17,0.2323,5500.0,1,0,0,1.683
Ford,F-250 Lariat,2019,35597.0,E85 Flex Fuel,6.2L V8 16V MPFI SOHC Flexible Fuel,6-Speed Automatic,Black,Black,None Reported,Unknown,47756.0,6.2,,5,1.3415,5933.0,0,0,0,0.178
Nissan,350Z Enthusiast,2005,130307.0,Gasoline,287.0HP 3.5L V6 Cylinder Engine Gasoline Fuel,5-Speed A/T,Blue,Black,None Reported,Yes,9950.0,3.5,6.0,19,0.0764,6515.0,0,0,0,2.4758
Subaru,Legacy 2.5 I Premium,2010,178000.0,Gasoline,170.0HP 2.5L 4 Cylinder Engine Gasoline Fuel,A/T,Blue,Black,None Reported,Yes,7600.0,2.5,4.0,14,0.0427,11867.0,0,0,0,2.492
Honda,Civic Lx,2003,160265.0,Gasoline,115.0HP 1.7L 4 Cylinder Engine Gasoline Fuel,A/T,White,Gray,At Least 1 Accident Or Damage Reported,Yes,3000.0,1.7,4.0,21,0.0187,7285.0,0,1,0,3.3656
Mclaren,570S Spider,2020,8700.0,Gasoline,562.0HP 3.8L 8 Cylinder Engine Gasoline Fuel,Transmission W/Dual Shift Mode,Black,Black,None Reported,Yes,185000.0,3.8,8.0,4,21.2619,1740.0,0,0,0,0.0348
Maserati,Ghibli S Q4,2016,1000.0,Gasoline,404.0HP 3.0L V6 Cylinder Engine Gasoline Fuel,Transmission W/Dual Shift Mode,Gray,Red,None Reported,Yes,36000.0,3.0,6.0,8,35.964,111.0,0,0,0,0.008
Jeep,Wagoneer Series Ii 4X4,2022,29800.0,Gasoline,"HEMI 5.7L V-8 variable valve control, regular unleaded, engine w","Automatic, 8-Spd",–,–,None Reported,Unknown,58900.0,5.7,,2,1.9764,9933.0,0,0,0,0.0596
Maserati,Ghibli S Q4,2017,49750.0,Gasoline,404.0HP 3.0L V6 Cylinder Engine Gasoline Fuel,Transmission W/Dual Shift Mode,White,Red,None Reported,Yes,27995.0,3.0,6.0,7,0.5627,6219.0,0,0,0,0.3482
Lexus,Rx 300 Base,2002,121000.0,Gasoline,220.0HP 3.0L V6 Cylinder Engine Gasoline Fuel,A/T,Silver,Black,None Reported,Yes,6348.0,3.0,6.0,22,0.0525,5261.0,1,0,0,2.662
Lincoln,Aviator Luxury,2005,140000.0,Gasoline,302.0HP 4.6L 8 Cylinder Engine Gasoline Fuel,A/T,Black,Beige,None Reported,Yes,2000.0,4.6,8.0,19,0.0143,7000.0,1,0,0,2.66
Ford,Transit Connect Xl,2018,66770.0,E85 Flex Fuel,169.0HP 2.5L 4 Cylinder Engine Flex Fuel Capability,6-Speed A/T,Red,–,Unknown,Unknown,21500.0,2.5,4.0,6,0.322,9539.0,0,0,0,0.4006
Cadillac,Srx Luxury Collection,2016,61549.0,Gasoline,3.6 Liter SIDI DOHC,Automatic,Red,Ebony,At Least 1 Accident Or Damage Reported,Unknown,19998.0,,,8,0.3249,6839.0,1,1,0,0.4924
Lincoln,Mks Ecoboost,2016,38100.0,Gasoline,365.0HP 3.5L V6 Cylinder Engine Gasoline Fuel,A/T,Silver,Beige,None Reported,Yes,21000.0,3.5,6.0,8,0.5512,4233.0,1,0,0,0.3048
Toyota,Yaris Base,2010,138071.0,Gasoline,106.0HP 1.5L 4 Cylinder Engine Gasoline Fuel,5-Speed M/T,Red,Gray,None Reported,Yes,5000.0,1.5,4.0,14,0.0362,9205.0,0,0,0,1.933
Mercedes-Benz,Amg E 63 S 4Matic,2019,40000.0,Gasoline,603.0HP 4.0L 8 Cylinder Engine Gasoline Fuel,Transmission W/Dual Shift Mode,Black,Black,At Least 1 Accident Or Damage Reported,Yes,72000.0,4.0,8.0,5,1.8,6667.0,1,1,0,0.2
Mercedes-Benz,Gls 450 Base,2022,41545.0,Hybrid,3.0 Liter DOHC Twin Turbo,Automatic,Manufaktur Diamond White Bright,Macchiato Beige/Black,None Reported,Unknown,71998.0,,,2,1.733,13848.0,1,0,1,0.0831
Mercedes-Benz,G-Class G 550 4Matic,2019,47850.0,Gasoline,416.0HP 4.0L 8 Cylinder Engine Gasoline Fuel,A/T,White,Black,At Least 1 Accident Or Damage Reported,Yes,127899.0,4.0,8.0,5,2.6729,7975.0,1,1,0,0.2392
Hyundai,Veloster Turbo R-Spec,2014,128000.0,Gasoline,201.0HP 1.6L 4 Cylinder Engine Gasoline Fuel,6-Speed M/T,Blue,Red,None Reported,Yes,11000.0,1.6,4.0,10,0.0859,11636.0,0,0,0,1.28
Toyota,4Runner Limited,2019,48156.0,Gasoline,4.0L V6 24V MPFI DOHC,5-Speed Automatic,Midnight Black Metallic,Sand Beige,None Reported,Unknown,40368.0,4.0,,5,0.8383,8026.0,0,0,0,0.2408
Mercedes-Benz,S-Class S 580 4Matic,2021,4700.0,Hybrid,496.0HP 4.0L 8 Cylinder Engine Gasoline/Mild Electric Hybrid,9-Speed A/T,Black,Black,None Reported,Yes,99900.0,4.0,8.0,3,21.2508,1175.0,1,0,1,0.0141
Audi,Rs 7 4.0T Performance Prestige,2017,39071.0,Gasoline,4.0L V8 32V GDI DOHC Twin Turbo,8-Speed Automatic,White,Black,None Reported,Unknown,67900.0,4.0,,7,1.7378,4884.0,1,0,0,0.2735
Mazda,Mx-5 Miata Base,1999,96680.0,Gasoline,140.0HP 1.8L 4 Cylinder Engine Gasoline Fuel,5-Speed M/T,Green,Beige,At Least 1 Accident Or Damage Reported,Yes,12900.0,1.8,4.0,25,0.1334,3718.0,0,1,0,2.417
Mercedes-Benz,Amg C 43 Base,2017,53500.0,Gasoline,362.0HP 3.0L V6 Cylinder Engine Gasoline Fuel,9-Speed A/T,White,Brown,At Least 1 Accident Or Damage Reported,Yes,33999.0,3.0,6.0,7,0.6355,6688.0,1,1,0,0.3745
Chevrolet,Corvette Z06,2007,11025.0,Gasoline,505.0HP 7.0L 8 Cylinder Engine Gasoline Fuel,6-Speed M/T,Orange,Black,None Reported,Yes,47500.0,7.0,8.0,17,4.308,612.0,0,0,0,0.1874
Ford,F-250 King Ranch,2021,44000.0,Diesel,475.0HP 6.7L 8 Cylinder Engine Diesel Fuel,10-Speed A/T,White,Brown,At Least 1 Accident Or Damage Reported,Yes,73000.0,6.7,8.0,3,1.6591,11000.0,0,1,0,0.132
Volkswagen,Tiguan 2.0T Se,2022,11000.0,Gasoline,184.0HP 2.0L 4 Cylinder Engine Gasoline Fuel,A/T,Blue,White,None Reported,Yes,27900.0,2.0,4.0,2,2.5361,3667.0,0,0,0,0.022
Bmw,750 Li Xdrive,2012,103000.0,Gasoline,407.0HP 4.4L 8 Cylinder Engine Gasoline Fuel,6-Speed A/T,Black,Black,None Reported,Yes,16000.0,4.4,8.0,12,0.1553,7923.0,1,0,0,1.236
Bmw,M3 Cs,2024,456.0,Gasoline,543.0HP 3.0L Straight 6 Cylinder Engine Gasoline Fuel,Transmission W/Dual Shift Mode,Black,Black,None Reported,Yes,128995.0,3.0,6.0,0,282.2648,456.0,1,0,0,0.0
Lexus,Gx 460 Base,2018,64000.0,Gasoline,301.0HP 4.6L 8 Cylinder Engine Gasoline Fuel,6-Speed A/T,Red,Brown,None Reported,Yes,37300.0,4.6,8.0,6,0.5828,9143.0,1,0,0,0.384
Audi,Q7 3.0T Premium,2017,108000.0,Gasoline,333.0HP 3.0L V6 Cylinder Engine Gasoline Fuel,8-Speed A/T,Gray,Brown,None Reported,Yes,25999.0,3.0,6.0,7,0.2407,13500.0,1,0,0,0.756
Alfa,Romeo Stelvio Ti Sport,2018,37045.0,Gasoline,280.0HP 2.0L 4 Cylinder Engine Gasoline Fuel,Transmission W/Dual Shift Mode,White,Red,At Least 1 Accident Or Damage Reported,Yes,26600.0,2.0,4.0,6,0.718,5292.0,0,1,0,0.2223
Land,Rover Defender X,2023,5433.0,Hybrid,3.0 Liter,Automatic,Santorin Black,Black,None Reported,Unknown,95998.0,,,1,17.6662,2716.0,0,0,1,0.0054
Bmw,750 I Xdrive,2019,28744.0,Gasoline,4.4 Liter DOHC Twin Turbo,Automatic,Black,Black,None Reported,Unknown,50998.0,,,5,1.7742,4791.0,1,0,0,0.1437
Bmw,M3 Base,2015,65800.0,Gasoline,425.0HP 3.0L Straight 6 Cylinder Engine Gasoline Fuel,Transmission W/Dual Shift Mode,White,Red,None Reported,Yes,44950.0,3.0,6.0,9,0.6831,6580.0,1,0,0,0.5922
Audi,E-Tron Prestige,2019,33012.0,Gasoline,355.0HP Electric Motor Electric Fuel System,1-Speed A/T,Blue,Beige,None Reported,Yes,38000.0,,,5,1.1511,5502.0,1,0,0,0.1651
Lexus,Is 250 Base,2011,107818.0,Gasoline,204.0HP 2.5L V6 Cylinder Engine Gasoline Fuel,6-Speed A/T,Gray,Beige,At Least 1 Accident Or Damage Reported,Yes,11400.0,2.5,6.0,13,0.1057,7701.0,1,1,0,1.4016
Land,Rover Range Rover Evoque Se Premium,2016,79500.0,Gasoline,240.0HP 2.0L 4 Cylinder Engine Gasoline Fuel,9-Speed A/T,White,Black,None Reported,Yes,19000.0,2.0,4.0,8,0.239,8833.0,0,0,0,0.636
Ferrari,California T,2015,20000.0,Gasoline,553.0HP 3.9L 8 Cylinder Engine Gasoline Fuel,7-Speed A/T,Red,Brown,At Least 1 Accident Or Damage Reported,Yes,124990.0,3.9,8.0,9,6.2492,2000.0,0,1,0,0.18
Lexus,Lc 500 Base,2018,37000.0,Gasoline,471.0HP 5.0L 8 Cylinder Engine Gasoline Fuel,10-Speed A/T,Black,Red,None Reported,Yes,63997.0,5.0,8.0,6,1.7296,5286.0,1,0,0,0.222
Kia,Ev6 Wind,2022,11945.0,Gasoline,111.2Ah / FR 70kW / RR 160kW (697V),Automatic,Glacier,Black,None Reported,Unknown,38998.0,,,2,3.2645,3982.0,0,0,0,0.0239
Gmc,Sierra 1500 Sle Crew Cab,2005,131800.0,Gasoline,295.0HP 5.3L 8 Cylinder Engine Gasoline Fuel,4-Speed A/T,Silver,Gray,At Least 1 Accident Or Damage Reported,Yes,5800.0,5.3,8.0,19,0.044,6590.0,0,1,0,2.5042
Lexus,Es 350 Base,2008,146000.0,Gasoline,272.0HP 3.5L V6 Cylinder Engine Gasoline Fuel,A/T,Red,Beige,None Reported,Yes,8995.0,3.5,6.0,16,0.0616,8588.0,1,0,0,2.336
Nissan,370Z Nismo,2010,29000.0,Gasoline,350.0HP 3.7L V6 Cylinder Engine Gasoline Fuel,M/T,Silver,–,None Reported,Yes,29000.0,3.7,6.0,14,1.0,1933.0,0,0,0,0.406
Dodge,Ram 1500 Laramie,2004,141209.0,Gasoline,345.0HP 5.7L 8 Cylinder Engine Gasoline Fuel,A/T,Black,Black,None Reported,Yes,5700.0,5.7,8.0,20,0.0404,6724.0,0,0,0,2.8242
Ford,Expedition Limited,2016,85253.0,Gasoline,365.0HP 3.5L V6 Cylinder Engine Gasoline Fuel,A/T,White,Beige,None Reported,Yes,19995.0,3.5,6.0,8,0.2345,9473.0,0,0,0,0.682
Infiniti,Qx70 Base,2015,87009.0,Gasoline,325.0HP 3.7L V6 Cylinder Engine Gasoline Fuel,A/T,Gray,Black,None Reported,Yes,17800.0,3.7,6.0,9,0.2046,8701.0,0,0,0,0.7831
Bmw,X5 M Base,2023,4348.0,Gasoline,4.4L V8 32V GDI DOHC Twin Turbo,8-Speed Automatic,Alpine White,Black,None Reported,Unknown,105900.0,4.4,,1,24.3504,2174.0,1,0,0,0.0043
Lincoln,Navigator Select,2016,158000.0,Gasoline,380.0HP 3.5L V6 Cylinder Engine Gasoline Fuel,Transmission W/Dual Shift Mode,Red,Beige,None Reported,Yes,19780.0,3.5,6.0,8,0.1252,17556.0,1,0,0,1.264
Volvo,V60 Cross Country T5,2020,10500.0,Gasoline,250.0HP 2.0L 4 Cylinder Engine Gasoline Fuel,8-Speed A/T,White,Black,None Reported,Yes,36000.0,2.0,4.0,4,3.4282,2100.0,0,0,0,0.042
Audi,A7 3.0T Premium Plus,2018,45843.0,Gasoline,340.0HP 3.0L V6 Cylinder Engine Gasoline Fuel,A/T,Silver,Black,None Reported,Yes,37000.0,3.0,6.0,6,0.8071,6549.0,1,0,0,0.2751
Ford,Bronco Sport Outer Banks,2021,15198.0,Gasoline,1.5L I3 12V PDI DOHC Turbo,8-Speed Automatic,Blue,Navy Pier,None Reported,Yes,31621.0,1.5,,3,2.0805,3800.0,0,0,0,0.0456
Volkswagen,Eurovan Mv,2001,220000.0,Gasoline,140.0HP 2.8L V6 Cylinder Engine Gasoline Fuel,A/T,Silver,–,None Reported,Yes,5500.0,2.8,6.0,23,0.025,9167.0,0,0,0,5.06
Jaguar,F-Type R,2017,58000.0,Gasoline,550.0HP 5.0L 8 Cylinder Engine Gasoline Fuel,A/T,Black,Black,None Reported,Yes,51500.0,5.0,8.0,7,0.8879,7250.0,0,0,0,0.406
Land,Rover Range Rover Evoque R-Dynamic Hse,2020,30424.0,Hybrid,2.0 Liter,Automatic,Silver,Black,None Reported,Unknown,44998.0,,,4,1.479,6085.0,0,0,1,0.1217
Ram,1500 Laramie,2021,38012.0,Gasoline,5.7L V8 16V MPFI OHV,8-Speed Automatic,Delmonico Red Pearlcoat,Black,None Reported,Yes,45277.0,5.7,,3,1.1911,9503.0,0,0,0,0.114
Rivian,R1S Adventure Package,2023,2500.0,Gasoline,835.0HP Electric Motor Electric Fuel System,A/T,Gray,Gray,None Reported,Yes,91000.0,,,1,36.3854,1250.0,0,0,0,0.0025
Bmw,M760 I Xdrive,2021,11078.0,Gasoline,"6.6L V-12 gasoline direct injection, DOHC, variable valve contro","Automatic, 8-Spd Sport W/Sport & Manual Modes",Black,White,None Reported,Unknown,91900.0,6.6,,3,8.295,2770.0,1,0,0,0.0332
Lexus,Lx 570 Three-Row,2018,50000.0,Gasoline,383.0HP 5.7L 8 Cylinder Engine Gasoline Fuel,A/T,White,Black,None Reported,Yes,65000.0,5.7,8.0,6,1.3,7143.0,1,0,0,0.3
Land,Rover Range Rover Velar P250 Se R-Dynamic,2019,58000.0,Gasoline,247.0HP 2.0L 4 Cylinder Engine Gasoline Fuel,A/T,White,Black,None Reported,Yes,38000.0,2.0,4.0,5,0.6552,9667.0,0,0,0,0.29
Acura,Mdx W/Technology Package,2023,3415.0,Gasoline,3.5 Liter SOHC,F,White,Parchment.,None Reported,Unknown,54998.0,,,1,16.1001,1708.0,0,0,0,0.0034
Lexus,Lc 500 Base,2018,61000.0,Gasoline,471.0HP 5.0L 8 Cylinder Engine Gasoline Fuel,Transmission W/Dual Shift Mode,Black,Black,None Reported,Yes,65000.0,5.0,8.0,6,1.0656,8714.0,1,0,0,0.366
Audi,Sq5 3.0T Prestige,2019,48500.0,Gasoline,349.0HP 3.0L V6 Cylinder Engine Gasoline Fuel,Transmission W/Dual Shift Mode,Gray,Black,At Least 1 Accident Or Damage Reported,Yes,43500.0,3.0,6.0,5,0.8969,8083.0,1,1,0,0.2425
Land,Rover Range Rover Velar P250 Se R-Dynamic,2018,65680.0,Gasoline,247.0HP 2.0L 4 Cylinder Engine Gasoline Fuel,A/T,Silver,Black,At Least 1 Accident Or Damage Reported,Yes,34900.0,2.0,4.0,6,0.5314,9383.0,0,1,0,0.3941
Ram,1500 Limited,2020,44362.0,Gasoline,5.7L V8 16V MPFI OHV,8-Speed Automatic,Bright White Clearcoat,Black,None Reported,Yes,50658.0,5.7,,4,1.1419,8872.0,0,0,0,0.1774
Audi,S4 3.0T Premium,2019,18603.0,Gasoline,3.0L V6 24V GDI DOHC Turbo,8-Speed Automatic,Brilliant Black,Black,None Reported,Unknown,42900.0,3.0,,5,2.306,3100.0,1,0,0,0.093
Audi,A8 4.0,2020,35999.0,Hybrid,4.0 Liter Turbo,Automatic,Mythos Black Metallic,Sarder Brown,None Reported,Unknown,59598.0,,,4,1.6555,7200.0,1,0,1,0.144
Cadillac,Escalade Esv Sport,2021,8044.0,Gasoline,420.0HP 6.2L 8 Cylinder Engine Gasoline Fuel,Transmission W/Dual Shift Mode,Black,Beige,None Reported,Yes,93000.0,6.2,8.0,3,11.56,2011.0,1,0,0,0.0241
Mercedes-Benz,Amg Gt Amg Gt S,2016,9738.0,Gasoline,503.0HP 4.0L 8 Cylinder Engine Gasoline Fuel,7-Speed A/T,Red,Black,None Reported,Yes,85500.0,4.0,8.0,8,8.7791,1082.0,1,0,0,0.0779
Bmw,M3 Base,2009,112000.0,Gasoline,420.0HP 4.0L 8 Cylinder Engine Gasoline Fuel,Transmission W/Dual Shift Mode,Gray,Black,At Least 1 Accident Or Damage Reported,Yes,28000.0,4.0,8.0,15,0.25,7000.0,1,1,0,1.68
Honda,Accord Ex-L,2009,167300.0,Gasoline,190.0HP 2.4L 4 Cylinder Engine Gasoline Fuel,5-Speed A/T,Silver,Black,None Reported,Yes,6250.0,2.4,4.0,15,0.0374,10456.0,0,0,0,2.5095
Cadillac,Escalade Premium,2015,71000.0,Gasoline,420.0HP 6.2L 8 Cylinder Engine Gasoline Fuel,6-Speed A/T,Black,Brown,At Least 1 Accident Or Damage Reported,Yes,35999.0,6.2,8.0,9,0.507,7100.0,1,1,0,0.639
Acura,Rdx Technology Package,2020,31015.0,Gasoline,2.0L I4 16V GDI DOHC Turbo,10-Speed Automatic,Silver,Ebony,None Reported,Yes,36570.0,2.0,,4,1.1791,6203.0,0,0,0,0.1241
Bmw,X2 Xdrive28I,2022,33000.0,Gasoline,228.0HP 2.0L 4 Cylinder Engine Gasoline Fuel,Transmission W/Dual Shift Mode,Orange,Black,None Reported,Yes,29999.0,2.0,4.0,2,0.909,11000.0,1,0,0,0.066
Chrysler,Pacifica Touring,2017,63000.0,–,–,9-Speed A/T,White,Beige,None Reported,Yes,20000.0,,,7,0.3175,7875.0,0,0,0,0.441
Buick,Verano Convenience,2013,68325.0,E85 Flex Fuel,180.0HP 2.4L 4 Cylinder Engine Flex Fuel Capability,Transmission W/Dual Shift Mode,Silver,Gray,None Reported,Yes,11995.0,2.4,4.0,11,0.1756,5694.0,0,0,0,0.7516
Mercedes-Benz,Amg S 63 Base 4Matic,2020,20937.0,Gasoline,4.0L V8 32V GDI DOHC Twin Turbo,9-Speed Automatic,Magnetite Black Metallic,Black,None Reported,Unknown,104900.0,4.0,,4,5.01,4187.0,1,0,0,0.0837
Ram,2500 Tradesman,2021,34365.0,Gasoline,410.0HP 6.4L 8 Cylinder Engine Gasoline Fuel,8-Speed A/T,Gray,Gray,At Least 1 Accident Or Damage Reported,Yes,48000.0,6.4,8.0,3,1.3967,8591.0,0,1,0,0.1031
Mercedes-Benz,Metris Base,2018,32000.0,Gasoline,208.0HP 2.0L 4 Cylinder Engine Gasoline Fuel,Transmission W/Dual Shift Mode,Black,Black,None Reported,Yes,44900.0,2.0,4.0,6,1.4031,4571.0,1,0,0,0.192
Land,Rover Range Rover Evoque S,2020,40237.0,Gasoline,2.0 Liter,Automatic,Carpathian Grey Premium Metallic,Cloud,None Reported,Unknown,36998.0,,,4,0.9195,8047.0,0,0,0,0.1609
Volvo,Xc90 T6 Inscription,2020,22500.0,Gasoline,316.0HP 2.0L 4 Cylinder Engine Gasoline Fuel,A/T,Black,White,None Reported,Yes,50000.0,2.0,4.0,4,2.2221,4500.0,0,0,0,0.09
Ford,Expedition King Ranch,2020,58700.0,Gasoline,375.0HP 3.5L V6 Cylinder Engine Gasoline Fuel,10-Speed A/T,Black,Brown,At Least 1 Accident Or Damage Reported,Yes,48999.0,3.5,6.0,4,0.8347,11740.0,0,1,0,0.2348
Toyota,Highlander Hybrid Limited,2006,223089.60000000012,Hybrid,208.0HP 3.3L V6 Cylinder Engine Gas/Electric Hybrid,A/T,Gold,Beige,At Least 1 Accident Or Damage Reported,Yes,5000.0,3.3,6.0,18,0.0224,11742.0,0,1,1,4.0156
Toyota,Tundra Sr5 Access Cab,2005,209500.0,Gasoline,282.0HP 4.7L 8 Cylinder Engine Gasoline Fuel,5-Speed A/T,Blue,Gray,None Reported,Yes,8500.0,4.7,8.0,19,0.0406,10475.0,0,0,0,3.9805
Ford,Transit-350 Base,2023,195.0,Gasoline,310.0HP 3.5L V6 Cylinder Engine Gasoline Fuel,10-Speed A/T,Blue,Gray,None Reported,Yes,87500.0,3.5,6.0,1,446.4286,98.0,0,0,0,0.0002
Chevrolet,Express 3500 Lt,2016,120000.0,Diesel,260.0HP 6.6L 8 Cylinder Engine Diesel Fuel,6-Speed A/T,White,Gray,None Reported,Yes,19500.0,6.6,8.0,8,0.1625,13333.0,0,0,0,0.96
Chevrolet,Bolt Euv Premier,2022,14676.0,Gasoline,200.0HP Electric Motor Electric Fuel System,A/T,Black,Blue,None Reported,Yes,33000.0,,,2,2.2484,4892.0,0,0,0,0.0294
Jeep,Wrangler Unlimited 4Xe Sahara,2021,33704.0,Hybrid,2.0L I4 16V GDI DOHC Turbo Hybrid,8-Speed Automatic,Bright White Clearcoat,Black,None Reported,Unknown,42998.0,2.0,,3,1.2757,8426.0,0,0,1,0.1011
Bmw,X7 Xdrive40I,2023,2950.0,Hybrid,375.0HP 3.0L Straight 6 Cylinder Engine Gasoline/Mild Electric Hybrid,8-Speed A/T,Black,Brown,None Reported,Yes,87000.0,3.0,6.0,1,29.4815,1475.0,1,0,1,0.003
Mercedes-Benz,Amg Gt 53 Base,2021,17994.0,Gasoline,3.0L I6 24V GDI DOHC Turbo,9-Speed Automatic,–,–,None Reported,Yes,87500.0,3.0,,3,4.8625,4498.0,1,0,0,0.054
Toyota,Tundra Limited,2020,44101.0,Gasoline,5.7L V8 32V MPFI DOHC,6-Speed Automatic,Gray,Black,None Reported,Yes,45423.0,5.7,,4,1.03,8820.0,0,0,0,0.1764
Bmw,X1 Xdrive28I,2021,25918.0,Gasoline,228.0HP 2.0L 4 Cylinder Engine Gasoline Fuel,Transmission W/Dual Shift Mode,Gray,Black,None Reported,Yes,32000.0,2.0,4.0,3,1.2346,6480.0,1,0,0,0.0778
Bmw,135 I,2008,87000.0,Gasoline,300.0HP 3.0L Straight 6 Cylinder Engine Gasoline Fuel,A/T,White,Beige,None Reported,Yes,15300.0,3.0,6.0,16,0.1759,5118.0,1,0,0,1.392
Mazda,Mazda3 Touring,2018,28333.0,Gasoline,184.0HP 2.5L 4 Cylinder Engine Gasoline Fuel,Transmission W/Dual Shift Mode,Blue,Black,None Reported,Yes,20500.0,2.5,4.0,6,0.7235,4048.0,0,0,0,0.17
Audi,A7 3.0T Premium Plus,2018,29294.0,Gasoline,340.0HP 3.0L V6 Cylinder Engine Gasoline Fuel,A/T,White,Beige,None Reported,Yes,39999.0,3.0,6.0,6,1.3654,4185.0,1,0,0,0.1758
Saturn,Sky Red Line,2008,37000.0,Gasoline,260.0HP 2.0L 4 Cylinder Engine Gasoline Fuel,A/T,Blue,Black,None Reported,Yes,14995.0,2.0,4.0,16,0.4053,2176.0,0,0,0,0.592
Bmw,Z4 2.5I Roadster,2005,138000.0,Gasoline,184.0HP 2.5L Straight 6 Cylinder Engine Gasoline Fuel,5-Speed A/T,White,Beige,None Reported,Yes,9950.0,2.5,6.0,19,0.0721,6900.0,1,0,0,2.622
Volvo,Xc90 Hybrid T8 Inscription,2020,44487.0,Plug-In Hybrid,400.0HP 2.0L 4 Cylinder Engine Plug-In Electric/Gas,8-Speed A/T,Blue,Brown,None Reported,Yes,65000.0,2.0,4.0,4,1.4611,8897.0,0,0,1,0.1779
Acura,Tlx A-Spec,2021,16878.0,Gasoline,2.0L I4 16V GDI DOHC Turbo,10-Speed Automatic,Red,Ebony,None Reported,Yes,38781.0,2.0,,3,2.2976,4220.0,0,0,0,0.0506
Acura,Mdx W/Technology Package,2022,30177.0,Gasoline,3.5L 24V SOHC I-VTEC V6,2,Majestic Black Pearl,Espresso,None Reported,Unknown,46598.0,3.5,,2,1.5441,10059.0,0,0,0,0.0604
Chevrolet,Tahoe High Country,2021,53000.0,Gasoline,420.0HP 6.2L 8 Cylinder Engine Gasoline Fuel,10-Speed A/T,Black,Black,At Least 1 Accident Or Damage Reported,Yes,67100.0,6.2,8.0,3,1.266,13250.0,0,1,0,0.159
Tesla,Model Y Long Range,2021,61308.0,Gasoline,425.0HP Electric Motor Electric Fuel System,A/T,White,White,None Reported,Yes,42000.0,,,3,0.6851,15327.0,0,0,0,0.1839
Mercedes-Benz,Glk-Class Glk 350,2013,99200.0,Gasoline,302.0HP 3.5L V6 Cylinder Engine Gasoline Fuel,A/T,Silver,Black,Unknown,Unknown,11495.0,3.5,6.0,11,0.1159,8267.0,1,0,0,1.0912
Chevrolet,Traverse Ls,2022,32117.0,Gasoline,3.6L V6 24V GDI DOHC,Automatic,Northsky Blue Metallic,Jet Black,None Reported,Unknown,33299.0,3.6,,2,1.0368,10706.0,0,0,0,0.0642
Bmw,550 Gran Turismo I,2013,79341.0,Gasoline,445.0HP 4.4L 8 Cylinder Engine Gasoline Fuel,A/T,Gold,Brown,None Reported,Yes,16800.0,4.4,8.0,11,0.2117,6612.0,1,0,0,0.8728
Land,Rover Range Rover Sport Hse,2007,220000.0,Gasoline,300.0HP 4.4L 8 Cylinder Engine Gasoline Fuel,A/T,White,Beige,None Reported,Yes,5750.0,4.4,8.0,17,0.0261,12222.0,0,0,0,3.74
Bmw,430 I Xdrive,2021,16900.0,Gasoline,255.0HP 2.0L 4 Cylinder Engine Gasoline Fuel,8-Speed A/T,Blue,White,None Reported,Yes,43000.0,2.0,4.0,3,2.5442,4225.0,1,0,0,0.0507
Porsche,Cayman Base,2007,75137.0,Gasoline,245.0HP 2.7L Flat 6 Cylinder Engine Gasoline Fuel,M/T,Black,Gray,At Least 1 Accident Or Damage Reported,Yes,24999.0,2.7,6.0,17,0.3327,4174.0,1,1,0,1.2773
Ford,Expedition Max King Ranch,2021,37594.0,Gasoline,3.5L V6 24V PDI DOHC Twin Turbo,10-Speed Automatic,Black,Mesa,None Reported,Yes,62595.0,3.5,,3,1.665,9398.0,0,0,0,0.1128
Rivian,R1S Adventure Package,2023,250.0,Gasoline,835.0HP Electric Motor Electric Fuel System,A/T,Red,Black,Unknown,Unknown,94000.0,,,1,374.502,125.0,0,0,0,0.0002
Mercedes-Benz,Glc 300 Glc 300,2021,12771.0,Gasoline,2.0 Liter Turbo,Automatic,Black,–,None Reported,Unknown,42598.0,,,3,3.3353,3193.0,1,0,0,0.0383
Ford,Mustang Shelby Gt500,2012,6400.0,Gasoline,550.0HP 5.4L 8 Cylinder Engine Gasoline Fuel,6-Speed M/T,Silver,Black,None Reported,Yes,48000.0,5.4,8.0,12,7.4988,492.0,0,0,0,0.0768
Tesla,Model Y Long Range,2021,69548.0,Gasoline,425.0HP Electric Motor Electric Fuel System,1-Speed A/T,Black,Black,At Least 1 Accident Or Damage Reported,Yes,36300.0,,,3,0.5219,17387.0,0,1,0,0.2086
Nissan,370Z Base,2009,79893.0,Gasoline,332.0HP 3.7L V6 Cylinder Engine Gasoline Fuel,7-Speed A/T,Silver,Black,None Reported,Yes,15900.0,3.7,6.0,15,0.199,4993.0,0,0,0,1.1984
Toyota,Sequoia Platinum,2014,124838.0,Gasoline,381.0HP 5.7L 8 Cylinder Engine Gasoline Fuel,A/T,Black,Gray,None Reported,Yes,33000.0,5.7,8.0,10,0.2643,11349.0,0,0,0,1.2484
Nissan,Nv Passenger Nv3500 Hd Sl V8,2020,14353.0,Gasoline,375.0HP 5.6L 8 Cylinder Engine Gasoline Fuel,A/T,Black,Gray,None Reported,Yes,63900.0,5.6,8.0,4,4.4517,2871.0,0,0,0,0.0574
Ford,Transit Connect Xl W/Rear Symmetrical Doors,2022,22985.0,Gasoline,169.0HP 2.5L 4 Cylinder Engine Gasoline Fuel,A/T,White,Gray,None Reported,Yes,33500.0,2.5,4.0,2,1.4574,7662.0,0,0,0,0.046
Infiniti,Qx80 Base,2014,161894.0,Gasoline,400.0HP 5.6L 8 Cylinder Engine Gasoline Fuel,7-Speed A/T,White,Beige,None Reported,Yes,18900.0,5.6,8.0,10,0.1167,14718.0,0,0,0,1.6189
Aston,Martin V8 Vantage Base,2008,25025.0,Gasoline,380.0HP 4.3L 8 Cylinder Engine Gasoline Fuel,6-Speed A/T,White,Black,At Least 1 Accident Or Damage Reported,Yes,39000.0,4.3,8.0,16,1.5584,1472.0,0,1,0,0.4004
Porsche,911 Carrera S,2017,16701.0,Gasoline,3.0 Liter,–,Red,–,None Reported,Unknown,107998.0,,,7,6.4662,2088.0,1,0,0,0.1169
Lotus,Evora 400 Base,2017,19650.0,Gasoline,400.0HP 3.5L V6 Cylinder Engine Gasoline Fuel,6-Speed M/T,Silver,Red,None Reported,Yes,69250.0,3.5,6.0,7,3.524,2456.0,0,0,0,0.1376
Land,Rover Range Rover Velar P250 S R-Dynamic,2020,29500.0,Gasoline,247.0HP 2.0L 4 Cylinder Engine Gasoline Fuel,A/T,Red,White,None Reported,Yes,45000.0,2.0,4.0,4,1.5254,5900.0,0,0,0,0.118
Nissan,Xterra S,2007,132272.0,Gasoline,261.0HP 4.0L V6 Cylinder Engine Gasoline Fuel,M/T,Gray,Gray,At Least 1 Accident Or Damage Reported,Yes,6700.0,4.0,6.0,17,0.0507,7348.0,0,1,0,2.2486
Dodge,Charger R/T,2012,122000.0,Gasoline,370.0HP 5.7L 8 Cylinder Engine Gasoline Fuel,5-Speed A/T,White,Black,At Least 1 Accident Or Damage Reported,Yes,13500.0,5.7,8.0,12,0.1107,9385.0,0,1,0,1.464
Buick,Encore Gx Essence,2022,18185.0,Gasoline,1.3L I3 12V GDI DOHC Turbo,Automatic Cvt,Summit White,Whisper Beige,None Reported,Unknown,31755.0,1.3,,2,1.7461,6062.0,0,0,0,0.0364
Nissan,Leaf S,2018,56450.0,Gasoline,147.0HP Electric Motor Electric Fuel System,A/T,Black,Black,At Least 1 Accident Or Damage Reported,Yes,13999.0,,,6,0.248,8064.0,0,1,0,0.3387
Nissan,Leaf Sl,2012,102000.0,Gasoline,107.0HP Electric Motor Electric Fuel System,1-Speed A/T,Silver,Gray,None Reported,Yes,4200.0,,,12,0.0412,7846.0,0,0,0,1.224
Jeep,Grand Wagoneer Series Iii,2022,18428.0,Gasoline,6.4 Liter,Automatic,Baltic Gray,Black,None Reported,Unknown,83998.0,,,2,4.5579,6143.0,0,0,0,0.0369
Nissan,Z Proto Spec,2023,535.0,Gasoline,400.0HP 3.0L V6 Cylinder Engine Gasoline Fuel,6-Speed M/T,Yellow,Black,None Reported,Yes,65990.0,3.0,6.0,1,123.1157,268.0,0,0,0,0.0005
Land,Rover Range Rover Sport Hse,2013,81648.0,Gasoline,"5L V-8 gasoline direct injection, DOHC, variable valve control,","Auto, 6-Spd W/Cmdshft",Fuji White,–,None Reported,Unknown,15900.0,5.0,,11,0.1947,6804.0,0,0,0,0.8981
Porsche,Boxster S,2003,138202.0,Gasoline,3.2L H6 24V MPFI DOHC,6-Speed Manual,Silver,Black,At Least 1 Accident Or Damage Reported,Yes,22550.0,3.2,,21,0.1632,6282.0,1,1,0,2.9022
Bentley,Continental Gt Base,2004,69600.0,Gasoline,550.0HP 6.0L 12 Cylinder Engine Gasoline Fuel,A/T,Silver,Black,None Reported,Yes,37900.0,6.0,12.0,20,0.5445,3314.0,0,0,0,1.392
Jaguar,F-Type R,2018,39900.0,Gasoline,550.0HP 5.0L 8 Cylinder Engine Gasoline Fuel,8-Speed A/T,White,Black,None Reported,Yes,53600.0,5.0,8.0,6,1.3433,5700.0,0,0,0,0.2394
Cadillac,Escalade Esv Sport,2021,36500.0,Gasoline,420.0HP 6.2L 8 Cylinder Engine Gasoline Fuel,Transmission W/Dual Shift Mode,White,Black,None Reported,Yes,85000.0,6.2,8.0,3,2.3287,9125.0,1,0,0,0.1095
Audi,Tt 2.0T,2018,42650.0,Gasoline,220.0HP 2.0L 4 Cylinder Engine Gasoline Fuel,Transmission W/Dual Shift Mode,Gray,Black,None Reported,Yes,31990.0,2.0,4.0,6,0.75,6093.0,1,0,0,0.2559
Jeep,Wrangler Unlimited Sahara,2020,68816.0,Gasoline,2.0L I4 16V GDI DOHC Turbo,8-Speed Automatic,Black Clearcoat,Black,None Reported,Yes,35297.0,2.0,,4,0.5129,13763.0,0,0,0,0.2753
Audi,S6 4.0T,2016,91188.0,Gasoline,450.0HP 4.0L 8 Cylinder Engine Gasoline Fuel,7-Speed A/T,Black,Black,None Reported,Yes,29995.0,4.0,8.0,8,0.3289,10132.0,1,0,0,0.7295
Gmc,Sierra 2500 Sle,2015,116210.0,E85 Flex Fuel,360.0HP 6.0L 8 Cylinder Engine Flex Fuel Capability,Transmission Overdrive Switch,Black,Beige,None Reported,Yes,31900.0,6.0,8.0,9,0.2745,11621.0,0,0,0,1.0459
Tesla,Model 3 Long Range,2022,3077.0,Gasoline,Dual Motor - Standard,Automatic,Silver,Black,None Reported,Unknown,44998.0,,,2,14.6192,1026.0,0,0,0,0.0062
Mazda,Cx-90 Premium,2024,3880.0,Gasoline,2.5L,8-Speed Automatic,Machine Gray Metallic,Black,None Reported,Yes,52991.0,2.5,,0,13.654,3880.0,0,0,0,0.0
Ford,C-Max Energi Se,2017,67482.0,Plug-In Hybrid,188.0HP 2.0L 4 Cylinder Engine Plug-In Electric/Gas,Cvt Transmission,Gray,Black,At Least 1 Accident Or Damage Reported,Yes,11499.0,2.0,4.0,7,0.1704,8435.0,0,1,1,0.4724
Cadillac,Escalade Esv Platinum,2018,67726.0,Gasoline,420.0HP 6.2L 8 Cylinder Engine Gasoline Fuel,10-Speed A/T,Black,Black,None Reported,Yes,52000.0,6.2,8.0,6,0.7678,9675.0,1,0,0,0.4064
Audi,Tt 3.2 Cabriolet Quattro,2008,207000.0,Gasoline,250.0HP 3.2L V6 Cylinder Engine Gasoline Fuel,6-Speed M/T,Black,Black,At Least 1 Accident Or Damage Reported,Yes,10500.0,3.2,6.0,16,0.0507,12176.0,1,1,0,3.312
Hyundai,Santa Fe Se,2021,35550.0,Gasoline,2.5L I4 16V PDI DOHC,8-Speed Automatic,Twilight Black,Black,At Least 1 Accident Or Damage Reported,Yes,25987.0,2.5,,3,0.731,8888.0,0,1,0,0.1066
Mercedes-Benz,Amg Gle Amg Gle 63 S-Model 4Matic,2016,44000.0,Gasoline,577.0HP 5.5L 8 Cylinder Engine Gasoline Fuel,7-Speed A/T,Black,Black,None Reported,Yes,46599.0,5.5,8.0,8,1.059,4889.0,1,0,0,0.352
Mercedes-Benz,Sl-Class Sl 550,2015,11249.0,Gasoline,429.0HP 4.7L 8 Cylinder Engine Gasoline Fuel,7-Speed A/T,White,Beige,None Reported,Yes,54500.0,4.7,8.0,9,4.8444,1125.0,1,0,0,0.1012
Acura,Mdx 3.5L Technology Package,2014,111650.0,Gasoline,290.0HP 3.5L V6 Cylinder Engine Gasoline Fuel,6-Speed A/T,Green,Beige,At Least 1 Accident Or Damage Reported,Yes,17500.0,3.5,6.0,10,0.1567,10150.0,0,1,0,1.1165
Ram,2500 Laramie,2019,18526.0,Diesel,6.7L I6 24V DDI OHV Turbo Diesel,6-Speed Automatic,Pearl White,Black,None Reported,Unknown,67999.0,6.7,,5,3.6703,3088.0,0,0,0,0.0926
Audi,A7 Premium,2012,103272.0,Gasoline,310.0HP 3.0L V6 Cylinder Engine Gasoline Fuel,8-Speed A/T,Black,Brown,None Reported,Yes,15500.0,3.0,6.0,12,0.1501,7944.0,1,0,0,1.2393
Bmw,M2 Base,2023,1160.0,Gasoline,453.0HP 3.0L Straight 6 Cylinder Engine Gasoline Fuel,6-Speed M/T,Gray,Black,None Reported,Yes,73600.0,3.0,6.0,1,63.3936,580.0,1,0,0,0.0012
Ram,1500 Laramie,2019,107714.0,Gasoline,5.7L V8 16V MPFI OHV,8-Speed Automatic,Diamond Black,Black,None Reported,Yes,34918.0,5.7,,5,0.3242,17952.0,0,0,0,0.5386
Audi,Q5 2.0T Premium Plus,2013,111773.0,Gasoline,211.0HP 2.0L 4 Cylinder Engine Gasoline Fuel,8-Speed A/T,Brown,Beige,None Reported,Yes,17000.0,2.0,4.0,11,0.1521,9314.0,1,0,0,1.2295
Cadillac,Xts Luxury,2019,54002.0,Gasoline,304.0HP 3.6L V6 Cylinder Engine Gasoline Fuel,A/T,Black,Beige,At Least 1 Accident Or Damage Reported,Yes,22500.0,3.6,6.0,5,0.4166,9000.0,1,1,0,0.27
Volkswagen,Jetta 1.4T Se,2016,87000.0,Gasoline,150.0HP 1.4L 4 Cylinder Engine Gasoline Fuel,Transmission W/Dual Shift Mode,Gray,Gray,At Least 1 Accident Or Damage Reported,Yes,13000.0,1.4,4.0,8,0.1494,9667.0,0,1,0,0.696
Ford,Focus Rs Base,2016,49700.0,Gasoline,350.0HP 2.3L 4 Cylinder Engine Gasoline Fuel,6-Speed M/T,Blue,Black,None Reported,Yes,31700.0,2.3,4.0,8,0.6378,5522.0,0,0,0,0.3976
Mercedes-Benz,Amg C 63 S,2017,34500.0,Gasoline,503.0HP 4.0L 8 Cylinder Engine Gasoline Fuel,7-Speed A/T,Gray,Black,None Reported,Yes,64600.0,4.0,8.0,7,1.8724,4312.0,1,0,0,0.2415
Ford,Bronco Sport Big Bend,2021,31729.0,Gasoline,1.5L I3 12V PDI DOHC Turbo,8-Speed Automatic,Maroon,Medium Dark Slate,At Least 1 Accident Or Damage Reported,Yes,29614.0,1.5,,3,0.9333,7932.0,0,1,0,0.0952
Jeep,Gladiator Overland,2021,7388.0,Gasoline,3.6L V6 24V MPFI DOHC,8-Speed Automatic,Firecracker Red Clearcoat,Black,None Reported,Yes,43663.0,3.6,,3,5.9092,1847.0,0,0,0,0.0222
Bmw,330E Iperformance,2017,41550.0,Plug-In Hybrid,247.0HP 2.0L 4 Cylinder Engine Plug-In Electric/Gas,Transmission W/Dual Shift Mode,Silver,Black,None Reported,Yes,20995.0,2.0,4.0,7,0.5053,5194.0,1,0,1,0.2908
Mercedes-Benz,Glc 300 Base 4Matic,2018,44486.0,Gasoline,2.0L I4 16V GDI DOHC Turbo,9-Speed Automatic,Gray,Black,None Reported,Unknown,25625.0,2.0,,6,0.576,6355.0,1,0,0,0.2669
Acura,Mdx 3.7L Advance,2013,20750.0,Gasoline,300.0HP 3.7L V6 Cylinder Engine Gasoline Fuel,6-Speed A/T,Black,Black,None Reported,Yes,33000.0,3.7,6.0,11,1.5903,1729.0,0,0,0,0.2282
Genesis,G70 3.3T,2022,12000.0,Gasoline,365.0HP 3.3L V6 Cylinder Engine Gasoline Fuel,8-Speed A/T,Green,Beige,None Reported,Yes,41000.0,3.3,6.0,2,3.4164,4000.0,1,0,0,0.024
Lexus,Lx 570 Three-Row,2021,14206.0,Gasoline,383.0HP 5.7L 8 Cylinder Engine Gasoline Fuel,A/T,Black,Black,None Reported,Yes,98000.0,5.7,8.0,3,6.898,3552.0,1,0,0,0.0426
Jeep,Grand Cherokee L Limited,2022,31700.0,Gasoline,293.0HP 3.6L V6 Cylinder Engine Gasoline Fuel,A/T,Gray,Black,None Reported,Yes,43500.0,3.6,6.0,2,1.3722,10567.0,0,0,0,0.0634
Hyundai,Ioniq Plug-In Hybrid Sel,2022,13044.0,Plug-In Hybrid,139.0HP 1.6L 4 Cylinder Engine Plug-In Electric/Gas,A/T,Blue,Gray,At Least 1 Accident Or Damage Reported,Yes,24999.0,1.6,4.0,2,1.9164,4348.0,0,1,1,0.0261
Kia,Sportage Lx,2009,100730.0,Gasoline,173.0HP 2.7L V6 Cylinder Engine Gasoline Fuel,A/T,Gold,Gold,None Reported,Yes,6975.0,2.7,6.0,15,0.0692,6296.0,0,0,0,1.511
Bmw,X5 Phev Xdrive45E,2023,5338.0,Plug-In Hybrid,389.0HP 3.0L Straight 6 Cylinder Engine Plug-In Electric/Gas,8-Speed A/T,Blue,White,None Reported,Yes,76500.0,3.0,6.0,1,14.3285,2669.0,1,0,1,0.0053
Ford,Expedition El Xlt,2014,85149.0,Gasoline,5.4 Liter,Automatic,Oxford White,Camel Leather,None Reported,Unknown,23598.0,,,10,0.2771,7741.0,0,0,0,0.8515
Bmw,X6 M Base,2018,48291.0,Gasoline,567.0HP 4.4L 8 Cylinder Engine Gasoline Fuel,Transmission W/Dual Shift Mode,Gray,Brown,None Reported,Yes,67250.0,4.4,8.0,6,1.3926,6899.0,1,0,0,0.2897
Volkswagen,Eurovan Mv,2001,111887.0,Gasoline,140.0HP 2.8L V6 Cylinder Engine Gasoline Fuel,A/T,Blue,Gray,None Reported,Yes,14000.0,2.8,6.0,23,0.1251,4662.0,0,0,0,2.5734
Rolls-Royce,Ghost Base,2010,79000.0,Gasoline,563.0HP 6.6L 12 Cylinder Engine Gasoline Fuel,8-Speed A/T,Silver,Black,None Reported,Yes,69000.0,6.6,12.0,14,0.8734,5267.0,0,0,0,1.106
Lincoln,Navigator Reserve,2016,125000.0,Gasoline,380.0HP 3.5L V6 Cylinder Engine Gasoline Fuel,Transmission W/Dual Shift Mode,Gray,Beige,None Reported,Yes,26500.0,3.5,6.0,8,0.212,13889.0,1,0,0,1.0
Mercedes-Benz,Gla 250 Base 4Matic,2022,13777.0,Gasoline,221.0HP 2.0L 4 Cylinder Engine Gasoline Fuel,8-Speed A/T,Black,Black,At Least 1 Accident Or Damage Reported,Yes,39777.0,2.0,4.0,2,2.887,4592.0,1,1,0,0.0276
Ram,1500 Big Horn,2022,14920.0,Gasoline,3.6L V6 24V MPFI DOHC,Automatic,Diamond Black,Black,None Reported,Yes,41741.0,3.6,,2,2.7975,4973.0,0,0,0,0.0298
Jeep,Grand Cherokee L Summit,2022,14627.0,Gasoline,3.6L V6 24V MPFI DOHC,Automatic,Diamond Black,Tupelo,None Reported,Unknown,56740.0,3.6,,2,3.8789,4876.0,0,0,0,0.0293
Volvo,S80 3.2,2010,90050.0,Gasoline,235.0HP 3.2L Straight 6 Cylinder Engine Gasoline Fuel,A/T,Brown,Beige,None Reported,Yes,5800.0,3.2,6.0,14,0.0644,6003.0,0,0,0,1.2607
Subaru,Brz Premium,2014,45000.0,Gasoline,200.0HP 2.0L 4 Cylinder Engine Gasoline Fuel,6-Speed M/T,Blue,Black,At Least 1 Accident Or Damage Reported,Yes,25000.0,2.0,4.0,10,0.5555,4091.0,0,1,0,0.45
Chevrolet,Corvette Base,1998,7666.0,Gasoline,340.0HP 5.7L 8 Cylinder Engine Gasoline Fuel,4-Speed A/T,Red,Black,None Reported,Yes,39500.0,5.7,8.0,26,5.1519,284.0,0,0,0,0.1993
Hummer,H2 Sut,2006,89900.0,Gasoline,325.0HP 6.0L 8 Cylinder Engine Gasoline Fuel,4-Speed A/T,Red,Beige,None Reported,Yes,29994.0,6.0,8.0,18,0.3336,4732.0,0,0,0,1.6182
Audi,Rs 7 4.0T,2021,14724.0,Hybrid,4.0 Liter TFSI,Automatic,Glacier White,Black/Red,None Reported,Unknown,101998.0,,,3,6.9269,3681.0,1,0,1,0.0442
Ford,Edge Sport,2011,132000.0,Gasoline,305.0HP 3.7L V6 Cylinder Engine Gasoline Fuel,Transmission W/Dual Shift Mode,Black,Black,At Least 1 Accident Or Damage Reported,Yes,10999.0,3.7,6.0,13,0.0833,9429.0,0,1,0,1.716
Gmc,Terrain Slt,2010,32652.0,Gasoline,182.0HP 2.4L 4 Cylinder Engine Gasoline Fuel,6-Speed A/T,Red,Brown,None Reported,Yes,6500.0,2.4,4.0,14,0.1991,2177.0,0,0,0,0.4571
Land,Rover Range Rover 5.0L Supercharged Autobiography Lwb,2018,36632.0,Gasoline,518.0HP 5.0L 8 Cylinder Engine Gasoline Fuel,8-Speed A/T,Blue,Blue,Unknown,Unknown,72567.0,5.0,8.0,6,1.9809,5233.0,0,0,0,0.2198
Jeep,Grand Cherokee Wk Laredo X,2022,11164.0,Gasoline,293.0HP 3.6L V6 Cylinder Engine Gasoline Fuel,8-Speed A/T,Black,Black,None Reported,Yes,37500.0,3.6,6.0,2,3.3587,3721.0,0,0,0,0.0223
Bmw,M4 Base,2020,22655.0,Gasoline,425.0HP 3.0L Straight 6 Cylinder Engine Gasoline Fuel,7-Speed A/T,Silver,Black,None Reported,Yes,63999.0,3.0,6.0,4,2.8248,4531.0,1,0,0,0.0906
Mercedes-Benz,Amg Gt 63 S 4-Door,2019,9500.0,Gasoline,630.0HP 4.0L 8 Cylinder Engine Gasoline Fuel,Transmission W/Dual Shift Mode,Gray,Gray,None Reported,Yes,135000.0,4.0,8.0,5,14.209,1583.0,1,0,0,0.0475
Chevrolet,Camaro 1Lt,2021,10300.0,Gasoline,335.0HP 3.6L V6 Cylinder Engine Gasoline Fuel,M/T,Black,Black,None Reported,Yes,29900.0,3.6,6.0,3,2.9026,2575.0,0,0,0,0.0309
Bmw,X6 M Base,2018,48000.0,Gasoline,567.0HP 4.4L 8 Cylinder Engine Gasoline Fuel,8-Speed A/T,Blue,Black,None Reported,Yes,54000.0,4.4,8.0,6,1.125,6857.0,1,0,0,0.288
Mercedes-Benz,Clk-Class 550,2007,138000.0,Gasoline,382.0HP 5.5L 8 Cylinder Engine Gasoline Fuel,7-Speed A/T,Silver,Black,At Least 1 Accident Or Damage Reported,Yes,10000.0,5.5,8.0,17,0.0725,7667.0,1,1,0,2.346
Ram,1500 Trx,2022,24058.0,Gasoline,"HEMI 6.2L V-8 intercooled supercharger, premium unleaded, engine","Automatic, 8-Spd",Flame Red Clearcoat,Black,None Reported,Unknown,81900.0,6.2,,2,3.4041,8019.0,0,0,0,0.0481
Audi,Rs 7 4.0T Prestige,2016,31500.0,Gasoline,560.0HP 4.0L 8 Cylinder Engine Gasoline Fuel,8-Speed A/T,Gray,Black,None Reported,Yes,67000.0,4.0,8.0,8,2.1269,3500.0,1,0,0,0.252
Porsche,Macan S,2020,19701.0,Gasoline,3.0 Liter,Automatic,–,–,None Reported,Unknown,55998.0,,,4,2.8422,3940.0,1,0,0,0.0788
Genesis,Gv70 3.5T Sport,2022,10200.0,Gasoline,375.0HP 3.5L V6 Cylinder Engine Gasoline Fuel,A/T,White,Black,None Reported,Yes,50500.0,3.5,6.0,2,4.9505,3400.0,1,0,0,0.0204
Aston,Martin V8 Vantage Base,2008,62378.0,Gasoline,380.0HP 4.3L 8 Cylinder Engine Gasoline Fuel,M/T,Red,Beige,At Least 1 Accident Or Damage Reported,Yes,33995.0,4.3,8.0,16,0.545,3669.0,0,1,0,0.998
Nissan,350Z Touring,2006,84200.0,Gasoline,300.0HP 3.5L V6 Cylinder Engine Gasoline Fuel,6-Speed M/T,Silver,Gray,None Reported,Yes,10200.0,3.5,6.0,18,0.1211,4432.0,0,0,0,1.5156
Toyota,Sequoia Sr5,2013,138700.0,E85 Flex Fuel,381.0HP 5.7L 8 Cylinder Engine Flex Fuel Capability,A/T,White,Gray,At Least 1 Accident Or Damage Reported,Yes,18800.0,5.7,8.0,11,0.1355,11558.0,0,1,0,1.5257
Chevrolet,Tahoe Premier,2021,41050.0,Gasoline,355.0HP 5.3L 8 Cylinder Engine Gasoline Fuel,10-Speed A/T,Gray,Gray,None Reported,Yes,62900.0,5.3,8.0,3,1.5322,10262.0,0,0,0,0.1232
Jeep,Compass Limited,2020,39192.0,Gasoline,2.4L I4 16V MPFI SOHC,9-Speed Automatic,White Clearcoat,Black,None Reported,Unknown,24590.0,2.4,,4,0.6274,7838.0,0,0,0,0.1568
Bmw,430 430I,2022,7758.0,Gasoline,2.0 Liter Turbo,Automatic,Black,Black,None Reported,Unknown,47998.0,,,2,6.1861,2586.0,1,0,0,0.0155
Ford,Bronco Sport Outer Banks,2021,31654.0,Gasoline,1.5L I3 12V PDI DOHC Turbo,8-Speed Automatic,Rapid Red Metallic Tinted Clearcoat,Navy Pier,None Reported,Unknown,33410.0,1.5,,3,1.0554,7914.0,0,0,0,0.095
Mercedes-Benz,Amg C 63 Base,2017,63000.0,Gasoline,469.0HP 4.0L 8 Cylinder Engine Gasoline Fuel,A/T,White,Black,At Least 1 Accident Or Damage Reported,Yes,42000.0,4.0,8.0,7,0.6667,7875.0,1,1,0,0.441
Volvo,S40 T5,2005,223089.60000000012,Gasoline,218.0HP 2.5L 5 Cylinder Engine Gasoline Fuel,6-Speed M/T,Red,Beige,None Reported,Yes,3550.0,2.5,5.0,19,0.0159,11154.0,0,0,0,4.2387
Mercedes-Benz,Gle 350 Base 4Matic,2017,57000.0,Gasoline,302.0HP 3.5L V6 Cylinder Engine Gasoline Fuel,7-Speed A/T,White,Black,At Least 1 Accident Or Damage Reported,Yes,29500.0,3.5,6.0,7,0.5175,7125.0,1,1,0,0.399
Chevrolet,Silverado 1500 1Lt,2017,89000.0,Gasoline,355.0HP 5.3L 8 Cylinder Engine Gasoline Fuel,6-Speed A/T,Gray,Gray,None Reported,Yes,29999.0,5.3,8.0,7,0.3371,11125.0,0,0,0,0.623
Chevrolet,Tahoe Ltz,2015,134500.0,Gasoline,355.0HP 5.3L 8 Cylinder Engine Gasoline Fuel,A/T,Black,Black,None Reported,Yes,28000.0,5.3,8.0,9,0.2082,13450.0,0,0,0,1.2105
Acura,Mdx Technology,2022,15895.0,Gasoline,3.5L V6 24V GDI SOHC,10-Speed Automatic,Majestic Black Pearl,Parchment,None Reported,Unknown,47950.0,3.5,,2,3.0165,5298.0,0,0,0,0.0318
Bentley,Bentayga Speed,2020,15109.0,Gasoline,6.0L W12 48V PDI DOHC Twin Turbo,8-Speed Automatic,Ice,Beluga Hide,Unknown,Unknown,162950.0,6.0,,4,10.7842,3022.0,0,0,0,0.0604
Genesis,Gv70 2.5T,2022,20319.0,Gasoline,300.0HP 2.5L 4 Cylinder Engine Gasoline Fuel,Transmission W/Dual Shift Mode,White,Black,None Reported,Yes,44249.0,2.5,4.0,2,2.1776,6773.0,1,0,0,0.0406
Pontiac,Firebird Base,1999,158000.0,Gasoline,200.0HP 3.8L V6 Cylinder Engine Gasoline Fuel,4-Speed A/T,White,Black,At Least 1 Accident Or Damage Reported,Yes,2500.0,3.8,6.0,25,0.0158,6077.0,0,1,0,3.95
Lexus,Gx 460 Base,2021,40906.0,Gasoline,4.6 Liter,Automatic,Black,Black,None Reported,Unknown,51998.0,,,3,1.2711,10226.0,1,0,0,0.1227
Bmw,Alpina B7 Alpina B7 Xdrive,2020,33749.0,Gasoline,4.4 Liter Twin Turbo,Automatic,Blue,Red,None Reported,Unknown,85998.0,,,4,2.5481,6750.0,1,0,0,0.135
Bmw,M4 Competition Xdrive,2023,1120.0,Gasoline,503.0HP 3.0L Straight 6 Cylinder Engine Gasoline Fuel,8-Speed A/T,Gray,White,None Reported,Yes,92900.0,3.0,6.0,1,82.8724,560.0,1,0,0,0.0011
Jeep,Grand Cherokee L Limited,2021,26088.0,Gasoline,3.6L V6 24V MPFI DOHC,8-Speed Automatic,Silver Zynith,Global Black,None Reported,Unknown,38383.0,3.6,,3,1.4712,6522.0,0,0,0,0.0783
Kia,Forte Gt-Line,2022,14950.0,Gasoline,147.0HP 2.0L 4 Cylinder Engine Gasoline Fuel,A/T,Silver,Gray,At Least 1 Accident Or Damage Reported,Yes,24000.0,2.0,4.0,2,1.6052,4983.0,0,1,0,0.0299
Kia,Forte Lx,2018,47466.0,Gasoline,"2L I-4 DOHC, D-CVVT variable valve control, engine with 147HP",Automatic,Silky Silver,Black,None Reported,Unknown,14699.0,2.0,,6,0.3097,6781.0,0,0,0,0.2848
Bmw,X6 M Base,2022,10376.0,Gasoline,4.4L V8 32V GDI DOHC Twin Turbo,8-Speed Automatic,Ametrin Metallic,Black,None Reported,Unknown,98900.0,4.4,,2,9.5307,3459.0,1,0,0,0.0208
Ram,Promaster 3500 High Roof,2021,18500.0,Gasoline,280.0HP 3.6L V6 Cylinder Engine Gasoline Fuel,A/T,White,Black,None Reported,Yes,41950.0,3.6,6.0,3,2.2674,4625.0,0,0,0,0.0555
Volkswagen,Atlas Cross Sport 3.6L V6 Sel Premium,2021,24596.0,Gasoline,3.6L V6 24V GDI DOHC,8-Speed Automatic,Deep Black Pearl Effect,Titan Black / Quarzit,None Reported,Unknown,38322.0,3.6,,3,1.558,6149.0,0,0,0,0.0738
Hyundai,Santa Fe Sel,2021,2905.0,Gasoline,2.5L I4 16V PDI DOHC,8-Speed Automatic,Shimmering Silver,Black,None Reported,Unknown,27599.0,2.5,,3,9.4972,726.0,0,0,0,0.0087
Jaguar,Xf 3.0 Portfolio,2015,71290.0,Gasoline,340.0HP 3.0L V6 Cylinder Engine Gasoline Fuel,A/T,Brown,Black,At Least 1 Accident Or Damage Reported,Yes,21000.0,3.0,6.0,9,0.2946,7129.0,0,1,0,0.6416
Audi,A7 55 Premium Plus,2022,15000.0,Hybrid,335.0HP 3.0L V6 Cylinder Engine Gasoline/Mild Electric Hybrid,A/T,Gray,Black,None Reported,Yes,63000.0,3.0,6.0,2,4.1997,5000.0,1,0,1,0.03
Infiniti,Qx30 Premium,2017,37900.0,Gasoline,208.0HP 2.0L 4 Cylinder Engine Gasoline Fuel,7-Speed A/T,Gray,Black,None Reported,Yes,22000.0,2.0,4.0,7,0.5805,4738.0,0,0,0,0.2653
Mercedes-Benz,Amg G 63 4Matic,2022,2000.0,Gasoline,577.0HP 4.0L 8 Cylinder Engine Gasoline Fuel,Transmission W/Dual Shift Mode,Black,Black,Unknown,Unknown,244896.0,4.0,8.0,2,122.3868,667.0,1,0,0,0.004
Mercedes-Benz,Amg C 43 Amg C 43 4Matic,2019,32500.0,Gasoline,385.0HP 3.0L V6 Cylinder Engine Gasoline Fuel,9-Speed A/T,Black,Black,None Reported,Yes,43500.0,3.0,6.0,5,1.3384,5417.0,1,0,0,0.1625
Mitsubishi,Lancer Evolution Base,2003,61491.0,Gasoline,271.0HP 2.0L 4 Cylinder Engine Gasoline Fuel,5-Speed M/T,Blue,Black,At Least 1 Accident Or Damage Reported,Yes,28000.0,2.0,4.0,21,0.4553,2795.0,0,1,0,1.2913
Jeep,Wrangler Unlimited Sport,2013,77634.0,Gasoline,3.6L V6 24V MPFI DOHC,5-Speed Automatic,Gecko Pearlcoat,Black,None Reported,Unknown,24590.0,3.6,,11,0.3167,6470.0,0,0,0,0.854
Audi,A3 2.0 Tdi Premium Plus,2015,83000.0,Diesel,150.0HP 2.0L 4 Cylinder Engine Diesel Fuel,6-Speed A/T,Black,Black,At Least 1 Accident Or Damage Reported,Yes,18999.0,2.0,4.0,9,0.2289,8300.0,1,1,0,0.747
Volkswagen,Jetta Glx Vr6,2002,121800.0,Gasoline,174.0HP 2.8L V6 Cylinder Engine Gasoline Fuel,5-Speed M/T,Black,Black,None Reported,Yes,4300.0,2.8,6.0,22,0.0353,5296.0,0,0,0,2.6796
Bmw,Alpina B7 Alpina B7 Xdrive,2020,65852.0,Gasoline,4.4 Liter Twin Turbo,Automatic,Black,Mocha,None Reported,Unknown,68998.0,,,4,1.0478,13170.0,1,0,0,0.2634
Mercedes-Benz,Cla-Class Cla 250,2014,83315.0,Gasoline,208.0HP 2.0L 4 Cylinder Engine Gasoline Fuel,A/T,White,White,None Reported,Yes,15000.0,2.0,4.0,10,0.18,7574.0,1,0,0,0.8332
Bmw,I8 Base,2019,18421.0,Plug-In Hybrid,369.0HP 1.5L 3 Cylinder Engine Plug-In Electric/Gas,6-Speed A/T,Black,Black,Unknown,Unknown,85000.0,1.5,3.0,5,4.614,3070.0,1,0,1,0.0921
Lexus,Ct 200H Premium,2015,101000.0,Hybrid,134.0HP 1.8L 4 Cylinder Engine Gas/Electric Hybrid,A/T,Black,Black,At Least 1 Accident Or Damage Reported,Yes,16500.0,1.8,4.0,9,0.1634,10100.0,1,1,1,0.909
Toyota,Tundra Sr5,2022,29322.0,Gasoline,3.4L V6 24V PDI DOHC Twin Turbo,10-Speed Automatic,Gray,Black,None Reported,Unknown,44999.0,3.4,,2,1.5346,9774.0,0,0,0,0.0586
Mercedes-Benz,Slc 300 Base,2019,23900.0,Gasoline,241.0HP 2.0L 4 Cylinder Engine Gasoline Fuel,9-Speed A/T,White,Black,None Reported,Yes,35999.0,2.0,4.0,5,1.5062,3983.0,1,0,0,0.1195
Mercedes-Benz,Amg C Amg C 63 S,2016,40515.0,Gasoline,4.0L V8 32V GDI DOHC Twin Turbo,7-Speed Automatic,Black,Black,At Least 1 Accident Or Damage Reported,Unknown,47999.0,4.0,,8,1.1847,4502.0,1,1,0,0.3241
Ford,F-150 Xlt,2020,67516.0,Gasoline,3.5L V6 24V PDI DOHC Twin Turbo,Automatic,Gray,Medium Light Camel,None Reported,Yes,36994.0,3.5,,4,0.5479,13503.0,0,0,0,0.2701
Mazda,Cx-9 Grand Touring,2010,155000.0,Gasoline,273.0HP 3.7L V6 Cylinder Engine Gasoline Fuel,6-Speed A/T,Silver,Black,None Reported,Yes,8300.0,3.7,6.0,14,0.0535,10333.0,0,0,0,2.17
Honda,Ridgeline Rtl-E,2019,26998.0,Gasoline,3.5L V6 24V GDI SOHC,6-Speed Automatic,Black,Black,None Reported,Unknown,35557.0,3.5,,5,1.317,4500.0,0,0,0,0.135
Bentley,Bentayga Onyx Edition,2018,18500.0,Gasoline,600.0HP 6.0L 12 Cylinder Engine Gasoline Fuel,8-Speed A/T,Black,Brown,None Reported,Yes,115000.0,6.0,12.0,6,6.2159,2643.0,0,0,0,0.111
Mini,Cooper S Clubman Base,2009,137600.0,Gasoline,172.0HP 1.6L 4 Cylinder Engine Gasoline Fuel,6-Speed M/T,Gold,Black,None Reported,Yes,6880.0,1.6,4.0,15,0.05,8600.0,0,0,0,2.064
Nissan,Murano Sl,2005,125500.0,Gasoline,245.0HP 3.5L V6 Cylinder Engine Gasoline Fuel,Cvt Transmission,Black,Beige,None Reported,Yes,3950.0,3.5,6.0,19,0.0315,6275.0,0,0,0,2.3845
Bentley,Bentayga V8,2019,22039.0,Gasoline,542.0HP 4.0L 8 Cylinder Engine Gasoline Fuel,8-Speed A/T,White,Black,None Reported,Yes,113990.0,4.0,8.0,5,5.172,3673.0,0,0,0,0.1102
Nissan,Juke Sv,2011,137483.0,Gasoline,188.0HP 1.6L 4 Cylinder Engine Gasoline Fuel,Cvt Transmission,White,Gray,None Reported,Yes,3200.0,1.6,4.0,13,0.0233,9820.0,0,0,0,1.7873
Ford,Expedition Max Limited,2019,67500.0,Gasoline,375.0HP 3.5L V6 Cylinder Engine Gasoline Fuel,10-Speed A/T,Gray,Black,None Reported,Yes,40500.0,3.5,6.0,5,0.6,11250.0,0,0,0,0.3375
Ford,Expedition Max King Ranch,2020,52000.0,Gasoline,375.0HP 3.5L V6 Cylinder Engine Gasoline Fuel,10-Speed A/T,Gray,Brown,At Least 1 Accident Or Damage Reported,Yes,53722.0,3.5,6.0,4,1.0331,10400.0,0,1,0,0.208
Chevrolet,Suburban Lt,2017,195361.0,Gasoline,355.0HP 5.3L 8 Cylinder Engine Gasoline Fuel,Transmission Overdrive Switch,Black,Black,At Least 1 Accident Or Damage Reported,Yes,26000.0,5.3,8.0,7,0.1331,24420.0,0,1,0,1.3675
Bentley,Bentayga Onyx Edition,2018,32500.0,Gasoline,600.0HP 6.0L 12 Cylinder Engine Gasoline Fuel,A/T,Black,Beige,At Least 1 Accident Or Damage Reported,Yes,103000.0,6.0,12.0,6,3.1691,4643.0,0,1,0,0.195
Bmw,M760 I Xdrive,2019,14806.0,Gasoline,601.0HP 6.6L 12 Cylinder Engine Gasoline Fuel,Transmission W/Dual Shift Mode,Black,Black,At Least 1 Accident Or Damage Reported,Yes,81330.0,6.6,12.0,5,5.4927,2468.0,1,1,0,0.074
Genesis,Gv70 2.5T,2022,11000.0,Gasoline,300.0HP 2.5L 4 Cylinder Engine Gasoline Fuel,A/T,White,–,At Least 1 Accident Or Damage Reported,Yes,48950.0,2.5,4.0,2,4.4496,3667.0,1,1,0,0.022
Chevrolet,Tahoe Lt,2011,92530.0,E85 Flex Fuel,320.0HP 5.3L 8 Cylinder Engine Flex Fuel Capability,A/T,Red,Black,At Least 1 Accident Or Damage Reported,Yes,18500.0,5.3,8.0,13,0.1999,6609.0,0,1,0,1.2029
Dodge,Durango Gt,2017,34845.0,Gasoline,295.0HP 3.6L V6 Cylinder Engine Gasoline Fuel,A/T,White,Black,At Least 1 Accident Or Damage Reported,Yes,30000.0,3.6,6.0,7,0.8609,4356.0,0,1,0,0.2439
Porsche,718 Cayman Gts,2018,16280.0,Gasoline,365.0HP 2.5L 4 Cylinder Engine Gasoline Fuel,Transmission W/Dual Shift Mode,Red,Black,None Reported,Yes,85500.0,2.5,4.0,6,5.2515,2326.0,1,0,0,0.0977
Porsche,Cayman Base,2011,77000.0,Gasoline,265.0HP 2.9L Flat 6 Cylinder Engine Gasoline Fuel,A/T,Red,Beige,None Reported,Yes,32000.0,2.9,6.0,13,0.4156,5500.0,1,0,0,1.001
Porsche,Panamera Turbo,2010,63000.0,Gasoline,500.0HP 4.8L 8 Cylinder Engine Gasoline Fuel,7-Speed A/T,Black,Beige,At Least 1 Accident Or Damage Reported,Yes,38500.0,4.8,8.0,14,0.6111,4200.0,1,1,0,0.882
Lexus,Es 350 Base,2016,39700.0,Gasoline,268.0HP 3.5L V6 Cylinder Engine Gasoline Fuel,6-Speed A/T,White,Beige,None Reported,Yes,25500.0,3.5,6.0,8,0.6423,4411.0,1,0,0,0.3176
Kia,Optima Hybrid Lx,2013,103111.0,Hybrid,199.0HP 2.4L 4 Cylinder Engine Gas/Electric Hybrid,A/T,Silver,Beige,At Least 1 Accident Or Damage Reported,Yes,9200.0,2.4,4.0,11,0.0892,8593.0,0,1,1,1.1342
Land,Rover Range Rover Velar R-Dynamic Se,2019,75897.0,Gasoline,2.0 Liter,Automatic,Black,Black,None Reported,Unknown,35998.0,,,5,0.4743,12650.0,0,0,0,0.3795
Jaguar,Xf S,2017,55000.0,Gasoline,380.0HP 3.0L V6 Cylinder Engine Gasoline Fuel,Transmission W/Dual Shift Mode,Gray,Red,None Reported,Yes,34000.0,3.0,6.0,7,0.6182,6875.0,0,0,0,0.385
Lexus,Gx 470 Base,2005,114000.0,Gasoline,270.0HP 4.7L 8 Cylinder Engine Gasoline Fuel,A/T,Silver,Gray,At Least 1 Accident Or Damage Reported,Yes,13450.0,4.7,8.0,19,0.118,5700.0,1,1,0,2.166
Mercedes-Benz,Gl-Class Gl 550,2011,80124.0,Gasoline,382.0HP 5.5L 8 Cylinder Engine Gasoline Fuel,7-Speed A/T,Black,Black,None Reported,Yes,17500.0,5.5,8.0,13,0.2184,5723.0,1,0,0,1.0416
Bmw,X6 M Base,2023,7000.0,Gasoline,600.0HP 4.4L 8 Cylinder Engine Gasoline Fuel,Transmission W/Dual Shift Mode,Gray,Gray,None Reported,Yes,144900.0,4.4,8.0,1,20.697,3500.0,1,0,0,0.007
Ram,1500 Longhorn,2023,4285.0,Gasoline,5.7L V8 16V MPFI OHV,Automatic,Delmonico Red Pearlcoat,Black / Saddle,None Reported,Yes,65688.0,5.7,,1,15.3262,2142.0,0,0,0,0.0043
Lamborghini,Huracan Lp580-2S,2019,17175.0,Gasoline,5.2L V10 40V GDI DOHC,7-Speed Automatic With Auto-Shift,Rosso Mars Metallic,Nero Ade,None Reported,Unknown,234900.0,5.2,,5,13.6761,2862.0,0,0,0,0.0859
Toyota,Highlander Hybrid Limited Platinum,2017,34049.0,Hybrid,3.5L V6 24V PDI DOHC Hybrid,Automatic Cvt,Shoreline Blue Pearl,Ash,None Reported,Unknown,37999.0,3.5,,7,1.116,4256.0,0,0,1,0.2383
Audi,E-Tron Prestige,2019,16000.0,Gasoline,355.0HP Electric Motor Electric Fuel System,A/T,White,Beige,At Least 1 Accident Or Damage Reported,Yes,39990.0,,,5,2.4992,2667.0,1,1,0,0.08
Gmc,Suburban 2500,1996,95000.0,Gasoline,290.0HP 7.4L 8 Cylinder Engine Gasoline Fuel,4-Speed A/T,White,Gray,None Reported,Yes,25000.0,7.4,8.0,28,0.2632,3276.0,0,0,0,2.66
Land,Rover Range Rover Velar Svautobiography Dynamic Edition,2020,59355.0,Gasoline,V8,Automatic,Santorini Black,Ebony / Pimento,None Reported,Yes,72995.0,,,4,1.2298,11871.0,0,0,0,0.2374
Chevrolet,Bolt Euv Premier,2022,31000.0,Gasoline,200.0HP Electric Motor Electric Fuel System,1-Speed A/T,Red,White,None Reported,Yes,36000.0,,,2,1.1613,10333.0,0,0,0,0.062
Bmw,M240 I,2019,19300.0,Gasoline,335.0HP 3.0L Straight 6 Cylinder Engine Gasoline Fuel,8-Speed A/T,White,Red,None Reported,Yes,36000.0,3.0,6.0,5,1.8652,3217.0,1,0,0,0.0965
Cadillac,Escalade Ext Base,2009,155000.0,E85 Flex Fuel,403.0HP 6.2L 8 Cylinder Engine Flex Fuel Capability,6-Speed A/T,Red,Beige,At Least 1 Accident Or Damage Reported,Yes,16900.0,6.2,8.0,15,0.109,9688.0,1,1,0,2.325
Scion,Tc Release Series 6.0,2010,120010.0,Gasoline,161.0HP 2.4L 4 Cylinder Engine Gasoline Fuel,4-Speed A/T,Gray,Black,At Least 1 Accident Or Damage Reported,Yes,6500.0,2.4,4.0,14,0.0542,8001.0,0,1,0,1.6801
Kia,Optima Ex,2012,152520.0,Gasoline,200.0HP 2.4L 4 Cylinder Engine Gasoline Fuel,6-Speed A/T,White,Beige,None Reported,Yes,10900.0,2.4,4.0,12,0.0715,11732.0,0,0,0,1.8302
Honda,Civic Ex,1993,58981.0,–,–,A/T,White,Beige,None Reported,Yes,9599.0,,,31,0.1627,1843.0,0,0,0,1.8284
Porsche,Panamera Turbo,2015,47000.0,Gasoline,520.0HP 4.8L 8 Cylinder Engine Gasoline Fuel,Transmission W/Dual Shift Mode,Black,Brown,None Reported,Yes,50000.0,4.8,8.0,9,1.0638,4700.0,1,0,0,0.423
Genesis,G70 2.0T,2023,2046.0,Gasoline,252.0HP 2.0L 4 Cylinder Engine Gasoline Fuel,8-Speed A/T,Green,Gray,None Reported,Yes,43499.0,2.0,4.0,1,21.2501,1023.0,1,0,0,0.002
Chevrolet,Trailblazer Ls,2021,24965.0,Gasoline,1.2L I3 12V GDI DOHC Turbo,Automatic Cvt,Mosaic Black Metallic,Jet Black,At Least 1 Accident Or Damage Reported,Yes,22995.0,1.2,,3,0.9211,6241.0,0,1,0,0.0749
Toyota,Camry Le,2005,108000.0,Gasoline,160.0HP 2.4L 4 Cylinder Engine Gasoline Fuel,5-Speed A/T,Beige,Gray,None Reported,Yes,7850.0,2.4,4.0,19,0.0727,5400.0,0,0,0,2.052
Toyota,Sienna Le,2015,76000.0,Gasoline,266.0HP 3.5L V6 Cylinder Engine Gasoline Fuel,A/T,Red,Gray,None Reported,Yes,18300.0,3.5,6.0,9,0.2408,7600.0,0,0,0,0.684
Porsche,911 Carrera S,2014,30000.0,Gasoline,400.0HP 3.8L Flat 6 Cylinder Engine Gasoline Fuel,7-Speed A/T,Black,Brown,None Reported,Yes,78500.0,3.8,6.0,10,2.6166,2727.0,1,0,0,0.3
Volvo,V60 T6 R-Design Platinum,2015,59271.0,Gasoline,325.0HP 3.0L Straight 6 Cylinder Engine Gasoline Fuel,6-Speed A/T,Blue,Black,None Reported,Yes,29900.0,3.0,6.0,9,0.5045,5927.0,0,0,0,0.5334
Lexus,Lx 600 Premium,2023,1500.0,Gasoline,409.0HP 3.4L V6 Cylinder Engine Gasoline Fuel,10-Speed A/T,Gray,Black,Unknown,Unknown,119500.0,3.4,6.0,1,79.6136,750.0,1,0,0,0.0015
Bmw,330E Iperformance,2017,52500.0,Plug-In Hybrid,247.0HP 2.0L 4 Cylinder Engine Plug-In Electric/Gas,Transmission W/Dual Shift Mode,Blue,Black,At Least 1 Accident Or Damage Reported,Yes,24950.0,2.0,4.0,7,0.4752,6562.0,1,1,1,0.3675
Tesla,Model Y Long Range,2020,23100.0,Gasoline,425.0HP Electric Motor Electric Fuel System,A/T,Blue,White,None Reported,Yes,36495.0,,,4,1.5798,4620.0,0,0,0,0.0924
Fiat,124 Spider Abarth,2017,45000.0,Gasoline,164.0HP 1.4L 4 Cylinder Engine Gasoline Fuel,6-Speed M/T,Gray,Black,At Least 1 Accident Or Damage Reported,Yes,22500.0,1.4,4.0,7,0.5,5625.0,0,1,0,0.315
Dodge,Ram 1500 Quad Cab,2002,179000.0,Gasoline,245.0HP 5.9L 8 Cylinder Engine Gasoline Fuel,A/T,Black,Black,At Least 1 Accident Or Damage Reported,Yes,6500.0,5.9,8.0,22,0.0363,7783.0,0,1,0,3.938
Toyota,Supra A91-Mt Edition,2023,1500.0,Gasoline,382.0HP 3.0L Straight 6 Cylinder Engine Gasoline Fuel,6-Speed M/T,Gray,Orange,None Reported,Yes,84900.0,3.0,6.0,1,56.5623,750.0,0,0,0,0.0015
Bmw,X7 Xdrive40I,2022,38671.0,Hybrid,3.0 Liter Turbo,Automatic,Gray,Blk,None Reported,Unknown,66998.0,,,2,1.7325,12890.0,1,0,1,0.0773
Jeep,Wrangler Unlimited X,2007,135465.0,Gasoline,205.0HP 3.8L V6 Cylinder Engine Gasoline Fuel,A/T,Black,Gray,None Reported,Yes,15750.0,3.8,6.0,17,0.1163,7526.0,0,0,0,2.3029
Mini,Countryman Cooper S All4,2014,79000.0,Gasoline,181.0HP 1.6L 4 Cylinder Engine Gasoline Fuel,Transmission W/Dual Shift Mode,White,Black,None Reported,Yes,17000.0,1.6,4.0,10,0.2152,7182.0,0,0,0,0.79
Nissan,Maxima Sv,2012,42259.0,Gasoline,290.0HP 3.5L V6 Cylinder Engine Gasoline Fuel,Cvt Transmission,Black,Black,At Least 1 Accident Or Damage Reported,Yes,17000.0,3.5,6.0,12,0.4023,3251.0,0,1,0,0.5071
Toyota,Camry Solara Sle V6,2006,159890.0,Gasoline,225.0HP 3.3L V6 Cylinder Engine Gasoline Fuel,A/T,Blue,Gray,At Least 1 Accident Or Damage Reported,Yes,6500.0,3.3,6.0,18,0.0407,8415.0,0,1,0,2.878
Maserati,Grecale Modena,2023,2200.0,Hybrid,325.0HP 2.0L 4 Cylinder Engine Gasoline/Mild Electric Hybrid,Transmission W/Dual Shift Mode,Black,Red,None Reported,Yes,75000.0,2.0,4.0,1,34.0754,1100.0,0,0,1,0.0022
Lexus,Rx 450H Base,2022,15833.0,Hybrid,308.0HP 3.5L V6 Cylinder Engine Gas/Electric Hybrid,Cvt Transmission,White,Beige,None Reported,Yes,52000.0,3.5,6.0,2,3.2841,5278.0,1,0,1,0.0317
Bmw,328 I Xdrive,2013,96000.0,Gasoline,240.0HP 2.0L 4 Cylinder Engine Gasoline Fuel,Transmission W/Dual Shift Mode,Black,Black,At Least 1 Accident Or Damage Reported,Yes,13500.0,2.0,4.0,11,0.1406,8000.0,1,1,0,1.056
Bmw,135 I,2009,72900.0,Gasoline,300.0HP 3.0L Straight 6 Cylinder Engine Gasoline Fuel,6-Speed A/T,Gray,Gray,None Reported,Yes,15500.0,3.0,6.0,15,0.2126,4556.0,1,0,0,1.0935
Bmw,X7 M50I,2021,7121.0,Gasoline,4.4 Liter Twin Turbo,Automatic,Gray,Black,None Reported,Unknown,94998.0,,,3,13.3387,1780.0,1,0,0,0.0214
Hyundai,Tucson Hybrid Sel Convenience,2023,3402.0,Hybrid,226.0HP 1.6L 4 Cylinder Engine Gas/Electric Hybrid,A/T,White,Black,None Reported,Yes,44000.0,1.6,4.0,1,12.9298,1701.0,0,0,1,0.0034
Volvo,C30 T5 Premier Plus,2013,73000.0,Gasoline,227.0HP 2.5L 5 Cylinder Engine Gasoline Fuel,A/T,Silver,Black,None Reported,Yes,13900.0,2.5,5.0,11,0.1904,6083.0,0,0,0,0.803
Karma,Revero Base,2018,21000.0,Gasoline,403.0HP 2.0L Electric Motor Electric Fuel System,A/T,White,Black,None Reported,Yes,51000.0,2.0,,6,2.4285,3000.0,0,0,0,0.126
Bmw,X7 Xdrive40I,2021,30309.0,Hybrid,3.0 Liter Turbo,Automatic,Blue,Tan,None Reported,Unknown,63598.0,,,3,2.0983,7577.0,1,0,1,0.0909
Ford,Mustang Mach-E California Route 1,2021,24000.0,Gasoline,290.0HP Electric Motor Electric Fuel System,1-Speed A/T,White,Black,None Reported,Yes,38000.0,,,3,1.5833,6000.0,0,0,0,0.072
Bmw,740 I,2016,73000.0,Gasoline,320.0HP 3.0L Straight 6 Cylinder Engine Gasoline Fuel,Transmission W/Dual Shift Mode,Black,Black,None Reported,Yes,23999.0,3.0,6.0,8,0.3287,8111.0,1,0,0,0.584
Ford,Edge Sel,2019,26465.0,Gasoline,2.0L I4 16V GDI DOHC Turbo,8-Speed Automatic,White Platinum Tri-Coat Metallic,Ebony,None Reported,Unknown,24998.0,2.0,,5,0.9445,4411.0,0,0,0,0.1323
Volkswagen,Arteon 2.0T Sel Premium R-Line,2020,26870.0,Gasoline,2.0L I4 16V GDI DOHC Turbo,8-Speed Automatic,Deep Black Pearl Effect,Mistral Gray / Raven,At Least 1 Accident Or Damage Reported,Yes,34645.0,2.0,,4,1.2893,5374.0,0,1,0,0.1075
Honda,Pilot Ex,2004,184000.0,Gasoline,240.0HP 3.5L V6 Cylinder Engine Gasoline Fuel,A/T,Blue,Gray,At Least 1 Accident Or Damage Reported,Yes,10500.0,3.5,6.0,20,0.0571,8762.0,0,1,0,3.68
Bmw,X7 Alpina Xb7,2022,4514.0,Gasoline,4.4 Liter Twin Turbo,Automatic,Gray,Black,None Reported,Unknown,132998.0,,,2,29.4569,1505.0,1,0,0,0.009
Ram,2500 Tradesman,2022,1300.0,Gasoline,410.0HP 6.4L 8 Cylinder Engine Gasoline Fuel,8-Speed A/T,Red,Black,None Reported,Yes,48000.0,6.4,8.0,2,36.8947,433.0,0,0,0,0.0026
Jeep,Grand Cherokee Limited,2018,49924.0,Gasoline,293.0HP 3.6L V6 Cylinder Engine Gasoline Fuel,8-Speed A/T,White,Black,None Reported,Yes,26500.0,3.6,6.0,6,0.5308,7132.0,0,0,0,0.2995
Gmc,Yukon Denali,2019,36526.0,Gasoline,420.0HP 6.2L 8 Cylinder Engine Gasoline Fuel,10-Speed A/T,Red,Black,None Reported,Yes,57850.0,6.2,8.0,5,1.5838,6088.0,0,0,0,0.1826
Bmw,M6 Base,2015,37000.0,Gasoline,560.0HP 4.4L 8 Cylinder Engine Gasoline Fuel,Transmission W/Dual Shift Mode,Silver,Silver,None Reported,Yes,45950.0,4.4,8.0,9,1.2419,3700.0,1,0,0,0.333
Acura,Mdx 3.5L W/Advance & Entertainment Pkgs,2017,79884.0,Gasoline,3.5L V6 24V GDI SOHC,9-Speed Automatic,Gray,Graystone,At Least 1 Accident Or Damage Reported,Unknown,24840.0,3.5,,7,0.3109,9986.0,0,1,0,0.5592
Volkswagen,Beetle 1.8T,2016,30000.0,Gasoline,170.0HP 1.8L 4 Cylinder Engine Gasoline Fuel,Transmission W/Dual Shift Mode,Blue,Beige,At Least 1 Accident Or Damage Reported,Yes,19000.0,1.8,4.0,8,0.6333,3333.0,0,1,0,0.24
Bmw,X6 M Base,2021,11102.0,Gasoline,600.0HP 4.4L 8 Cylinder Engine Gasoline Fuel,8-Speed A/T,Black,Black,None Reported,Yes,101000.0,4.4,8.0,3,9.0966,2776.0,1,0,0,0.0333
Ford,Mustang Gt Premium,2012,105500.0,Gasoline,412.0HP 5.0L 8 Cylinder Engine Gasoline Fuel,6-Speed M/T,Silver,Black,None Reported,Yes,19000.0,5.0,8.0,12,0.1801,8115.0,0,0,0,1.266
Bmw,X7 Xdrive50I,2019,31157.0,Gasoline,4.4 Liter GDI DOHC Twin Turbo,Automatic,Black,Blk,None Reported,Unknown,65998.0,,,5,2.1182,5193.0,1,0,0,0.1558
Kia,Sorento Lx V6,2019,86204.0,Gasoline,3.3L V6 24V GDI DOHC,8-Speed Automatic,Sparkling Silver,Satin Black,At Least 1 Accident Or Damage Reported,Unknown,20708.0,3.3,,5,0.2402,14367.0,0,1,0,0.431
Bmw,435 I,2014,80211.0,Gasoline,300.0HP 3.0L Straight 6 Cylinder Engine Gasoline Fuel,A/T,Gray,Red,At Least 1 Accident Or Damage Reported,Yes,17995.0,3.0,6.0,10,0.2243,7292.0,1,1,0,0.8021
Aston,Martin V8 Vantage Base,2010,25991.0,Gasoline,420.0HP 4.7L 8 Cylinder Engine Gasoline Fuel,6-Speed A/T,Silver,Black,None Reported,Yes,69995.0,4.7,8.0,14,2.6929,1733.0,0,0,0,0.3639
Mercedes-Benz,Clk-Class Clk 350,2008,73000.0,Gasoline,268.0HP 3.5L V6 Cylinder Engine Gasoline Fuel,7-Speed A/T,Black,Black,None Reported,Yes,8400.0,3.5,6.0,16,0.1151,4294.0,1,0,0,1.168
Bmw,740 I,2018,40989.0,Gasoline,320.0HP 3.0L Straight 6 Cylinder Engine Gasoline Fuel,8-Speed A/T,Black,Gold,None Reported,Yes,35000.0,3.0,6.0,6,0.8539,5856.0,1,0,0,0.2459
Dodge,Caliber Express,2010,102681.0,Gasoline,158.0HP 2.0L 4 Cylinder Engine Gasoline Fuel,M/T,Red,Black,None Reported,Yes,6000.0,2.0,4.0,14,0.0584,6845.0,0,0,0,1.4375
Acura,Zdx Base,2010,123000.0,Gasoline,300.0HP 3.7L V6 Cylinder Engine Gasoline Fuel,Transmission W/Dual Shift Mode,Black,Black,At Least 1 Accident Or Damage Reported,Yes,13888.0,3.7,6.0,14,0.1129,8200.0,0,1,0,1.722
Jeep,Wrangler X,2005,160900.0,Gasoline,190.0HP 4.0L Straight 6 Cylinder Engine Gasoline Fuel,4-Speed A/T,Black,–,At Least 1 Accident Or Damage Reported,Yes,7200.0,4.0,6.0,19,0.0447,8045.0,0,1,0,3.0571
Bmw,M3 Base,2011,105000.0,Gasoline,414.0HP 4.0L 8 Cylinder Engine Gasoline Fuel,6-Speed M/T,Silver,Black,At Least 1 Accident Or Damage Reported,Yes,21900.0,4.0,8.0,13,0.2086,7500.0,1,1,0,1.365
Kia,Sportage Plug-In Hybrid X-Line,2023,1340.0,Plug-In Hybrid,177.0HP 1.6L 4 Cylinder Engine Plug-In Electric/Gas,A/T,Black,Black,None Reported,Yes,41000.0,1.6,4.0,1,30.5742,670.0,0,0,1,0.0013
Ford,Mustang Mach-E Premium,2021,17850.0,Gasoline,266.0HP Electric Motor Electric Fuel System,A/T,Red,Black,None Reported,Yes,41999.0,,,3,2.3528,4462.0,0,0,0,0.0536
Bmw,M3 Base,2011,72277.0,Gasoline,414.0HP 4.0L 8 Cylinder Engine Gasoline Fuel,Transmission W/Dual Shift Mode,Gray,Red,None Reported,Yes,34950.0,4.0,8.0,13,0.4835,5163.0,1,0,0,0.9396
Jeep,Wrangler Rubicon,2023,7000.0,Hybrid,285.0HP 3.6L V6 Cylinder Engine Gasoline/Mild Electric Hybrid,8-Speed A/T,Gray,Black,None Reported,Yes,46000.0,3.6,6.0,1,6.5705,3500.0,0,0,1,0.007
Porsche,Panamera 4 Platinum Edition,2022,10627.0,Gasoline,"2.9L V-6 gasoline direct injection, DOHC, variable valve control","Automatic, 8-Spd Pdk Dual-Clutch",Chalk,Black,None Reported,Unknown,99000.0,2.9,,2,9.315,3542.0,1,0,0,0.0213
Ford,Explorer Xlt,2020,67015.0,Gasoline,2.3L I4 16V GDI DOHC Turbo,10-Speed Automatic,Oxford White,Sandstone,None Reported,Unknown,28590.0,2.3,,4,0.4266,13403.0,0,0,0,0.2681
Bmw,M4 Base,2018,19600.0,Gasoline,425.0HP 3.0L Straight 6 Cylinder Engine Gasoline Fuel,7-Speed A/T,Black,Black,At Least 1 Accident Or Damage Reported,Yes,62000.0,3.0,6.0,6,3.1631,2800.0,1,1,0,0.1176
Ford,Mustang Mach-E Premium,2022,5800.0,Gasoline,346.0HP Electric Motor Electric Fuel System,1-Speed A/T,White,White,None Reported,Yes,42500.0,,,2,7.3263,1933.0,0,0,0,0.0116
Fiat,500E Battery Electric,2017,33812.0,Gasoline,111.0HP Electric Motor Electric Fuel System,1-Speed A/T,Silver,Black,None Reported,Yes,14999.0,,,7,0.4436,4226.0,0,0,0,0.2367
Cadillac,Escalade Luxury,2015,99897.0,Gasoline,420.0HP 6.2L 8 Cylinder Engine Gasoline Fuel,8-Speed A/T,Black,Black,None Reported,Yes,26950.0,6.2,8.0,9,0.2698,9990.0,1,0,0,0.8991
Mercedes-Benz,Sl-Class Sl 550,2014,127500.0,Gasoline,429.0HP 4.7L 8 Cylinder Engine Gasoline Fuel,Transmission W/Dual Shift Mode,White,White,None Reported,Yes,29000.0,4.7,8.0,10,0.2274,11591.0,1,0,0,1.275
Ford,Expedition Limited,2021,23842.0,Gasoline,3.5L V6 24V PDI DOHC Twin Turbo,10-Speed Automatic,Gray,Medium Stone,None Reported,Yes,59203.0,3.5,,3,2.483,5960.0,0,0,0,0.0715
Rivian,R1S Adventure Package,2023,2108.0,Gasoline,835.0HP Electric Motor Electric Fuel System,1-Speed A/T,Silver,White,None Reported,Yes,91000.0,,,1,43.1484,1054.0,0,0,0,0.0021
Bmw,M6 Base,2014,65550.0,Gasoline,560.0HP 4.4L 8 Cylinder Engine Gasoline Fuel,Transmission W/Dual Shift Mode,Black,Black,None Reported,Yes,39985.0,4.4,8.0,10,0.61,5959.0,1,0,0,0.6555
Lamborghini,Huracan Lp580-2,2017,22000.0,Gasoline,573.0HP 5.2L 10 Cylinder Engine Gasoline Fuel,Transmission W/Dual Shift Mode,White,Black,None Reported,Yes,210000.0,5.2,10.0,7,9.545,2750.0,0,0,0,0.154
Ford,Bronco Wildtrak Advanced,2022,15600.0,Gasoline,315.0HP 2.7L V6 Cylinder Engine Gasoline Fuel,Transmission W/Dual Shift Mode,Gray,–,At Least 1 Accident Or Damage Reported,Yes,68995.0,2.7,6.0,2,4.4225,5200.0,0,1,0,0.0312
Lexus,Lc 500 Base,2021,22400.0,Gasoline,471.0HP 5.0L 8 Cylinder Engine Gasoline Fuel,A/T,White,Red,None Reported,Yes,81900.0,5.0,8.0,3,3.6561,5600.0,1,0,0,0.0672
Lexus,Ls 460 Crafted Line,2015,89150.0,Gasoline,360.0HP 4.6L 8 Cylinder Engine Gasoline Fuel,A/T,White,Black,None Reported,Yes,31900.0,4.6,8.0,9,0.3578,8915.0,1,0,0,0.8024
Bmw,M4 Base,2023,15000.0,Gasoline,"3L I-6 gasoline direct injection, DOHC, Double VANOS variable va","Automatic, 8-Spd M Steptronic W/Drivelogic, Sport & Manual Modes",Blue,Orange,None Reported,Unknown,81000.0,3.0,,1,5.3996,7500.0,1,0,0,0.015
Audi,A3 2.0T Tech Premium,2018,49500.0,Gasoline,220.0HP 2.0L 4 Cylinder Engine Gasoline Fuel,6-Speed A/T,Blue,Gray,None Reported,Yes,25000.0,2.0,4.0,6,0.505,7071.0,1,0,0,0.297
Audi,S8 4.2 Quattro,2003,126000.0,Gasoline,360.0HP 4.2L 8 Cylinder Engine Gasoline Fuel,Transmission W/Dual Shift Mode,Gray,Black,Unknown,Unknown,13850.0,4.2,8.0,21,0.1099,5727.0,1,0,0,2.646
Volkswagen,Golf Gti 2.0T Autobahn 4-Door,2015,85385.0,Gasoline,210.0HP 2.0L 4 Cylinder Engine Gasoline Fuel,6-Speed M/T,Gray,Black,None Reported,Yes,15550.0,2.0,4.0,9,0.1821,8538.0,0,0,0,0.7685
Cadillac,Escalade Sport,2023,3000.0,Diesel,277.0HP 3.0L Straight 6 Cylinder Engine Diesel Fuel,A/T,White,Brown,None Reported,Yes,123999.0,3.0,6.0,1,41.3192,1500.0,1,0,0,0.003
Hyundai,Tucson Se,2018,66126.0,Gasoline,2.0L I4 16V GDI DOHC,6-Speed Automatic,Dazzling White,Gray,None Reported,Unknown,19190.0,2.0,,6,0.2902,9447.0,0,0,0,0.3968
Toyota,Gr86 Premium,2023,1075.0,Gasoline,228.0HP 2.4L 4 Cylinder Engine Gasoline Fuel,6-Speed M/T,White,Black,None Reported,Yes,35000.0,2.4,4.0,1,32.5279,538.0,0,0,0,0.0011
Ford,Bronco Raptor,2023,2489.0,Gasoline,3.0L V6 24V GDI DOHC Twin Turbo,10-Speed Automatic,Oxford White,Black Onyx,None Reported,Unknown,98900.0,3.0,,1,39.7189,1244.0,0,0,0,0.0025
Hyundai,Santa Fe Sel,2021,25000.0,Gasoline,191.0HP 2.5L 4 Cylinder Engine Gasoline Fuel,8-Speed A/T,Black,Gray,None Reported,Yes,28500.0,2.5,4.0,3,1.14,6250.0,0,0,0,0.075
Nissan,Armada Platinum,2017,92000.0,Gasoline,390.0HP 5.6L 8 Cylinder Engine Gasoline Fuel,7-Speed A/T,Black,Black,None Reported,Yes,20900.0,5.6,8.0,7,0.2272,11500.0,0,0,0,0.644
Lexus,Gx 470 Base,2008,123500.0,Gasoline,263.0HP 4.7L 8 Cylinder Engine Gasoline Fuel,A/T,White,Gray,At Least 1 Accident Or Damage Reported,Yes,14500.0,4.7,8.0,16,0.1174,7265.0,1,1,0,1.976
Cadillac,Cts Premium,2013,105000.0,Gasoline,318.0HP 3.6L V6 Cylinder Engine Gasoline Fuel,6-Speed A/T,Black,Black,At Least 1 Accident Or Damage Reported,Yes,12000.0,3.6,6.0,11,0.1143,8750.0,1,1,0,1.155
Audi,R8 Base,2008,49000.0,Gasoline,420.0HP 4.2L 8 Cylinder Engine Gasoline Fuel,6-Speed M/T,Black,Black,None Reported,Yes,63000.0,4.2,8.0,16,1.2857,2882.0,1,0,0,0.784
Jaguar,F-Pace S,2020,28357.0,Gasoline,3.0 Liter,Automatic,Santorini Black Metallic,Pimento Red W/Ebony,None Reported,Unknown,47598.0,,,4,1.6785,5671.0,0,0,0,0.1134
Chevrolet,Silverado 1500 1Lt,2018,81000.0,E85 Flex Fuel,285.0HP 4.3L V6 Cylinder Engine Flex Fuel Capability,A/T,Red,Gray,None Reported,Yes,32000.0,4.3,6.0,6,0.3951,11571.0,0,0,0,0.486
Ford,Expedition Limited,2021,45000.0,Gasoline,375.0HP 3.5L V6 Cylinder Engine Gasoline Fuel,Transmission W/Dual Shift Mode,Gray,Black,None Reported,Yes,52000.0,3.5,6.0,3,1.1555,11250.0,0,0,0,0.135
Toyota,Sequoia Platinum,2011,173456.0,E85 Flex Fuel,381.0HP 5.7L 8 Cylinder Engine Flex Fuel Capability,6-Speed A/T,Black,Gray,At Least 1 Accident Or Damage Reported,Yes,16000.0,5.7,8.0,13,0.0922,12390.0,0,1,0,2.2549
Bmw,M440 I,2021,13700.0,Hybrid,382.0HP 3.0L Straight 6 Cylinder Engine Gasoline/Mild Electric Hybrid,8-Speed A/T,Black,Beige,Unknown,Unknown,60000.0,3.0,6.0,3,4.3792,3425.0,1,0,1,0.0411
Audi,A8 L 55,2019,93400.0,Hybrid,335.0HP 3.0L V6 Cylinder Engine Gasoline/Mild Electric Hybrid,A/T,Silver,Brown,None Reported,Yes,42500.0,3.0,6.0,5,0.455,15567.0,1,0,1,0.467
Toyota,Avalon Xle,2015,90000.0,Gasoline,268.0HP 3.5L V6 Cylinder Engine Gasoline Fuel,6-Speed A/T,White,Beige,None Reported,Yes,18200.0,3.5,6.0,9,0.2022,9000.0,0,0,0,0.81
Porsche,Macan Base,2017,40600.0,Gasoline,252.0HP 2.0L 4 Cylinder Engine Gasoline Fuel,7-Speed A/T,Gray,Black,None Reported,Yes,32000.0,2.0,4.0,7,0.7882,5075.0,1,0,0,0.2842
Lexus,Is 350 F Sport,2023,20121.0,Gasoline,311.0HP 3.5L V6 Cylinder Engine Gasoline Fuel,8-Speed A/T,Gray,Red,None Reported,Yes,47124.0,3.5,6.0,1,2.3419,10060.0,1,0,0,0.0201
Mercedes-Benz,Metris Base,2020,3921.0,Gasoline,2.0L I4 16V GDI DOHC Turbo,7-Speed Automatic,Black,White,None Reported,Yes,175000.0,2.0,,4,44.6201,784.0,1,0,0,0.0157
Lexus,Rx 350 Base,2011,187450.0,Gasoline,275.0HP 3.5L V6 Cylinder Engine Gasoline Fuel,A/T,Silver,Beige,At Least 1 Accident Or Damage Reported,Yes,10400.0,3.5,6.0,13,0.0555,13389.0,1,1,0,2.4369
Toyota,Supra A91 Edition,2021,6400.0,Gasoline,382.0HP 3.0L Straight 6 Cylinder Engine Gasoline Fuel,Transmission W/Dual Shift Mode,Gray,Black,None Reported,Yes,68000.0,3.0,6.0,3,10.6233,1600.0,0,0,0,0.0192
Mercedes-Benz,Amg C 43 Base 4Matic,2017,54500.0,Gasoline,362.0HP 3.0L V6 Cylinder Engine Gasoline Fuel,9-Speed A/T,White,Black,None Reported,Yes,37995.0,3.0,6.0,7,0.6971,6812.0,1,0,0,0.3815
Bmw,X6 Xdrive50I,2017,78500.0,Gasoline,445.0HP 4.4L 8 Cylinder Engine Gasoline Fuel,8-Speed A/T,Red,Brown,At Least 1 Accident Or Damage Reported,Yes,42000.0,4.4,8.0,7,0.535,9812.0,1,1,0,0.5495
Chevrolet,Tahoe Lt,2018,75000.0,Gasoline,355.0HP 5.3L 8 Cylinder Engine Gasoline Fuel,6-Speed A/T,Silver,Black,None Reported,Yes,36000.0,5.3,8.0,6,0.48,10714.0,0,0,0,0.45
Ford,F-150 Svt Raptor,2014,89988.0,Gasoline,411.0HP 6.2L 8 Cylinder Engine Gasoline Fuel,A/T,Red,Red,At Least 1 Accident Or Damage Reported,Yes,42500.0,6.2,8.0,10,0.4723,8181.0,0,1,0,0.8999
Subaru,Outback 3.0 R Vdc Limited,2005,107000.0,Gasoline,250.0HP 3.0L Flat 6 Cylinder Engine Gasoline Fuel,A/T,Gold,Beige,None Reported,Yes,7100.0,3.0,6.0,19,0.0664,5350.0,0,0,0,2.033
Alfa,Romeo Giulia Ti,2019,21400.0,Gasoline,280.0HP 2.0L 4 Cylinder Engine Gasoline Fuel,8-Speed A/T,White,Black,None Reported,Yes,28500.0,2.0,4.0,5,1.3317,3567.0,0,0,0,0.107
Mazda,Cx-7 Grand Touring,2007,83150.0,Gasoline,244.0HP 2.3L 4 Cylinder Engine Gasoline Fuel,6-Speed A/T,White,Beige,None Reported,Yes,6950.0,2.3,4.0,17,0.0836,4619.0,0,0,0,1.4136
Ford,F-150 Platinum,2018,92000.0,Diesel,250.0HP 3.0L V6 Cylinder Engine Diesel Fuel,10-Speed A/T,Black,Black,At Least 1 Accident Or Damage Reported,Yes,36500.0,3.0,6.0,6,0.3967,13143.0,0,1,0,0.552
Mercedes-Benz,Gle 350 Base 4Matic,2021,15042.0,Gasoline,2.0L I4 16V GDI DOHC Turbo,9-Speed Automatic,Selenite Gray Metallic,Macchiato,None Reported,Unknown,54599.0,2.0,,3,3.6295,3760.0,1,0,0,0.0451
Audi,A7 3.0T Premium Plus,2017,39000.0,Gasoline,333.0HP 3.0L V6 Cylinder Engine Gasoline Fuel,Transmission W/Dual Shift Mode,Black,Black,At Least 1 Accident Or Damage Reported,Yes,35000.0,3.0,6.0,7,0.8974,4875.0,1,1,0,0.273
Ram,2500 Laramie,2017,67483.0,Gasoline,410.0HP 6.4L 8 Cylinder Engine Gasoline Fuel,6-Speed A/T,Brown,Beige,At Least 1 Accident Or Damage Reported,Yes,46500.0,6.4,8.0,7,0.6891,8435.0,0,1,0,0.4724
Tesla,Model S 70D,2015,62089.0,Gasoline,329.0HP Electric Motor Electric Fuel System,A/T,Black,Beige,None Reported,Yes,29975.0,,,9,0.4828,6209.0,0,0,0,0.5588
Audi,S8 4.0T Plus,2017,54300.0,Gasoline,605.0HP 4.0L 8 Cylinder Engine Gasoline Fuel,8-Speed A/T,Black,Black,None Reported,Yes,53500.0,4.0,8.0,7,0.9852,6788.0,1,0,0,0.3801
Hyundai,Sonata Hybrid Limited,2022,30565.0,Hybrid,192.0HP 2.0L 4 Cylinder Engine Gas/Electric Hybrid,A/T,Gray,Black,None Reported,Yes,29000.0,2.0,4.0,2,0.9488,10188.0,0,0,1,0.0611
Audi,A8 L 4.0T,2016,142666.0,Gasoline,450.0HP 4.0L 8 Cylinder Engine Gasoline Fuel,8-Speed A/T,Black,Black,At Least 1 Accident Or Damage Reported,Yes,22000.0,4.0,8.0,8,0.1542,15852.0,1,1,0,1.1413
Ford,Ranger Sport Supercab,2009,166200.0,Gasoline,207.0HP 4.0L V6 Cylinder Engine Gasoline Fuel,A/T,Blue,Gray,At Least 1 Accident Or Damage Reported,Yes,6999.0,4.0,6.0,15,0.0421,10388.0,0,1,0,2.493
Infiniti,Q50 Hybrid Premium,2015,88977.0,Hybrid,354.0HP 3.5L V6 Cylinder Engine Gas/Electric Hybrid,7-Speed A/T,Gray,Black,At Least 1 Accident Or Damage Reported,Yes,19977.0,3.5,6.0,9,0.2245,8898.0,0,1,1,0.8008
Bmw,M3 Base,2011,114890.0,Gasoline,414.0HP 4.0L 8 Cylinder Engine Gasoline Fuel,Transmission W/Dual Shift Mode,White,Beige,None Reported,Yes,20990.0,4.0,8.0,13,0.1827,8206.0,1,0,0,1.4936
Mercedes-Benz,E-Class E 350 4Matic,2009,171000.0,Gasoline,268.0HP 3.5L V6 Cylinder Engine Gasoline Fuel,5-Speed A/T,Black,Black,At Least 1 Accident Or Damage Reported,Yes,4750.0,3.5,6.0,15,0.0278,10688.0,1,1,0,2.565
Ford,Explorer Sport,2019,90067.0,Gasoline,3.5L V6 24V GDI DOHC Twin Turbo,6-Speed Automatic,Black,Ebony Black,None Reported,Unknown,28590.0,3.5,,5,0.3174,15011.0,0,0,0,0.4503
Chevrolet,Camaro 1Lt,2014,97579.0,Gasoline,323.0HP 3.6L V6 Cylinder Engine Gasoline Fuel,Transmission W/Dual Shift Mode,Black,Black,At Least 1 Accident Or Damage Reported,Yes,15000.0,3.6,6.0,10,0.1537,8871.0,0,1,0,0.9758
Mazda,Mx-5 Miata Rf Grand Touring,2017,52000.0,Gasoline,155.0HP 2.0L 4 Cylinder Engine Gasoline Fuel,6-Speed M/T,Black,Black,At Least 1 Accident Or Damage Reported,Yes,20500.0,2.0,4.0,7,0.3942,6500.0,0,1,0,0.364
Jeep,Grand Cherokee L Limited,2021,25968.0,Gasoline,3.6L V6 24V MPFI DOHC,8-Speed Automatic,Metallic,Global Black,None Reported,Unknown,38405.0,3.6,,3,1.4789,6492.0,0,0,0,0.0779
Mini,Hardtop Cooper S,2016,41680.0,Gasoline,189.0HP 2.0L 4 Cylinder Engine Gasoline Fuel,6-Speed A/T,Silver,Black,None Reported,Yes,17495.0,2.0,4.0,8,0.4197,4631.0,0,0,0,0.3334
Saab,9-3 Se,2002,77200.0,Gasoline,205.0HP 2.0L 4 Cylinder Engine Gasoline Fuel,5-Speed M/T,Black,Beige,None Reported,Yes,7500.0,2.0,4.0,22,0.0971,3357.0,0,0,0,1.6984
Bmw,X5 Xdrive40I,2019,50000.0,Gasoline,335.0HP 3.0L Straight 6 Cylinder Engine Gasoline Fuel,8-Speed A/T,Blue,Gold,None Reported,Yes,43000.0,3.0,6.0,5,0.86,8333.0,1,0,0,0.25
Porsche,Macan,2021,21613.0,Gasoline,2.0 Liter,Automatic,White,–,None Reported,Unknown,58998.0,,,3,2.7296,5403.0,1,0,0,0.0648
Audi,Q3 S Line Premium Plus,2022,17377.0,Gasoline,2.0 Liter TFSI,Automatic,Glacier White,Pearl Beige,None Reported,Unknown,39998.0,,,2,2.3016,5792.0,1,0,0,0.0348
Gmc,Acadia Sle,2020,30426.0,Gasoline,2.5L I4 16V GDI DOHC,9-Speed Automatic,Ebony Twilight Metallic,Jet Black,Unknown,Unknown,29645.0,2.5,,4,0.9743,6085.0,0,0,0,0.1217
Audi,Allroad 2.7T,2005,153000.0,Gasoline,250.0HP 2.7L V6 Cylinder Engine Gasoline Fuel,M/T,Blue,Blue,At Least 1 Accident Or Damage Reported,Yes,6500.0,2.7,6.0,19,0.0425,7650.0,1,1,0,2.907
Mercury,Marauder Base,2004,56600.0,Gasoline,302.0HP 4.6L 8 Cylinder Engine Gasoline Fuel,Transmission Overdrive Switch,Silver,Black,None Reported,Yes,23000.0,4.6,8.0,20,0.4064,2695.0,0,0,0,1.132
Hyundai,Genesis 3.8,2015,116612.0,Gasoline,311.0HP 3.8L V6 Cylinder Engine Gasoline Fuel,8-Speed A/T,White,White,At Least 1 Accident Or Damage Reported,Yes,12700.0,3.8,6.0,9,0.1089,11661.0,0,1,0,1.0495
Audi,Sq5 3.0T Premium Plus,2018,72000.0,Gasoline,354.0HP 3.0L V6 Cylinder Engine Gasoline Fuel,A/T,Blue,Black,At Least 1 Accident Or Damage Reported,Yes,30000.0,3.0,6.0,6,0.4167,10286.0,1,1,0,0.432
Audi,A8 L 55,2019,39000.0,Hybrid,335.0HP 3.0L V6 Cylinder Engine Gasoline/Mild Electric Hybrid,8-Speed A/T,Black,Brown,None Reported,Yes,50000.0,3.0,6.0,5,1.282,6500.0,1,0,1,0.195
Lincoln,Navigator Base,2008,149000.0,Gasoline,300.0HP 5.4L 8 Cylinder Engine Gasoline Fuel,A/T,Gold,Beige,None Reported,Yes,10099.0,5.4,8.0,16,0.0678,8765.0,1,0,0,2.384
Bmw,M4 Base,2018,19300.0,Gasoline,425.0HP 3.0L Straight 6 Cylinder Engine Gasoline Fuel,6-Speed M/T,White,Silver,None Reported,Yes,64000.0,3.0,6.0,6,3.3159,2757.0,1,0,0,0.1158
Mazda,Cx-9 Carbon Edition,2021,27836.0,Gasoline,2.5L I4 16V GDI DOHC Turbo,6-Speed Automatic,Polymetal Gray Metallic,Red,None Reported,Yes,36969.0,2.5,,3,1.3281,6959.0,0,0,0,0.0835
Chevrolet,Corvette Stingray W/1Lt,2023,3273.0,Gasoline,490.0HP 6.2L 8 Cylinder Engine Gasoline Fuel,Transmission W/Dual Shift Mode,Black,Red,None Reported,Yes,78999.0,6.2,8.0,1,24.1292,1636.0,0,0,0,0.0033
Ford,F-150 Lariat,2017,74349.0,Gasoline,375.0HP 3.5L V6 Cylinder Engine Gasoline Fuel,10-Speed A/T,White,–,None Reported,Yes,36000.0,3.5,6.0,7,0.4842,9294.0,0,0,0,0.5204
Ford,F-250 Lariat,2019,85000.0,Diesel,450.0HP 6.7L 8 Cylinder Engine Diesel Fuel,6-Speed A/T,White,Black,At Least 1 Accident Or Damage Reported,Yes,55000.0,6.7,8.0,5,0.6471,14167.0,0,1,0,0.425
Mercedes-Benz,Gls 450 Base 4Matic,2017,46100.0,Gasoline,362.0HP 3.0L V6 Cylinder Engine Gasoline Fuel,9-Speed A/T,Black,Beige,At Least 1 Accident Or Damage Reported,Yes,33000.0,3.0,6.0,7,0.7158,5762.0,1,1,0,0.3227
Hyundai,Santa Fe Sel Plus 2.4,2019,49500.0,Gasoline,185.0HP 2.4L 4 Cylinder Engine Gasoline Fuel,8-Speed A/T,Silver,Gray,None Reported,Yes,28000.0,2.4,4.0,5,0.5656,8250.0,0,0,0,0.2475
Mercedes-Benz,E-Class E 350,2012,31130.0,Gasoline,302.0HP 3.5L V6 Cylinder Engine Gasoline Fuel,7-Speed A/T,Black,Black,None Reported,Yes,23500.0,3.5,6.0,12,0.7549,2395.0,1,0,0,0.3736
Ford,F-250 Xlt Supercab Super Duty,2008,149460.0,Diesel,350.0HP 6.4L 8 Cylinder Engine Diesel Fuel,A/T,Blue,Gray,At Least 1 Accident Or Damage Reported,Yes,12240.0,6.4,8.0,16,0.0819,8792.0,0,1,0,2.3914
Mercury,Marauder Base,2003,90000.0,Gasoline,302.0HP 4.6L 8 Cylinder Engine Gasoline Fuel,4-Speed A/T,Blue,Beige,At Least 1 Accident Or Damage Reported,Yes,15500.0,4.6,8.0,21,0.1722,4091.0,0,1,0,1.89
Ford,Transit-350 Xlt,2021,48000.0,E85 Flex Fuel,275.0HP 3.5L V6 Cylinder Engine Flex Fuel Capability,A/T,White,Gray,None Reported,Yes,57000.0,3.5,6.0,3,1.1875,12000.0,0,0,0,0.144
Mercedes-Benz,C-Class C 300 4Matic Sport,2013,98000.0,Gasoline,248.0HP 3.5L V6 Cylinder Engine Gasoline Fuel,A/T,White,Beige,At Least 1 Accident Or Damage Reported,Yes,15500.0,3.5,6.0,11,0.1582,8167.0,1,1,0,1.078
Volkswagen,Arteon Sel R-Line,2022,18655.0,Gasoline,2.0 Liter TSI,Automatic,Oryx White Prl,Titan Black,None Reported,Unknown,38698.0,,,2,2.0743,6218.0,0,0,0,0.0373
Chevrolet,Suburban 2500 Ls,2006,60000.0,Gasoline,325.0HP 8.1L 8 Cylinder Engine Gasoline Fuel,A/T,Brown,Brown,At Least 1 Accident Or Damage Reported,Yes,24950.0,8.1,8.0,18,0.4158,3158.0,0,1,0,1.08
Chevrolet,Suburban 1500 Lt,2014,169500.0,E85 Flex Fuel,320.0HP 5.3L 8 Cylinder Engine Flex Fuel Capability,A/T,Purple,Brown,None Reported,Yes,15000.0,5.3,8.0,10,0.0885,15409.0,0,0,0,1.695
Mitsubishi,Eclipse Gs,2008,189500.0,Gasoline,162.0HP 2.4L 4 Cylinder Engine Gasoline Fuel,5-Speed M/T,Red,Black,None Reported,Yes,6000.0,2.4,4.0,16,0.0317,11147.0,0,0,0,3.032
Toyota,Land Cruiser Base,2016,91000.0,Gasoline,381.0HP 5.7L 8 Cylinder Engine Gasoline Fuel,A/T,Black,Brown,None Reported,Yes,68500.0,5.7,8.0,8,0.7527,10111.0,0,0,0,0.728
Genesis,G80 2.5T,2022,7396.0,Gasoline,2.5L I4 16V PDI DOHC Turbo,8-Speed Automatic,Black Forest Green,Black,None Reported,Unknown,41299.0,2.5,,2,5.5832,2465.0,1,0,0,0.0148
Toyota,Tundra Sr5 Access Cab,2004,223089.60000000012,Gasoline,240.0HP 4.7L 8 Cylinder Engine Gasoline Fuel,A/T,Gray,Gray,None Reported,Yes,8250.0,4.7,8.0,20,0.037,10623.0,0,0,0,4.4618
Maserati,Quattroporte Modena Q4,2023,8603.0,Gasoline,3.0L V6 24V GDI DOHC Twin Turbo,8-Speed Automatic,Blu,Tan,None Reported,Unknown,125900.0,3.0,,1,14.6327,4302.0,0,0,0,0.0086
Audi,Rs 5 4.2,2014,49098.0,Gasoline,450.0HP 4.2L 8 Cylinder Engine Gasoline Fuel,Transmission W/Dual Shift Mode,White,Black,At Least 1 Accident Or Damage Reported,Yes,44900.0,4.2,8.0,10,0.9145,4463.0,1,1,0,0.491
Nissan,Rogue S,2022,21212.0,Gasoline,1.5L I3 12V GDI DOHC Turbo,Automatic Cvt,Gun Metallic,Charcoal,None Reported,Unknown,28906.0,1.5,,2,1.3627,7071.0,0,0,0,0.0424
Porsche,Panamera 4S,2010,62743.0,Gasoline,400.0HP 4.8L 8 Cylinder Engine Gasoline Fuel,Transmission W/Dual Shift Mode,Silver,Gray,None Reported,Yes,28600.0,4.8,8.0,14,0.4558,4183.0,1,0,0,0.8784
Bmw,M440 I Xdrive,2021,24300.0,Hybrid,382.0HP 3.0L Straight 6 Cylinder Engine Gasoline/Mild Electric Hybrid,8-Speed A/T,Gray,Beige,None Reported,Yes,49999.0,3.0,6.0,3,2.0575,6075.0,1,0,1,0.0729
Cadillac,Escalade Premium,2010,104000.0,E85 Flex Fuel,403.0HP 6.2L 8 Cylinder Engine Flex Fuel Capability,A/T,Gray,–,None Reported,Yes,19500.0,6.2,8.0,14,0.1875,6933.0,1,0,0,1.456
Volvo,S60 T6 Momentum,2020,46250.0,Gasoline,2.0L I4 16V GDI DOHC,8-Speed Automatic,White,Charcoal,At Least 1 Accident Or Damage Reported,Yes,27800.0,2.0,,4,0.6011,9250.0,0,1,0,0.185
Mazda,Cx-9 Touring Plus,2023,1930.0,Gasoline,2.5L I4 16V GDI DOHC Turbo,6-Speed Automatic,Jet Black Mica,Black,At Least 1 Accident Or Damage Reported,Yes,40655.0,2.5,,1,21.0539,965.0,0,1,0,0.0019
Chrysler,Pacifica Hybrid Touring L,2022,61494.0,Hybrid,3.6L V6 24V MPFI DOHC Hybrid,Automatic Cvt,Bright White Clearcoat,Black,None Reported,Unknown,35850.0,3.6,,2,0.583,20498.0,0,0,1,0.123
Jeep,Wrangler Unlimited Sport,2020,24040.0,Gasoline,2.0L I4 16V GDI DOHC Turbo,8-Speed Automatic,Black Clearcoat,Black,None Reported,Yes,35273.0,2.0,,4,1.4672,4808.0,0,0,0,0.0962
Toyota,Highlander Base,2001,223089.60000000012,Gasoline,220.0HP 3.0L V6 Cylinder Engine Gasoline Fuel,A/T,Beige,Beige,None Reported,Yes,4300.0,3.0,6.0,23,0.0193,9295.0,0,0,0,5.1311
Ford,F-150 Lariat,2019,81000.0,Gasoline,375.0HP 3.5L V6 Cylinder Engine Gasoline Fuel,10-Speed A/T,Gray,Black,None Reported,Yes,38500.0,3.5,6.0,5,0.4753,13500.0,0,0,0,0.405
Ford,Bronco,1974,6217.0,–,–,–,Dark Gray Metallic,–,None Reported,Yes,115000.0,,,50,18.4947,122.0,0,0,0,0.3108
Land,Rover Discovery Sport S R-Dynamic,2022,23568.0,Gasoline,2.0 Liter,Automatic,Firenze Red,Ebony,None Reported,Unknown,44998.0,,,2,1.9092,7856.0,0,0,0,0.0471
Mazda,Mazda6 Touring,2020,78700.0,Gasoline,187.0HP 2.5L 4 Cylinder Engine Gasoline Fuel,A/T,White,Black,None Reported,Yes,18000.0,2.5,4.0,4,0.2287,15740.0,0,0,0,0.3148
Kia,Optima Ex,2015,109580.0,Gasoline,192.0HP 2.4L 4 Cylinder Engine Gasoline Fuel,6-Speed A/T,Red,Black,At Least 1 Accident Or Damage Reported,Yes,11900.0,2.4,4.0,9,0.1086,10958.0,0,1,0,0.9862
Lexus,Rx 350 Base,2009,178000.0,Gasoline,270.0HP 3.5L V6 Cylinder Engine Gasoline Fuel,A/T,Gray,Gray,At Least 1 Accident Or Damage Reported,Yes,4500.0,3.5,6.0,15,0.0253,11125.0,1,1,0,2.67
Mitsubishi,Outlander Sport 2.4 Se,2016,131193.0,Gasoline,2.4L I4 16V MPFI DOHC,Automatic Cvt,Black,Black,None Reported,Yes,11970.0,2.4,,8,0.0912,14577.0,0,0,0,1.0495
Mercedes-Benz,Gls 450 Base 4Matic,2017,106000.0,Gasoline,362.0HP 3.0L V6 Cylinder Engine Gasoline Fuel,9-Speed A/T,White,Black,None Reported,Yes,25900.0,3.0,6.0,7,0.2443,13250.0,1,0,0,0.742
Audi,A3 2.0T Premium,2019,28211.0,Gasoline,184.0HP 2.0L 4 Cylinder Engine Gasoline Fuel,Transmission W/Dual Shift Mode,Gray,Black,At Least 1 Accident Or Damage Reported,Yes,27500.0,2.0,4.0,5,0.9748,4702.0,1,1,0,0.1411
Audi,A4 2.0T Premium,2015,91403.0,E85 Flex Fuel,2.0L I4 16V GDI DOHC Turbo Flexible Fuel,8-Speed Automatic,Silver,Gray,None Reported,Unknown,14998.0,2.0,,9,0.1641,9140.0,1,0,0,0.8226
Mercedes-Benz,Cla-Class Cla 250,2016,88600.0,Gasoline,208.0HP 2.0L 4 Cylinder Engine Gasoline Fuel,A/T,Black,Black,At Least 1 Accident Or Damage Reported,Yes,16800.0,2.0,4.0,8,0.1896,9844.0,1,1,0,0.7088
Infiniti,Fx50 Base,2011,84900.0,Gasoline,390.0HP 5.0L 8 Cylinder Engine Gasoline Fuel,7-Speed A/T,Silver,Black,Unknown,Unknown,22450.0,5.0,8.0,13,0.2644,6064.0,0,0,0,1.1037
Kia,K5 Ex,2021,11154.0,Gasoline,1.6L I4 16V GDI DOHC Turbo,8-Speed Automatic,Glacial White Pearl,Black,None Reported,Unknown,28998.0,1.6,,3,2.5996,2788.0,0,0,0,0.0335
Bmw,X5 Edrive Xdrive40E,2018,45090.0,Plug-In Hybrid,313.0HP 2.0L 4 Cylinder Engine Plug-In Electric/Gas,8-Speed A/T,Gray,Black,At Least 1 Accident Or Damage Reported,Yes,30750.0,2.0,4.0,6,0.682,6441.0,1,1,1,0.2705
Mercedes-Benz,Slk-Class Slk230 Kompressor,2003,33272.0,Gasoline,192.0HP 2.3L 4 Cylinder Engine Gasoline Fuel,A/T,Red,Gray,At Least 1 Accident Or Damage Reported,Yes,11900.0,2.3,4.0,21,0.3576,1512.0,1,1,0,0.6987
Jeep,Wrangler Se,2003,71000.0,Gasoline,150.0HP 2.4L 4 Cylinder Engine Gasoline Fuel,5-Speed M/T,Red,Gray,None Reported,Yes,12499.0,2.4,4.0,21,0.176,3227.0,0,0,0,1.491
Kia,Telluride Sx,2020,55400.0,Gasoline,291.0HP 3.8L V6 Cylinder Engine Gasoline Fuel,8-Speed A/T,Green,White,Unknown,Unknown,36500.0,3.8,6.0,4,0.6588,11080.0,0,0,0,0.2216
Land,Rover Lr4 Lux,2012,141525.0,Gasoline,375.0HP 5.0L 8 Cylinder Engine Gasoline Fuel,A/T,Black,Black,None Reported,Yes,14490.0,5.0,8.0,12,0.1024,10887.0,0,0,0,1.6983
Jaguar,Xkr Base,2007,50000.0,Gasoline,420.0HP 4.2L 8 Cylinder Engine Gasoline Fuel,Transmission W/Dual Shift Mode,Black,Beige,At Least 1 Accident Or Damage Reported,Yes,21900.0,4.2,8.0,17,0.438,2778.0,0,1,0,0.85
Bmw,M4 Base,2020,29140.0,Gasoline,425.0HP 3.0L Straight 6 Cylinder Engine Gasoline Fuel,M/T,Orange,Orange,None Reported,Yes,71995.0,3.0,6.0,4,2.4706,5828.0,1,0,0,0.1166
Bmw,M340 I Xdrive,2022,9000.0,Hybrid,382.0HP 3.0L Straight 6 Cylinder Engine Gasoline/Mild Electric Hybrid,8-Speed A/T,White,Red,None Reported,Yes,56900.0,3.0,6.0,2,6.3215,3000.0,1,0,1,0.018
Mercedes-Benz,Amg Gle 53 Amg Gle 53,2021,5595.0,Hybrid,3.0 Liter Turbo,Automatic,Designo Diamond White Metallic,Black,None Reported,Unknown,83598.0,,,3,14.9389,1399.0,1,0,1,0.0168
Ram,1500 Laramie,2022,34121.0,Gasoline,5.7L V8 16V MPFI OHV,Automatic,Granite Crystal Clearcoat Metallic,Black,None Reported,Unknown,48190.0,5.7,,2,1.4123,11374.0,0,0,0,0.0682
Bmw,Alpina B7 Base,2013,36750.0,Gasoline,445.0HP 4.4L 8 Cylinder Engine Gasoline Fuel,A/T,Black,Black,None Reported,Yes,35999.0,4.4,8.0,11,0.9795,3062.0,1,0,0,0.4042
Mercedes-Benz,C-Class C280 4Matic,2007,49626.0,Gasoline,228.0HP 3.0L V6 Cylinder Engine Gasoline Fuel,A/T,White,–,None Reported,Yes,12000.0,3.0,6.0,17,0.2418,2757.0,1,0,0,0.8436
Jeep,Compass High Altitude,2017,45000.0,Gasoline,172.0HP 2.4L 4 Cylinder Engine Gasoline Fuel,A/T,White,Beige,At Least 1 Accident Or Damage Reported,Yes,16500.0,2.4,4.0,7,0.3667,5625.0,0,1,0,0.315
Toyota,Highlander Hybrid Xle,2019,69350.0,Hybrid,306.0HP 3.5L V6 Cylinder Engine Gas/Electric Hybrid,A/T,Black,Gray,None Reported,Yes,36000.0,3.5,6.0,5,0.5191,11558.0,0,0,1,0.3468
Bmw,X5 M Base,2022,8307.0,Gasoline,4.4L V8 32V GDI DOHC Twin Turbo,8-Speed Automatic,Blue Metallic,Sakhir Orange,None Reported,Unknown,98900.0,4.4,,2,11.9042,2769.0,1,0,0,0.0166
Bmw,M3 Base,2023,4106.0,Gasoline,3.0L I6 24V GDI DOHC Twin Turbo,6-Speed Manual,Isle Of Man Green Metallic,Kyalami Orange,None Reported,Yes,84645.0,3.0,,1,20.6099,2053.0,1,0,0,0.0041
Bmw,M3 Base,1999,184700.0,Gasoline,240.0HP 3.2L Straight 6 Cylinder Engine Gasoline Fuel,5-Speed M/T,Blue,Gray,None Reported,Yes,36950.0,3.2,6.0,25,0.2001,7104.0,1,0,0,4.6175
Maserati,Quattroporte S Q4 Granlusso,2018,57500.0,Gasoline,424.0HP 3.0L V6 Cylinder Engine Gasoline Fuel,8-Speed A/T,White,Brown,None Reported,Yes,41900.0,3.0,6.0,6,0.7287,8214.0,0,0,0,0.345
Acura,Rdx Advance Package,2021,29000.0,Gasoline,272.0HP 2.0L 4 Cylinder Engine Gasoline Fuel,10-Speed A/T,Black,Black,None Reported,Yes,39650.0,2.0,4.0,3,1.3672,7250.0,0,0,0,0.087
Mercedes-Benz,Gla-Class Gla 250 4Matic,2015,61675.0,Gasoline,208.0HP 2.0L 4 Cylinder Engine Gasoline Fuel,Transmission W/Dual Shift Mode,Gray,Black,At Least 1 Accident Or Damage Reported,Yes,19000.0,2.0,4.0,9,0.3081,6168.0,1,1,0,0.5551
Mercedes-Benz,Sprinter 3500Xd High Roof,2021,33300.0,Diesel,188.0HP 3.0L V6 Cylinder Engine Diesel Fuel,7-Speed A/T,White,Black,None Reported,Yes,45000.0,3.0,6.0,3,1.3513,8325.0,1,0,0,0.0999
Cadillac,Xts Luxury,2014,62950.0,Gasoline,304.0HP 3.6L V6 Cylinder Engine Gasoline Fuel,6-Speed A/T,Silver,Gray,At Least 1 Accident Or Damage Reported,Yes,17498.0,3.6,6.0,10,0.278,5723.0,1,1,0,0.6295
Chevrolet,Camaro 2Lt,2015,56675.0,Gasoline,323.0HP 3.6L V6 Cylinder Engine Gasoline Fuel,Transmission W/Dual Shift Mode,Silver,Black,None Reported,Yes,19750.0,3.6,6.0,9,0.3485,5668.0,0,0,0,0.5101
Porsche,Cayenne S,2013,92000.0,Gasoline,400.0HP 4.8L 8 Cylinder Engine Gasoline Fuel,8-Speed A/T,Green,Gray,None Reported,Yes,23000.0,4.8,8.0,11,0.25,7667.0,1,0,0,1.012
Dodge,Magnum R/T,2005,96000.0,Gasoline,340.0HP 5.7L 8 Cylinder Engine Gasoline Fuel,5-Speed A/T,Gray,Gold,At Least 1 Accident Or Damage Reported,Yes,12000.0,5.7,8.0,19,0.125,4800.0,0,1,0,1.824
Infiniti,Q70 3.7X,2014,33500.0,Gasoline,330.0HP 3.7L V6 Cylinder Engine Gasoline Fuel,7-Speed A/T,Black,Black,None Reported,Yes,23000.0,3.7,6.0,10,0.6865,3045.0,0,0,0,0.335
Land,Rover Range Rover Sv Autobiography Dynamic Swb,2020,16754.0,Gasoline,557.0HP 5.0L 8 Cylinder Engine Gasoline Fuel,8-Speed A/T,White,White,None Reported,Yes,112000.0,5.0,8.0,4,6.6846,3351.0,0,0,0,0.067
Toyota,Camry Hybrid Base,2007,53249.0,Hybrid,147.0HP 2.4L 4 Cylinder Engine Gas/Electric Hybrid,A/T,Silver,Gray,At Least 1 Accident Or Damage Reported,Yes,9250.0,2.4,4.0,17,0.1737,2958.0,0,1,1,0.9052
Gmc,Acadia Slt-1,2016,119000.0,Gasoline,281.0HP 3.6L V6 Cylinder Engine Gasoline Fuel,A/T,Gold,Brown,None Reported,Yes,12500.0,3.6,6.0,8,0.105,13222.0,0,0,0,0.952
Lincoln,Corsair Reserve,2021,29336.0,Gasoline,2.0L I4 16V GDI DOHC Turbo,8-Speed Automatic,Black,Sandstone,None Reported,Unknown,36999.0,2.0,,3,1.2612,7334.0,1,0,0,0.088
Ram,2500 Slt,2017,86000.0,Diesel,350.0HP 6.7L Straight 6 Cylinder Engine Diesel Fuel,6-Speed A/T,Gray,Gray,At Least 1 Accident Or Damage Reported,Yes,41000.0,6.7,6.0,7,0.4767,10750.0,0,1,0,0.602
Ram,3500 Laramie,2014,177000.0,Diesel,385.0HP 6.7L Straight 6 Cylinder Engine Diesel Fuel,6-Speed A/T,Black,–,At Least 1 Accident Or Damage Reported,Yes,40500.0,6.7,6.0,10,0.2288,16091.0,0,1,0,1.77
Mercedes-Benz,Gl-Class Gl 450 4Matic,2013,93500.0,Gasoline,362.0HP 4.6L 8 Cylinder Engine Gasoline Fuel,A/T,Black,Black,At Least 1 Accident Or Damage Reported,Yes,15900.0,4.6,8.0,11,0.1701,7792.0,1,1,0,1.0285
Bmw,M5 Base,2018,47700.0,Gasoline,600.0HP 4.4L 8 Cylinder Engine Gasoline Fuel,8-Speed A/T,Red,White,At Least 1 Accident Or Damage Reported,Yes,54999.0,4.4,8.0,6,1.153,6814.0,1,1,0,0.2862
Ford,Mustang Svt Cobra,2003,97496.0,Gasoline,390.0HP 4.6L 8 Cylinder Engine Gasoline Fuel,6-Speed M/T,Gray,Gray,Unknown,Unknown,24500.0,4.6,8.0,21,0.2513,4432.0,0,0,0,2.0474
Acura,Ilx Premium Package,2022,16120.0,Gasoline,2.4L I4 16V GDI DOHC,8-Speed Automatic With Auto-Shift,Gray,Ebony,None Reported,Unknown,26599.0,2.4,,2,1.65,5373.0,0,0,0,0.0322
Buick,Rainier Cxl,2005,147589.0,Gasoline,275.0HP 4.2L Straight 6 Cylinder Engine Gasoline Fuel,A/T,White,Beige,At Least 1 Accident Or Damage Reported,Yes,2800.0,4.2,6.0,19,0.019,7379.0,0,1,0,2.8042
Cadillac,Escalade Luxury,2013,95570.0,E85 Flex Fuel,403.0HP 6.2L 8 Cylinder Engine Flex Fuel Capability,A/T,Black,Black,At Least 1 Accident Or Damage Reported,Yes,22000.0,6.2,8.0,11,0.2302,7964.0,1,1,0,1.0513
Mercedes-Benz,S-Class S 560,2018,45791.0,Gasoline,463.0HP 4.0L 8 Cylinder Engine Gasoline Fuel,9-Speed A/T,Gray,Gray,None Reported,Yes,52000.0,4.0,8.0,6,1.1356,6542.0,1,0,0,0.2747
Infiniti,Qx80 Base,2016,60000.0,Gasoline,400.0HP 5.6L 8 Cylinder Engine Gasoline Fuel,7-Speed A/T,Silver,Beige,At Least 1 Accident Or Damage Reported,Yes,25950.0,5.6,8.0,8,0.4325,6667.0,0,1,0,0.48
Buick,Encore Preferred,2019,50000.0,Gasoline,138.0HP 1.4L 4 Cylinder Engine Gasoline Fuel,6-Speed A/T,White,Black,None Reported,Yes,18795.0,1.4,4.0,5,0.3759,8333.0,0,0,0,0.25
Mercedes-Benz,Gls 450 Base 4Matic,2019,33481.0,Gasoline,3.0L V6 24V GDI DOHC Twin Turbo,9-Speed Automatic,Black,Almond Beige,None Reported,Unknown,43999.0,3.0,,5,1.3141,5580.0,1,0,0,0.1674
Jeep,Liberty Limited,2010,107000.0,Gasoline,210.0HP 3.7L V6 Cylinder Engine Gasoline Fuel,A/T,Gray,Gray,None Reported,Yes,5900.0,3.7,6.0,14,0.0551,7133.0,0,0,0,1.498
Mercedes-Benz,S-Class S 63 Amg,2011,60000.0,Gasoline,536.0HP 5.5L 8 Cylinder Engine Gasoline Fuel,Transmission W/Dual Shift Mode,White,Black,At Least 1 Accident Or Damage Reported,Yes,37000.0,5.5,8.0,13,0.6167,4286.0,1,1,0,0.78
Audi,A8 L 3.0T,2016,55000.0,Gasoline,333.0HP 3.0L V6 Cylinder Engine Gasoline Fuel,A/T,White,Brown,None Reported,Yes,28000.0,3.0,6.0,8,0.5091,6111.0,1,0,0,0.44
Mazda,Cx-30 2.5 S Select Package,2022,4004.0,Gasoline,186.0HP 2.5L 4 Cylinder Engine Gasoline Fuel,6-Speed A/T,Black,Black,None Reported,Yes,25500.0,2.5,4.0,2,6.367,1335.0,0,0,0,0.008
Bentley,Continental Gt Speed,2009,57800.0,Gasoline,600.0HP 6.0L 12 Cylinder Engine Gasoline Fuel,6-Speed A/T,Blue,Beige,Unknown,Unknown,59400.0,6.0,12.0,15,1.0277,3612.0,0,0,0,0.867
Bentley,Continental Gt V8,2022,10972.0,Gasoline,4.0L V8 32V GDI DOHC Twin Turbo,8-Speed Automatic With Auto-Shift,Red,Black,None Reported,Yes,217950.0,4.0,,2,19.8624,3657.0,0,0,0,0.0219
Bentley,Flying Spur V8,2022,27858.0,Gasoline,4.0L V8 32V GDI DOHC Twin Turbo,8-Speed Automatic With Auto-Shift,–,–,None Reported,Yes,197750.0,4.0,,2,7.0982,9286.0,0,0,0,0.0557
Porsche,911 Carrera 4S,2018,31678.0,Gasoline,3.0 Liter,–,Silver,–,None Reported,Unknown,106798.0,,,6,3.3713,4525.0,1,0,0,0.1901
Volkswagen,Golf R 4-Door,2016,47144.0,Gasoline,292.0HP 2.0L 4 Cylinder Engine Gasoline Fuel,6-Speed M/T,Blue,Black,None Reported,Yes,29950.0,2.0,4.0,8,0.6353,5238.0,0,0,0,0.3772
Hyundai,Genesis Coupe 3.8 Grand Touring,2011,165454.0,Gasoline,306.0HP 3.8L V6 Cylinder Engine Gasoline Fuel,6-Speed A/T,Gray,Black,At Least 1 Accident Or Damage Reported,Yes,4000.0,3.8,6.0,13,0.0242,11818.0,0,1,0,2.1509
Ford,F-150 Xlt,2018,98000.0,Gasoline,375.0HP 3.5L V6 Cylinder Engine Gasoline Fuel,10-Speed A/T,White,–,At Least 1 Accident Or Damage Reported,Yes,25500.0,3.5,6.0,6,0.2602,14000.0,0,1,0,0.588
Hyundai,Tucson Limited,2020,39913.0,Gasoline,2.4L I4 16V GDI DOHC,6-Speed Automatic,Black Noir Pearl,Beige,None Reported,Unknown,22749.0,2.4,,4,0.57,7983.0,0,0,0,0.1597
Ford,Mustang V6,2013,147191.0,Gasoline,305.0HP 3.7L V6 Cylinder Engine Gasoline Fuel,6-Speed A/T,Blue,Black,At Least 1 Accident Or Damage Reported,Yes,12990.0,3.7,6.0,11,0.0883,12266.0,0,1,0,1.6191
Bmw,435 I,2014,53600.0,Gasoline,300.0HP 3.0L Straight 6 Cylinder Engine Gasoline Fuel,8-Speed A/T,Silver,Black,None Reported,Yes,25980.0,3.0,6.0,10,0.4847,4873.0,1,0,0,0.536
Dodge,Challenger R/T,2010,100100.0,–,–,Transmission W/Dual Shift Mode,Purple,Black,None Reported,Yes,17000.0,,,14,0.1698,6673.0,0,0,0,1.4014
Mercedes-Benz,Amg G 63 Base,2020,1750.0,Gasoline,577.0HP 4.0L 8 Cylinder Engine Gasoline Fuel,9-Speed A/T,Blue,Black,None Reported,Yes,199995.0,4.0,8.0,4,114.2176,350.0,1,0,0,0.007
Dodge,Challenger Srt Hellcat,2020,2750.0,Gasoline,797.0HP 6.2L 8 Cylinder Engine Gasoline Fuel,8-Speed A/T,Orange,Black,None Reported,Yes,104500.0,6.2,8.0,4,37.9862,550.0,0,0,0,0.011
Porsche,Boxster Base,2013,40800.0,Gasoline,265.0HP 2.7L Flat 6 Cylinder Engine Gasoline Fuel,7-Speed A/T,Brown,Beige,None Reported,Yes,35500.0,2.7,6.0,11,0.8701,3400.0,1,0,0,0.4488
Porsche,Macan Base,2018,36798.0,Gasoline,2.0L I4 16V GDI DOHC Turbo,7-Speed Automatic With Auto-Shift,Volcano Grey Metallic,Black,At Least 1 Accident Or Damage Reported,Yes,49500.0,2.0,,6,1.3451,5257.0,1,1,0,0.2208
Ford,F-250 Xl,2021,77699.0,Diesel,6.7L V8 32V DDI OHV Turbo Diesel,Automatic,White,Medium Earth Gray,Unknown,Unknown,49883.0,6.7,,3,0.642,19425.0,0,0,0,0.2331
Ford,Mustang Gt,2010,87500.0,Gasoline,315.0HP 4.6L 8 Cylinder Engine Gasoline Fuel,A/T,Red,Black,At Least 1 Accident Or Damage Reported,Yes,14900.0,4.6,8.0,14,0.1703,5833.0,0,1,0,1.225
Chevrolet,Suburban Lt,2020,93000.0,Gasoline,355.0HP 5.3L 8 Cylinder Engine Gasoline Fuel,A/T,Black,Black,None Reported,Yes,38500.0,5.3,8.0,4,0.414,18600.0,0,0,0,0.372
Mercedes-Benz,C-Class C 300 4Matic,2018,41515.0,Gasoline,2.0L I4 16V GDI DOHC Turbo,9-Speed Automatic,Black,Black,None Reported,Yes,28251.0,2.0,,6,0.6805,5931.0,1,0,0,0.2491
Ram,1500 Classic Warlock,2019,19000.0,E85 Flex Fuel,3.6L V6 24V MPFI DOHC Flexible Fuel,8-Speed Automatic,Diamond Black,Diesel Gray / Black,At Least 1 Accident Or Damage Reported,Unknown,33242.0,3.6,,5,1.7495,3167.0,0,1,0,0.095
Toyota,Sequoia Sr5,2023,1539.0,Hybrid,3.4L V6 24V PDI DOHC Twin Turbo Hybrid,Automatic,Green,Boulder,At Least 1 Accident Or Damage Reported,Yes,76373.0,3.4,,1,49.5929,770.0,0,1,1,0.0015
Bmw,M5 Base,2018,31090.0,Gasoline,600.0HP 4.4L 8 Cylinder Engine Gasoline Fuel,8-Speed A/T,Green,Black,At Least 1 Accident Or Damage Reported,Yes,68000.0,4.4,8.0,6,2.1871,4441.0,1,1,0,0.1865
Mazda,Mazda3 Fwd W/Premium Package,2022,21701.0,Gasoline,2.5L I4 16V,6-Speed Automatic,Soul Red Crystal Metallic,Black,None Reported,Unknown,25099.0,2.5,,2,1.1565,7234.0,0,0,0,0.0434
Nissan,Rogue Sl,2016,97726.0,Gasoline,"2.5L I-4 DOHC, variable valve control, regular unleaded, engine",Variable,Gun Metallic,Charcoal,At Least 1 Accident Or Damage Reported,Unknown,15998.0,2.5,,8,0.1637,10858.0,0,1,0,0.7818
Audi,A7 3.0T Prestige,2015,73000.0,Diesel,240.0HP 3.0L V6 Cylinder Engine Diesel Fuel,8-Speed A/T,White,Gray,None Reported,Yes,34000.0,3.0,6.0,9,0.4657,7300.0,1,0,0,0.657
Genesis,G80 3.8,2020,23600.0,Gasoline,311.0HP 3.8L V6 Cylinder Engine Gasoline Fuel,A/T,Blue,Gray,None Reported,Yes,31900.0,3.8,6.0,4,1.3516,4720.0,1,0,0,0.0944
Rolls-Royce,Ghost Base,2016,8755.0,Gasoline,563.0HP 6.6L 12 Cylinder Engine Gasoline Fuel,A/T,Black,Black,None Reported,Yes,166900.0,6.6,12.0,8,19.0612,973.0,0,0,0,0.07
Bmw,M6 Gran Coupe Base,2019,20500.0,Gasoline,560.0HP 4.4L 8 Cylinder Engine Gasoline Fuel,Transmission W/Dual Shift Mode,Blue,Black,None Reported,Yes,67900.0,4.4,8.0,5,3.312,3417.0,1,0,0,0.1025
Ford,Mustang V6,2013,57912.0,Gasoline,305.0HP 3.7L V6 Cylinder Engine Gasoline Fuel,6-Speed M/T,Black,Black,At Least 1 Accident Or Damage Reported,Yes,18750.0,3.7,6.0,11,0.3238,4826.0,0,1,0,0.637
Bmw,650 I,2009,35000.0,Gasoline,360.0HP 4.8L 8 Cylinder Engine Gasoline Fuel,A/T,Black,Black,None Reported,Yes,18500.0,4.8,8.0,15,0.5286,2188.0,1,0,0,0.525
Nissan,Leaf Sv Plus,2023,7089.0,Gasoline,214.0HP Electric Motor Electric Fuel System,1-Speed A/T,Black,Black,At Least 1 Accident Or Damage Reported,Yes,29895.0,,,1,4.2165,3544.0,0,1,0,0.0071
Lincoln,Mkc Reserve,2019,35469.0,Gasoline,2.3L I4 16V GDI DOHC Turbo,6-Speed Automatic,Black,–,Unknown,Unknown,30890.0,2.3,,5,0.8709,5912.0,1,0,0,0.1773
Kia,Telluride Ex,2022,14676.0,Gasoline,3.8L V6 24V GDI DOHC,8-Speed Automatic,Dark Moss,Gray,None Reported,Unknown,46787.0,3.8,,2,3.1878,4892.0,0,0,0,0.0294
Lincoln,Navigator Reserve,2022,13750.0,Gasoline,440.0HP 3.5L V6 Cylinder Engine Gasoline Fuel,10-Speed A/T,White,Beige,None Reported,Yes,79999.0,3.5,6.0,2,5.8177,4583.0,1,0,0,0.0275
Mercedes-Benz,S-Class S 550 4Matic,2015,13300.0,Gasoline,449.0HP 4.7L 8 Cylinder Engine Gasoline Fuel,A/T,Black,Black,None Reported,Yes,62500.0,4.7,8.0,9,4.6989,1330.0,1,0,0,0.1197
Chevrolet,Suburban Lt,2017,117000.0,Gasoline,6.0L 8 Cylinder Engine Gasoline Fuel,6-Speed A/T,Blue,Beige,None Reported,Yes,27000.0,6.0,8.0,7,0.2308,14625.0,0,0,0,0.819
Audi,A7 55 Premium,2020,27100.0,Hybrid,335.0HP 3.0L V6 Cylinder Engine Gasoline/Mild Electric Hybrid,A/T,White,Black,None Reported,Yes,50000.0,3.0,6.0,4,1.845,5420.0,1,0,1,0.1084
Ford,Mustang Ecoboost Premium,2017,89352.0,Gasoline,310.0HP 2.3L 4 Cylinder Engine Gasoline Fuel,6-Speed A/T,White,Black,At Least 1 Accident Or Damage Reported,Yes,20989.0,2.3,4.0,7,0.2349,11169.0,0,1,0,0.6255
Chevrolet,Cruze Ls,2018,100000.0,Gasoline,153.0HP 1.4L 4 Cylinder Engine Gasoline Fuel,A/T,White,Black,At Least 1 Accident Or Damage Reported,Yes,8500.0,1.4,4.0,6,0.085,14286.0,0,1,0,0.6
Land,Rover Range Rover Hse Swb,2020,16000.0,Hybrid,395.0HP 3.0L Straight 6 Cylinder Engine Gasoline/Mild Electric Hybrid,A/T,Silver,Black,None Reported,Yes,75500.0,3.0,6.0,4,4.7185,3200.0,0,0,1,0.064
Land,Rover Defender S,2023,15200.0,Gasoline,296.0HP 2.0L 4 Cylinder Engine Gasoline Fuel,A/T,White,Black,None Reported,Yes,62999.0,2.0,4.0,1,4.1444,7600.0,0,0,0,0.0152
Bmw,650 I,2012,39960.0,Gasoline,400.0HP 4.4L 8 Cylinder Engine Gasoline Fuel,6-Speed M/T,White,Brown,None Reported,Yes,38995.0,4.4,8.0,12,0.9758,3074.0,1,0,0,0.4795
Ford,Mustang Base,2008,119000.0,Gasoline,210.0HP 4.0L V6 Cylinder Engine Gasoline Fuel,A/T,White,Black,At Least 1 Accident Or Damage Reported,Yes,13500.0,4.0,6.0,16,0.1134,7000.0,0,1,0,1.904
Kia,K5 Gt-Line,2022,10971.0,Gasoline,1.6L I4 16V GDI DOHC Turbo,8-Speed Automatic,Passion Red,Black,None Reported,Unknown,29998.0,1.6,,2,2.7341,3657.0,0,0,0,0.0219
Mazda,Mazda3 I Touring,2014,118500.0,Gasoline,155.0HP 2.0L 4 Cylinder Engine Gasoline Fuel,M/T,Silver,Black,At Least 1 Accident Or Damage Reported,Yes,11500.0,2.0,4.0,10,0.097,10773.0,0,1,0,1.185
Kia,Stinger Gt1,2021,8288.0,Gasoline,365.0HP 3.3L V6 Cylinder Engine Gasoline Fuel,8-Speed A/T,Black,Black,None Reported,Yes,45899.0,3.3,6.0,3,5.5373,2072.0,0,0,0,0.0249
Chevrolet,Camaro Zl1,2023,2950.0,Gasoline,650.0HP 6.2L 8 Cylinder Engine Gasoline Fuel,10-Speed A/T,Red,Gray,None Reported,Yes,74500.0,6.2,8.0,1,25.2457,1475.0,0,0,0,0.003
Mercedes-Benz,Amg G 63 Base,2017,73000.0,Gasoline,563.0HP 5.5L 8 Cylinder Engine Gasoline Fuel,7-Speed A/T,White,Black,At Least 1 Accident Or Damage Reported,Yes,78000.0,5.5,8.0,7,1.0685,9125.0,1,1,0,0.511
Ford,Thunderbird Premium,2005,82000.0,Gasoline,280.0HP 3.9L 8 Cylinder Engine Gasoline Fuel,Transmission W/Dual Shift Mode,Gold,White,None Reported,Yes,14900.0,3.9,8.0,19,0.1817,4100.0,0,0,0,1.558
Audi,E-Tron Prestige,2019,7874.0,Gasoline,Electric,1-Speed Automatic,Typhoon Gray Metallic,Pearl Beige,None Reported,Unknown,38999.0,,,5,4.9523,1312.0,1,0,0,0.0394
Gmc,Sierra 1500 Slt,2017,49105.0,Gasoline,420.0HP 6.2L 8 Cylinder Engine Gasoline Fuel,8-Speed A/T,White,Black,None Reported,Yes,39750.0,6.2,8.0,7,0.8095,6138.0,0,0,0,0.3437
Kia,Telluride Lx,2023,5500.0,Gasoline,291.0HP 3.8L V6 Cylinder Engine Gasoline Fuel,8-Speed A/T,Silver,Black,None Reported,Yes,40000.0,3.8,6.0,1,7.2714,2750.0,0,0,0,0.0055
Chevrolet,Corvette Base,2005,36700.0,Gasoline,400.0HP 6.0L 8 Cylinder Engine Gasoline Fuel,6-Speed M/T,Blue,Black,None Reported,Yes,26000.0,6.0,8.0,19,0.7084,1835.0,0,0,0,0.6973
Bmw,650 I,2014,40000.0,Gasoline,445.0HP 4.4L 8 Cylinder Engine Gasoline Fuel,Transmission W/Dual Shift Mode,White,Beige,None Reported,Yes,34000.0,4.4,8.0,10,0.85,3636.0,1,0,0,0.4
Nissan,Rogue Sl,2017,78110.0,Gasoline,170.0HP 2.5L 4 Cylinder Engine Gasoline Fuel,A/T,Silver,Black,Unknown,Unknown,17500.0,2.5,4.0,7,0.224,9764.0,0,0,0,0.5468
Gmc,Acadia Denali,2015,74864.0,Gasoline,288.0HP 3.6L V6 Cylinder Engine Gasoline Fuel,A/T,Gray,Beige,None Reported,Yes,19780.0,3.6,6.0,9,0.2642,7486.0,0,0,0,0.6738
Cadillac,Escalade Premium Luxury Platinum,2021,15350.0,Gasoline,420.0HP 6.2L 8 Cylinder Engine Gasoline Fuel,10-Speed A/T,Black,Black,None Reported,Yes,93500.0,6.2,8.0,3,6.0908,3838.0,1,0,0,0.046
Nissan,Gt-R Premium,2010,46100.0,Gasoline,485.0HP 3.8L V6 Cylinder Engine Gasoline Fuel,6-Speed A/T,Blue,Black,None Reported,Yes,72999.0,3.8,6.0,14,1.5835,3073.0,0,0,0,0.6454
Toyota,Highlander Xle,2018,61454.0,Gasoline,295.0HP 3.5L V6 Cylinder Engine Gasoline Fuel,A/T,Silver,Gray,None Reported,Yes,31000.0,3.5,6.0,6,0.5044,8779.0,0,0,0,0.3687
Bmw,X7 Xdrive40I,2020,45241.0,Gasoline,335.0HP 3.0L Straight 6 Cylinder Engine Gasoline Fuel,A/T,Blue,Brown,None Reported,Yes,54500.0,3.0,6.0,4,1.2046,9048.0,1,0,0,0.181
Infiniti,Qx60 Base,2018,48000.0,Gasoline,295.0HP 3.5L V6 Cylinder Engine Gasoline Fuel,Cvt Transmission,Black,Black,None Reported,Yes,27000.0,3.5,6.0,6,0.5625,6857.0,0,0,0,0.288
Lexus,Is 250C Base,2010,68500.0,Gasoline,204.0HP 2.5L V6 Cylinder Engine Gasoline Fuel,6-Speed M/T,Black,Beige,None Reported,Yes,18500.0,2.5,6.0,14,0.2701,4567.0,1,0,0,0.959
Gmc,Sierra 1500 Denali,2019,43433.0,Gasoline,5.3L V8 16V GDI OHV,Automatic,Onyx Black,Walnut,None Reported,Unknown,51899.0,5.3,,5,1.1949,7239.0,0,0,0,0.2172
Chevrolet,Ssr Base,2005,122961.0,Gasoline,6.0L V8 16V MPFI OHV,4-Speed Automatic,Redline Red,Ebony,None Reported,Yes,20995.0,6.0,,19,0.1707,6148.0,0,0,0,2.3363
Dodge,Challenger R/T,2014,92861.0,Gasoline,375.0HP 5.7L 8 Cylinder Engine Gasoline Fuel,5-Speed A/T,Gray,Red,None Reported,Yes,19750.0,5.7,8.0,10,0.2127,8442.0,0,0,0,0.9286
Hyundai,Equus Signature,2016,72000.0,Gasoline,429.0HP 5.0L 8 Cylinder Engine Gasoline Fuel,8-Speed A/T,White,Beige,None Reported,Yes,21400.0,5.0,8.0,8,0.2972,8000.0,0,0,0,0.576
Ford,Mustang Gt,2003,83000.0,Gasoline,260.0HP 4.6L 8 Cylinder Engine Gasoline Fuel,A/T,Gray,Black,None Reported,Yes,10500.0,4.6,8.0,21,0.1265,3773.0,0,0,0,1.743
Audi,E-Tron Premium,2021,18031.0,Gasoline,Electric,1-Speed Automatic,Navarra Blue Metallic,Black,None Reported,Unknown,39599.0,,,3,2.196,4508.0,1,0,0,0.0541
Toyota,Sequoia Limited,2023,8200.0,Hybrid,437.0HP 3.4L V6 Cylinder Engine Gas/Electric Hybrid,10-Speed A/T,Brown,Black,None Reported,Yes,78900.0,3.4,6.0,1,9.6208,4100.0,0,0,1,0.0082
Land,Rover Range Rover Sport Hst Mhev,2020,19000.0,Hybrid,395.0HP 3.0L Straight 6 Cylinder Engine Gasoline/Mild Electric Hybrid,Transmission W/Dual Shift Mode,Silver,Black,Unknown,Unknown,74900.0,3.0,6.0,4,3.9419,3800.0,0,0,1,0.076
Jeep,Grand Cherokee L Limited,2022,12875.0,Gasoline,3.6L V6 24V MPFI DOHC,8-Speed Automatic,Diamond Black,Global Black,None Reported,Unknown,42599.0,3.6,,2,3.3084,4292.0,0,0,0,0.0258
Maserati,Granturismo Sport,2015,32000.0,Gasoline,454.0HP 4.7L 8 Cylinder Engine Gasoline Fuel,A/T,Beige,Brown,None Reported,Yes,36000.0,4.7,8.0,9,1.125,3200.0,0,0,0,0.288
Bmw,M5 Base,2013,61145.0,Gasoline,560.0HP 4.4L 8 Cylinder Engine Gasoline Fuel,7-Speed A/T,White,Beige,At Least 1 Accident Or Damage Reported,Yes,37500.0,4.4,8.0,11,0.6133,5095.0,1,1,0,0.6726
Mercedes-Benz,C-Class 4Matic Sedan,2022,9612.0,Gasoline,"2L I-4 gasoline direct injection, DOHC, variable valve control,","Automatic, 9-Spd 9G-Tronic",–,–,None Reported,Unknown,43900.0,2.0,,2,4.5667,3204.0,1,0,0,0.0192
Land,Rover Range Rover Sport First Edition,2023,3534.0,Hybrid,4.4 Liter,Automatic,Red,Black,None Reported,Unknown,143998.0,,,1,40.7349,1767.0,0,0,1,0.0035
Ford,F-150 Lariat,2011,152000.0,Gasoline,365.0HP 3.5L V6 Cylinder Engine Gasoline Fuel,6-Speed A/T,Brown,Beige,None Reported,Yes,14000.0,3.5,6.0,13,0.0921,10857.0,0,0,0,1.976
Audi,A4 2.0T Premium,2012,129567.0,Gasoline,211.0HP 2.0L 4 Cylinder Engine Gasoline Fuel,A/T,White,Black,None Reported,Yes,7000.0,2.0,4.0,12,0.054,9967.0,1,0,0,1.5548
Bmw,540 I Xdrive,2019,36000.0,Gasoline,335.0HP 3.0L Straight 6 Cylinder Engine Gasoline Fuel,8-Speed A/T,Gray,Black,At Least 1 Accident Or Damage Reported,Yes,41995.0,3.0,6.0,5,1.1665,6000.0,1,1,0,0.18
Bmw,X6 Xdrive35I,2009,92008.0,Gasoline,300.0HP 3.0L Straight 6 Cylinder Engine Gasoline Fuel,6-Speed A/T,White,Black,None Reported,Yes,12500.0,3.0,6.0,15,0.1359,5750.0,1,0,0,1.3801
Ford,Mustang Base,1998,63900.0,Gasoline,150.0HP 3.8L V6 Cylinder Engine Gasoline Fuel,A/T,White,Gray,None Reported,Yes,10300.0,3.8,6.0,26,0.1612,2367.0,0,0,0,1.6614
Toyota,Sequoia Limited,2012,150900.0,Gasoline,381.0HP 5.7L 8 Cylinder Engine Gasoline Fuel,A/T,Black,Gray,None Reported,Yes,17500.0,5.7,8.0,12,0.116,11608.0,0,0,0,1.8108
Dodge,Challenger R/T Scat Pack,2019,43000.0,–,–,6-Speed M/T,Green,Black,None Reported,Yes,50000.0,,,5,1.1628,7167.0,0,0,0,0.215
Land,Rover Range Rover 3.0L Supercharged,2018,38020.0,Gasoline,5.0 Liter,Automatic,White,Espresso,None Reported,Unknown,63998.0,,,6,1.6832,5431.0,0,0,0,0.2281
Audi,Q8 55 Premium Plus,2021,14750.0,Hybrid,335.0HP 3.0L V6 Cylinder Engine Gasoline/Mild Electric Hybrid,Transmission W/Dual Shift Mode,Silver,Black,None Reported,Yes,61059.0,3.0,6.0,3,4.1393,3688.0,1,0,1,0.0442
Subaru,Wrx Base,2015,52500.0,Gasoline,268.0HP 2.0L 4 Cylinder Engine Gasoline Fuel,6-Speed M/T,Gray,Black,None Reported,Yes,23000.0,2.0,4.0,9,0.4381,5250.0,0,0,0,0.4725
Chevrolet,Suburban Lt,2017,207571.0,Gasoline,355.0HP 5.3L 8 Cylinder Engine Gasoline Fuel,6-Speed A/T,Black,Black,At Least 1 Accident Or Damage Reported,Yes,21000.0,5.3,8.0,7,0.1012,25946.0,0,1,0,1.453
Infiniti,Qx60 Pure,2020,39000.0,Gasoline,295.0HP 3.5L V6 Cylinder Engine Gasoline Fuel,A/T,Gray,Gray,None Reported,Yes,29900.0,3.5,6.0,4,0.7666,7800.0,0,0,0,0.156
Porsche,Cayman Base,2011,66000.0,Gasoline,265.0HP 2.9L Flat 6 Cylinder Engine Gasoline Fuel,A/T,Black,Brown,Unknown,Unknown,28000.0,2.9,6.0,13,0.4242,4714.0,1,0,0,0.858
Infiniti,Qx60 Base,2017,93500.0,Gasoline,295.0HP 3.5L V6 Cylinder Engine Gasoline Fuel,A/T,Black,Black,None Reported,Yes,16000.0,3.5,6.0,7,0.1711,11688.0,0,0,0,0.6545
Bmw,M4 Base,2018,7200.0,Gasoline,425.0HP 3.0L Straight 6 Cylinder Engine Gasoline Fuel,7-Speed A/T,Black,Black,None Reported,Yes,64000.0,3.0,6.0,6,8.8877,1029.0,1,0,0,0.0432
Maserati,Mc20 Mc20,2022,1220.0,Gasoline,"Nettuno 3L V-6 port/direct injection, DOHC, variable valve contr","Automatic, 8-Spd Dual-Clutch",–,–,None Reported,Unknown,238900.0,3.0,,2,195.6593,407.0,0,0,0,0.0024
Land,Rover Defender Se,2023,8421.0,Hybrid,395.0HP 3.0L Straight 6 Cylinder Engine Gasoline/Mild Electric Hybrid,A/T,Black,White,None Reported,Yes,90000.0,3.0,6.0,1,10.6863,4210.0,0,0,1,0.0084
Bmw,M8 Base,2020,25520.0,Gasoline,4.4L V8 32V GDI DOHC Twin Turbo,8-Speed Automatic,Brands Hatch Gray Metallic,Black,None Reported,Unknown,84900.0,4.4,,4,3.3267,5104.0,1,0,0,0.1021
Tesla,Model Y Performance,2020,30554.0,Gasoline,Electric,1-Speed Automatic,Blue,Black,None Reported,Unknown,41999.0,,,4,1.3745,6111.0,0,0,0,0.1222
Volvo,C40 Recharge Pure Electric Twin Ultimate,2023,17000.0,Gasoline,402.0HP Electric Motor Electric Fuel System,A/T,Gray,Blue,None Reported,Yes,54900.0,,,1,3.2292,8500.0,0,0,0,0.017
Mercedes-Benz,Sl-Class Sl 550,2011,41314.0,Gasoline,382.0HP 5.5L 8 Cylinder Engine Gasoline Fuel,Transmission W/Dual Shift Mode,Red,White,At Least 1 Accident Or Damage Reported,Yes,30999.0,5.5,8.0,13,0.7503,2951.0,1,1,0,0.5371
Land,Rover Range Rover P525 Hse Swb,2020,49899.0,Gasoline,518.0HP 5.0L 8 Cylinder Engine Gasoline Fuel,Transmission W/Dual Shift Mode,White,Black,At Least 1 Accident Or Damage Reported,Yes,64500.0,5.0,8.0,4,1.2926,9980.0,0,1,0,0.1996
Ford,Escape Xlt,2012,186268.0,E85 Flex Fuel,240.0HP 3.0L V6 Cylinder Engine Flex Fuel Capability,6-Speed A/T,Blue,Black,None Reported,Yes,4500.0,3.0,6.0,12,0.0242,14328.0,0,0,0,2.2352
Lexus,Es 350 Base,2016,51335.0,Gasoline,268.0HP 3.5L V6 Cylinder Engine Gasoline Fuel,6-Speed A/T,Silver,Black,At Least 1 Accident Or Damage Reported,Yes,25995.0,3.5,6.0,8,0.5064,5704.0,1,1,0,0.4107
Porsche,718 Boxster Gts,2019,10400.0,Gasoline,365.0HP 2.5L 4 Cylinder Engine Gasoline Fuel,A/T,Gray,Black,None Reported,Yes,99750.0,2.5,4.0,5,9.5904,1733.0,1,0,0,0.052
Mercedes-Benz,G-Class G 550,2020,20622.0,Gasoline,4.0 Liter Twin Turbo,Automatic,Designo Diamond White Metallic,Black,None Reported,Unknown,142998.0,,,4,6.9339,4124.0,1,0,0,0.0825
Ram,1500 Big Horn,2022,19376.0,Gasoline,5.7L V8 16V MPFI OHV,Automatic,Bright White Clearcoat,Black,None Reported,Yes,45861.0,5.7,,2,2.3668,6459.0,0,0,0,0.0388
Audi,R8 5.2 V10 Performance,2020,12245.0,Gasoline,5.2L V10 40V PDI DOHC,7-Speed Automatic With Auto-Shift,Daytona Gray Pearl Effect W/ Black Roof,Black / Express Red,None Reported,Unknown,187900.0,5.2,,4,15.3438,2449.0,1,0,0,0.049
Mitsubishi,Lancer Evolution Ix,2006,77000.0,Gasoline,286.0HP 2.0L 4 Cylinder Engine Gasoline Fuel,5-Speed M/T,Silver,Black,None Reported,Yes,57000.0,2.0,4.0,18,0.7403,4053.0,0,0,0,1.386
Acura,Tl Technology,2013,40000.0,Gasoline,280.0HP 3.5L V6 Cylinder Engine Gasoline Fuel,6-Speed A/T,Blue,Gray,None Reported,Yes,24000.0,3.5,6.0,11,0.6,3333.0,0,0,0,0.44
Cadillac,Cts Luxury,2012,113000.0,Gasoline,270.0HP 3.0L V6 Cylinder Engine Gasoline Fuel,6-Speed A/T,White,Beige,None Reported,Yes,10000.0,3.0,6.0,12,0.0885,8692.0,1,0,0,1.356
Chevrolet,Camaro 1Ss,2022,7600.0,Gasoline,455.0HP 6.2L 8 Cylinder Engine Gasoline Fuel,6-Speed M/T,Gray,Black,At Least 1 Accident Or Damage Reported,Yes,46000.0,6.2,8.0,2,6.0518,2533.0,0,1,0,0.0152
Toyota,Camry Hybrid Le,2022,20400.0,Hybrid,208.0HP 2.5L 4 Cylinder Engine Gas/Electric Hybrid,Cvt Transmission,White,Gray,None Reported,Yes,29900.0,2.5,4.0,2,1.4656,6800.0,0,0,1,0.0408
Ford,Transit-350 Xlt,2019,115000.0,Gasoline,310.0HP 3.5L V6 Cylinder Engine Gasoline Fuel,A/T,White,Gray,None Reported,Yes,39000.0,3.5,6.0,5,0.3391,19167.0,0,0,0,0.575
Lexus,Rx 450H Base,2012,223089.60000000012,Hybrid,295.0HP 3.5L V6 Cylinder Engine Gas/Electric Hybrid,A/T,Black,Black,None Reported,Yes,7000.0,3.5,6.0,12,0.0314,17161.0,1,0,1,2.6771
Jaguar,F-Type V6 S,2014,62194.0,Gasoline,3.0 Liter SC ULEV,Automatic,Black,Black,None Reported,Unknown,32998.0,,,10,0.5306,5654.0,0,0,0,0.6219
Jeep,Wrangler Sahara,2020,22138.0,Gasoline,3.6 Liter,Automatic,Black,Black,None Reported,Unknown,38598.0,,,4,1.7434,4428.0,0,0,0,0.0886
Porsche,718 Boxster S,2017,48900.0,Gasoline,350.0HP 2.5L 4 Cylinder Engine Gasoline Fuel,Transmission W/Dual Shift Mode,Blue,Black,None Reported,Yes,62500.0,2.5,4.0,7,1.2781,6112.0,1,0,0,0.3423
Audi,R8 5.2,2014,21800.0,Gasoline,525.0HP 5.2L 10 Cylinder Engine Gasoline Fuel,Transmission W/Dual Shift Mode,White,Black,None Reported,Yes,117000.0,5.2,10.0,10,5.3667,1982.0,1,0,0,0.218
Lincoln,Mkz Base,2016,68200.0,Gasoline,300.0HP 3.7L V6 Cylinder Engine Gasoline Fuel,6-Speed A/T,Silver,Black,At Least 1 Accident Or Damage Reported,Yes,16750.0,3.7,6.0,8,0.2456,7578.0,1,1,0,0.5456
Chevrolet,S-10 Ls Crew Cab,2001,139000.0,Gasoline,190.0HP 4.3L V6 Cylinder Engine Gasoline Fuel,A/T,Red,Gray,None Reported,Yes,7000.0,4.3,6.0,23,0.0504,5792.0,0,0,0,3.197
Mercedes-Benz,G-Class G 550 4Matic,2021,76100.0,Gasoline,416.0HP 4.0L 8 Cylinder Engine Gasoline Fuel,A/T,Black,Black,None Reported,Yes,130000.0,4.0,8.0,3,1.7083,19025.0,1,0,0,0.2283
Lexus,Rx 350 Rx 350 F Sport Handling,2022,14330.0,Gasoline,3.5 Liter DOHC,Automatic,Black,Red,None Reported,Unknown,54998.0,,,2,3.8377,4777.0,1,0,0,0.0287
Bmw,750 I Xdrive,2019,41906.0,Gasoline,445.0HP 4.4L 8 Cylinder Engine Gasoline Fuel,8-Speed A/T,Blue,White,At Least 1 Accident Or Damage Reported,Yes,45999.0,4.4,8.0,5,1.0976,6984.0,1,1,0,0.2095
Chevrolet,Camaro 2Ss,2016,164000.0,Gasoline,455.0HP 6.2L 8 Cylinder Engine Gasoline Fuel,8-Speed A/T,Black,Red,None Reported,Yes,21500.0,6.2,8.0,8,0.1311,18222.0,0,0,0,1.312
Ford,Fusion Hybrid Se,2013,161933.0,Hybrid,2.0L I4 16V MPFI DOHC Hybrid,Automatic Cvt,Blue,Charcoal Black,None Reported,Yes,7945.0,2.0,,11,0.0491,13494.0,0,0,1,1.7813
Hyundai,Santa Cruz 2.5T Limited,2022,22829.0,Gasoline,2.5L I4 16V PDI DOHC Turbo,Automatic,Hampton Gray,Black,None Reported,Unknown,34580.0,2.5,,2,1.5147,7610.0,0,0,0,0.0457
Lexus,Rx 350 F Sport,2023,5483.0,Gasoline,2.4L I4 16V PDI DOHC Turbo,8-Speed Automatic,Ultra White,Black,None Reported,Unknown,59950.0,2.4,,1,10.9318,2742.0,1,0,0,0.0055
Land,Rover Range Rover Evoque S,2020,46891.0,Gasoline,246.0HP 2.0L 4 Cylinder Engine Gasoline Fuel,9-Speed A/T,Gray,Black,At Least 1 Accident Or Damage Reported,Yes,31000.0,2.0,4.0,4,0.6611,9378.0,0,1,0,0.1876
Chevrolet,Suburban Lt,2019,72000.0,Gasoline,355.0HP 5.3L 8 Cylinder Engine Gasoline Fuel,A/T,Blue,Beige,At Least 1 Accident Or Damage Reported,Yes,39000.0,5.3,8.0,5,0.5417,12000.0,0,1,0,0.36
Porsche,718 Spyder Base,2020,3400.0,Gasoline,414.0HP 4.0L Flat 6 Cylinder Engine Gasoline Fuel,6-Speed M/T,White,Black,None Reported,Yes,129900.0,4.0,6.0,4,38.1946,680.0,1,0,0,0.0136
Chevrolet,Camaro 1Lt,2021,18000.0,Gasoline,335.0HP 3.6L V6 Cylinder Engine Gasoline Fuel,10-Speed A/T,White,Black,At Least 1 Accident Or Damage Reported,Yes,30000.0,3.6,6.0,3,1.6666,4500.0,0,1,0,0.054
Jeep,Gladiator Freedom,2021,30630.0,Gasoline,3.6 Liter,Automatic,Hydro Blue Pearlcoat,Black,None Reported,Unknown,39998.0,,,3,1.3058,7658.0,0,0,0,0.0919
Toyota,Tacoma Double Cab,2007,24985.0,Gasoline,236.0HP 4.0L V6 Cylinder Engine Gasoline Fuel,5-Speed A/T,Silver,Silver,Unknown,Unknown,33580.0,4.0,6.0,17,1.344,1388.0,0,0,0,0.4247
Gmc,Yukon Denali Ultimate,2023,9978.0,Gasoline,420.0HP 6.2L 8 Cylinder Engine Gasoline Fuel,10-Speed A/T,White,Gold,None Reported,Yes,93999.0,6.2,8.0,1,9.4197,4989.0,0,0,0,0.01
Ford,Shelby Gt350R Base,2018,18500.0,Gasoline,526.0HP 5.2L 8 Cylinder Engine Gasoline Fuel,M/T,Blue,Black,At Least 1 Accident Or Damage Reported,Yes,77999.0,5.2,8.0,6,4.2159,2643.0,0,1,0,0.111
Cadillac,Escalade Premium Luxury Platinum,2021,72843.0,Gasoline,6.2L V8 16V GDI OHV,10-Speed Automatic,Sandstone Metallic,Dark Auburn,None Reported,Yes,79990.0,6.2,,3,1.0981,18211.0,1,0,0,0.2185
Buick,Lacrosse Base,2017,67500.0,Gasoline,310.0HP 3.6L V6 Cylinder Engine Gasoline Fuel,8-Speed A/T,Black,Beige,None Reported,Yes,20000.0,3.6,6.0,7,0.2963,8438.0,0,0,0,0.4725
Tesla,Model X Long Range Plus,2020,43534.0,Gasoline,534.0HP Electric Motor Electric Fuel System,1-Speed A/T,Black,Black,None Reported,Yes,65990.0,,,4,1.5158,8707.0,0,0,0,0.1741
Mercedes-Benz,E-Class E 300 4Matic,2017,36900.0,Gasoline,241.0HP 2.0L 4 Cylinder Engine Gasoline Fuel,9-Speed A/T,Gray,Beige,None Reported,Yes,28500.0,2.0,4.0,7,0.7723,4612.0,1,0,0,0.2583
Chevrolet,Tahoe Lt,2017,61720.0,E85 Flex Fuel,5.3 Liter,Automatic,Silver,Jet Black,At Least 1 Accident Or Damage Reported,Unknown,39998.0,,,7,0.648,7715.0,0,1,0,0.432
Kia,Telluride Ex,2022,35938.0,Gasoline,3.8L V6 24V GDI DOHC,8-Speed Automatic,Glacial White Pearl,Black,None Reported,Unknown,43329.0,3.8,,2,1.2056,11979.0,0,0,0,0.0719
Toyota,Tundra Hybrid Limited,2023,10748.0,Hybrid,3.4L V6 24V PDI DOHC Twin Turbo Hybrid,Automatic,Midnight Black Metallic,Black,None Reported,Unknown,63100.0,3.4,,1,5.8703,5374.0,0,0,1,0.0107
Audi,S8 4.0T Quattro,2023,4457.0,Gasoline,4.0L V8 32V GDI DOHC Twin Turbo,Automatic,Mythos Black Metallic,Black,None Reported,Unknown,107900.0,4.0,,1,24.2037,2228.0,1,0,0,0.0045
Nissan,Armada Platinum,2018,108206.0,Gasoline,5.6 Liter,Automatic,White,Charcoal,At Least 1 Accident Or Damage Reported,Unknown,26498.0,,,6,0.2449,15458.0,0,1,0,0.6492
Land,Rover Discovery Hse,2020,32705.0,Diesel,3.0 Liter,Automatic,Portofino Blue Metallic,Tan/Ebony/Ebony,None Reported,Unknown,46598.0,,,4,1.4248,6541.0,0,0,0,0.1308
Kia,Telluride S,2020,74026.0,Gasoline,3.8L V6 24V GDI DOHC,8-Speed Automatic,Sangria Red,Black,None Reported,Unknown,32913.0,3.8,,4,0.4446,14805.0,0,0,0,0.2961
Lexus,Gs 350 F Sport,2020,24651.0,Gasoline,3.5L V6 24V PDI DOHC,6-Speed Automatic,Ultra White,Black,None Reported,Unknown,45950.0,3.5,,4,1.8639,4930.0,1,0,0,0.0986
Bmw,X6 Xdrive40I,2022,13000.0,Hybrid,335.0HP 3.0L Straight 6 Cylinder Engine Gasoline/Mild Electric Hybrid,Transmission W/Dual Shift Mode,Gray,Orange,None Reported,Yes,69000.0,3.0,6.0,2,5.3073,4333.0,1,0,1,0.026
Land,Rover Range Rover P400 Se Swb,2023,11700.0,Hybrid,395.0HP 3.0L Straight 6 Cylinder Engine Gasoline/Mild Electric Hybrid,Transmission W/Dual Shift Mode,Gray,White,None Reported,Yes,133500.0,3.0,6.0,1,11.4093,5850.0,0,0,1,0.0117
Chevrolet,Silverado 3500 High Country,2015,77500.0,Diesel,397.0HP 6.6L 8 Cylinder Engine Diesel Fuel,6-Speed A/T,Black,Brown,None Reported,Yes,54000.0,6.6,8.0,9,0.6968,7750.0,0,0,0,0.6975
Maserati,Quattroporte Sport Gt,2007,82000.0,Gasoline,394.0HP 4.2L 8 Cylinder Engine Gasoline Fuel,Transmission W/Dual Shift Mode,Black,Black,At Least 1 Accident Or Damage Reported,Yes,7999.0,4.2,8.0,17,0.0975,4556.0,0,1,0,1.394
Ford,Expedition Limited,2021,29830.0,Gasoline,3.5L V6 24V PDI DOHC Twin Turbo,10-Speed Automatic,Magnetic Metallic,Ebony,None Reported,Unknown,55329.0,3.5,,3,1.8547,7458.0,0,0,0,0.0895
Mazda,Mazda6 I Grand Touring,2016,83100.0,–,–,A/T,White,White,None Reported,Yes,17800.0,,,8,0.2142,9233.0,0,0,0,0.6648
Kia,Optima Lx,2019,62660.0,Gasoline,185.0HP 2.4L 4 Cylinder Engine Gasoline Fuel,A/T,White,Black,None Reported,Yes,16500.0,2.4,4.0,5,0.2633,10443.0,0,0,0,0.3133
Land,Rover Range Rover Sport Svr,2018,56006.0,Gasoline,575.0HP 5.0L 8 Cylinder Engine Gasoline Fuel,Transmission W/Dual Shift Mode,Silver,White,None Reported,Yes,59000.0,5.0,8.0,6,1.0534,8001.0,0,0,0,0.336
Lexus,Rx 450H F Sport Handling,2021,31365.0,Hybrid,3.5 Liter DOHC,Variable,Beige,Red,None Reported,Unknown,52998.0,,,3,1.6897,7841.0,1,0,1,0.0941
Lincoln,Town Car Base,2004,27600.0,Gasoline,239.0HP 4.6L 8 Cylinder Engine Gasoline Fuel,4-Speed A/T,Black,White,None Reported,Yes,14900.0,4.6,8.0,20,0.5398,1314.0,1,0,0,0.552
Honda,Civic Si,2012,47245.0,Gasoline,201.0HP 2.4L 4 Cylinder Engine Gasoline Fuel,6-Speed M/T,White,Black,None Reported,Yes,19600.0,2.4,4.0,12,0.4148,3634.0,0,0,0,0.5669
Lexus,Rx 450H Base,2017,73948.0,Hybrid,308.0HP 3.5L V6 Cylinder Engine Gas/Electric Hybrid,A/T,White,Beige,None Reported,Yes,31990.0,3.5,6.0,7,0.4326,9244.0,1,0,1,0.5176
Ram,1500 Classic Warlock,2019,36757.0,E85 Flex Fuel,3.6L V6 24V MPFI DOHC Flexible Fuel,8-Speed Automatic,Diamond Black,Diesel Gray / Black,None Reported,Yes,31953.0,3.6,,5,0.8693,6126.0,0,0,0,0.1838
Tesla,Model Y Long Range,2023,4786.0,Gasoline,425.0HP Electric Motor Electric Fuel System,A/T,White,White,None Reported,Yes,48000.0,,,1,10.0272,2393.0,0,0,0,0.0048
Audi,Rs 3 2.5T,2023,1900.0,Gasoline,401.0HP 2.5L 5 Cylinder Engine Gasoline Fuel,Transmission W/Dual Shift Mode,Gray,Black,None Reported,Yes,78900.0,2.5,5.0,1,41.5045,950.0,1,0,0,0.0019
Hyundai,Genesis Coupe 3.8 R-Spec,2014,52060.0,Gasoline,348.0HP 3.8L V6 Cylinder Engine Gasoline Fuel,6-Speed M/T,Black,Black,At Least 1 Accident Or Damage Reported,Yes,15000.0,3.8,6.0,10,0.2881,4733.0,0,1,0,0.5206
Porsche,Boxster Rs 60 Spyder,2008,58000.0,Gasoline,303.0HP 3.4L Flat 6 Cylinder Engine Gasoline Fuel,6-Speed M/T,Silver,Black,None Reported,Yes,41500.0,3.4,6.0,16,0.7155,3412.0,1,0,0,0.928
Ford,F-250 Xlt,2010,52246.0,Diesel,6.4L V8 32V DDI OHV Twin Turbo Diesel,6-Speed Manual,Tan,Medium Stone,None Reported,Yes,26095.0,6.4,,14,0.4995,3483.0,0,0,0,0.7314
Kia,Sorento Ex,2016,64290.0,Gasoline,2.0L I4 16V GDI DOHC Turbo,6-Speed Automatic,Snow White Pearl,Satin Black,None Reported,Unknown,16999.0,2.0,,8,0.2644,7143.0,0,0,0,0.5143
Nissan,370Z Touring,2009,37500.0,Gasoline,332.0HP 3.7L V6 Cylinder Engine Gasoline Fuel,6-Speed M/T,Silver,Orange,None Reported,Yes,21500.0,3.7,6.0,15,0.5733,2344.0,0,0,0,0.5625
Genesis,G70 2.0T,2023,2121.0,Gasoline,252.0HP 2.0L 4 Cylinder Engine Gasoline Fuel,8-Speed A/T,White,Red,None Reported,Yes,40750.0,2.0,4.0,1,19.2036,1060.0,1,0,0,0.0021
Land,Rover Range Rover Sport Supercharged,2013,57000.0,Gasoline,510.0HP 5.0L 8 Cylinder Engine Gasoline Fuel,Transmission W/Dual Shift Mode,White,Beige,None Reported,Yes,26000.0,5.0,8.0,11,0.4561,4750.0,0,0,0,0.627
Mercedes-Benz,S-Class S 560 4Matic,2020,22000.0,Gasoline,463.0HP 4.0L 8 Cylinder Engine Gasoline Fuel,A/T,White,Beige,None Reported,Yes,69500.0,4.0,8.0,4,3.1589,4400.0,1,0,0,0.088
Ford,Bronco Wildtrak Advanced,2023,2000.0,Gasoline,315.0HP 2.7L V6 Cylinder Engine Gasoline Fuel,A/T,Black,Black,None Reported,Yes,66500.0,2.7,6.0,1,33.2334,1000.0,0,0,0,0.002
Ram,1500 Slt,2018,61802.0,E85 Flex Fuel,305.0HP 3.6L V6 Cylinder Engine Flex Fuel Capability,8-Speed A/T,Black,Gray,None Reported,Yes,32000.0,3.6,6.0,6,0.5178,8829.0,0,0,0,0.3708
Dodge,Challenger R/T,2010,73000.0,–,–,A/T,Black,Black,None Reported,Yes,17500.0,,,14,0.2397,4867.0,0,0,0,1.022
Chevrolet,Sonic Lt,2013,110000.0,–,–,A/T,Gray,Black,None Reported,Yes,7500.0,,,11,0.0682,9167.0,0,0,0,1.21
Jeep,Grand Cherokee Laredo,2013,106700.0,E85 Flex Fuel,290.0HP 3.6L V6 Cylinder Engine Flex Fuel Capability,6-Speed A/T,Black,Black,None Reported,Yes,13500.0,3.6,6.0,11,0.1265,8892.0,0,0,0,1.1737
Audi,Rs 5 4.2,2013,75965.0,Gasoline,450.0HP 4.2L 8 Cylinder Engine Gasoline Fuel,7-Speed A/T,White,Black,At Least 1 Accident Or Damage Reported,Yes,35999.0,4.2,8.0,11,0.4739,6330.0,1,1,0,0.8356
Jeep,Grand Cherokee L Overland,2022,31804.0,Gasoline,3.6L V6 24V MPFI DOHC,Automatic,Silver Zynith,Global Black,At Least 1 Accident Or Damage Reported,Yes,48995.0,3.6,,2,1.5405,10601.0,0,1,0,0.0636
Mazda,Mx-5 Miata Base,1992,125800.0,–,–,5-Speed M/T,Red,Black,None Reported,Yes,11500.0,,,32,0.0914,3812.0,0,0,0,4.0256
Chrysler,Crossfire Limited,2005,116320.0,Gasoline,215.0HP 3.2L V6 Cylinder Engine Gasoline Fuel,5-Speed A/T,Gray,Red,At Least 1 Accident Or Damage Reported,Yes,6000.0,3.2,6.0,19,0.0516,5816.0,0,1,0,2.2101
Audi,S5 4.2 Premium Plus,2011,156875.0,Gasoline,354.0HP 4.2L 8 Cylinder Engine Gasoline Fuel,6-Speed M/T,Black,Red,At Least 1 Accident Or Damage Reported,Yes,9900.0,4.2,8.0,13,0.0631,11205.0,1,1,0,2.0394
Tesla,Model X Base,2023,197.0,Gasoline,670.0HP Electric Motor Electric Fuel System,A/T,Blue,Black,None Reported,Yes,85000.0,,,1,429.2929,98.0,0,0,0,0.0002
Cadillac,Ct4 Luxury,2020,35200.0,Gasoline,237.0HP 2.0L 4 Cylinder Engine Gasoline Fuel,8-Speed A/T,Blue,Black,None Reported,Yes,28500.0,2.0,4.0,4,0.8096,7040.0,1,0,0,0.1408
Maserati,Ghibli S Q4,2014,76000.0,Gasoline,404.0HP 3.0L V6 Cylinder Engine Gasoline Fuel,A/T,Black,Black,None Reported,Yes,19000.0,3.0,6.0,10,0.25,6909.0,0,0,0,0.76
Jaguar,F-Pace 25T Premium,2019,29000.0,Gasoline,247.0HP 2.0L 4 Cylinder Engine Gasoline Fuel,A/T,White,Black,None Reported,Yes,34500.0,2.0,4.0,5,1.1896,4833.0,0,0,0,0.145
Bmw,750 I Xdrive,2019,33499.0,Gasoline,445.0HP 4.4L 8 Cylinder Engine Gasoline Fuel,A/T,Gray,Black,At Least 1 Accident Or Damage Reported,Yes,44495.0,4.4,8.0,5,1.3282,5583.0,1,1,0,0.1675
Acura,Tlx V6 Advance,2019,25779.0,Gasoline,3.5L V6 24V GDI SOHC,9-Speed Automatic,Platinum White Pearl,Ebony,At Least 1 Accident Or Damage Reported,Unknown,30999.0,3.5,,5,1.2024,4296.0,0,1,0,0.1289
Gmc,Terrain Slt-1,2015,76296.0,Gasoline,182.0HP 2.4L 4 Cylinder Engine Gasoline Fuel,6-Speed A/T,Gray,Black,At Least 1 Accident Or Damage Reported,Yes,9500.0,2.4,4.0,9,0.1245,7630.0,0,1,0,0.6867
Bmw,I3 Base W/Range Extender,2014,29553.0,Gasoline,170.0HP 0.65L Electric Motor Electric Fuel System,1-Speed A/T,Black,Gray,None Reported,Yes,12800.0,0.65,,10,0.4331,2687.0,1,0,0,0.2955
Nissan,Versa 1.8 S,2011,109902.0,Gasoline,122.0HP 1.8L 4 Cylinder Engine Gasoline Fuel,A/T,Blue,Gray,None Reported,Yes,4500.0,1.8,4.0,13,0.0409,7850.0,0,0,0,1.4287
Mercedes-Benz,C-Class C 300 4Matic,2019,23083.0,Gasoline,255.0HP 2.0L 4 Cylinder Engine Gasoline Fuel,9-Speed A/T,White,Beige,None Reported,Yes,33500.0,2.0,4.0,5,1.4512,3847.0,1,0,0,0.1154
Toyota,Matrix Xrs,2003,143600.0,Gasoline,180.0HP 1.8L 4 Cylinder Engine Gasoline Fuel,6-Speed M/T,Black,Black,None Reported,Yes,4199.0,1.8,4.0,21,0.0292,6527.0,0,0,0,3.0156
Ram,1500 Limited,2021,22000.0,Gasoline,395.0HP 5.7L 8 Cylinder Engine Gasoline Fuel,8-Speed A/T,Black,Black,None Reported,Yes,54800.0,5.7,8.0,3,2.4908,5500.0,0,0,0,0.066
Mercedes-Benz,Amg E 53 Base 4Matic,2022,13000.0,Hybrid,429.0HP 3.0L Straight 6 Cylinder Engine Gasoline/Mild Electric Hybrid,9-Speed A/T,Silver,Black,None Reported,Yes,81500.0,3.0,6.0,2,6.2687,4333.0,1,0,1,0.026
Audi,A5 2.0T Premium,2018,53000.0,Gasoline,252.0HP 2.0L 4 Cylinder Engine Gasoline Fuel,A/T,White,Brown,At Least 1 Accident Or Damage Reported,Yes,28000.0,2.0,4.0,6,0.5283,7571.0,1,1,0,0.318
Lincoln,Navigator Reserve,2019,44741.0,Gasoline,450.0HP 3.5L V6 Cylinder Engine Gasoline Fuel,10-Speed A/T,Beige,Beige,None Reported,Yes,52999.0,3.5,6.0,5,1.1845,7457.0,1,0,0,0.2237
Audi,A6 3.2 Quattro,2008,202000.0,Gasoline,255.0HP 3.2L V6 Cylinder Engine Gasoline Fuel,A/T,Blue,Gray,At Least 1 Accident Or Damage Reported,Yes,5700.0,3.2,6.0,16,0.0282,11882.0,1,1,0,3.232
Chevrolet,Silverado 1500 Lt Crew Cab,2006,215000.0,Gasoline,345.0HP 6.0L 8 Cylinder Engine Gasoline Fuel,A/T,Black,Black,At Least 1 Accident Or Damage Reported,Yes,6995.0,6.0,8.0,18,0.0325,11316.0,0,1,0,3.87
Mercedes-Benz,S-Class S 560,2019,77138.0,Gasoline,4.0 Liter,Automatic,Designo Diamond White,Black,None Reported,Unknown,49998.0,,,5,0.6482,12856.0,1,0,0,0.3857
Volvo,Xc90 T6 Momentum,2018,90641.0,Gasoline,2.0L I4 16V GDI DOHC,8-Speed Automatic,White,Amber,None Reported,Unknown,25999.0,2.0,,6,0.2868,12949.0,0,0,0,0.5438
Toyota,Camry Se,2011,177702.0,Gasoline,179.0HP 2.5L 4 Cylinder Engine Gasoline Fuel,A/T,Gray,Gray,At Least 1 Accident Or Damage Reported,Yes,7700.0,2.5,4.0,13,0.0433,12693.0,0,1,0,2.3101
Mercedes-Benz,Metris Base,2018,58350.0,Gasoline,208.0HP 2.0L 4 Cylinder Engine Gasoline Fuel,7-Speed A/T,Black,Black,None Reported,Yes,29497.0,2.0,4.0,6,0.5055,8336.0,1,0,0,0.3501
Chevrolet,Camaro 2Lt,2010,86170.0,Gasoline,304.0HP 3.6L V6 Cylinder Engine Gasoline Fuel,6-Speed A/T,Black,Black,At Least 1 Accident Or Damage Reported,Yes,17000.0,3.6,6.0,14,0.1973,5745.0,0,1,0,1.2064
Mazda,Mx-5 Miata Grand Touring,2012,36568.0,Gasoline,167.0HP 2.0L 4 Cylinder Engine Gasoline Fuel,6-Speed M/T,Blue,Beige,At Least 1 Accident Or Damage Reported,Yes,20199.0,2.0,4.0,12,0.5524,2813.0,0,1,0,0.4388
Ford,Escape Se,2015,54357.0,Gasoline,173.0HP 1.6L 4 Cylinder Engine Gasoline Fuel,6-Speed A/T,White,Gray,None Reported,Yes,16250.0,1.6,4.0,9,0.2989,5436.0,0,0,0,0.4892
Mercedes-Benz,S-Class S 63 Amg,2015,20394.0,Gasoline,5.5 Liter,Automatic,Black,Black,At Least 1 Accident Or Damage Reported,Unknown,59598.0,,,9,2.9222,2039.0,1,1,0,0.1835
Kia,Niro Ex,2023,7578.0,Hybrid,1.6L I4 16V GDI DOHC Hybrid,Automatic,Snow White Pearl,Charcoal,None Reported,Unknown,31113.0,1.6,,1,4.1052,3789.0,0,0,1,0.0076
Porsche,Boxster Base,2010,64800.0,Gasoline,255.0HP 2.9L Flat 6 Cylinder Engine Gasoline Fuel,6-Speed M/T,Gray,Gray,At Least 1 Accident Or Damage Reported,Yes,20900.0,2.9,6.0,14,0.3225,4320.0,1,1,0,0.9072
Toyota,4Runner Trail,2016,117780.0,Gasoline,270.0HP 4.0L V6 Cylinder Engine Gasoline Fuel,5-Speed A/T,Gray,Black,None Reported,Yes,27750.0,4.0,6.0,8,0.2356,13087.0,0,0,0,0.9422
Hyundai,Kona Ev Sel,2019,33100.0,Gasoline,201.0HP Electric Motor Electric Fuel System,1-Speed A/T,Black,Black,None Reported,Yes,18200.0,,,5,0.5498,5517.0,0,0,0,0.1655
Land,Rover Range Rover Evoque Se,2016,86202.0,Gasoline,240.0HP 2.0L 4 Cylinder Engine Gasoline Fuel,9-Speed A/T,Black,Black,None Reported,Yes,18750.0,2.0,4.0,8,0.2175,9578.0,0,0,0,0.6896
Ford,E350 Super Duty Xlt,2012,163000.0,E85 Flex Fuel,255.0HP 5.4L 8 Cylinder Engine Flex Fuel Capability,A/T,White,Gray,None Reported,Yes,19550.0,5.4,8.0,12,0.1199,12538.0,0,0,0,1.956
Mercedes-Benz,Sl-Class Sl500 Roadster,2004,35400.0,Gasoline,302.0HP 5.0L 8 Cylinder Engine Gasoline Fuel,7-Speed A/T,Black,Gray,None Reported,Yes,24900.0,5.0,8.0,20,0.7034,1686.0,1,0,0,0.708
Jeep,Compass Trailhawk,2018,31000.0,Gasoline,180.0HP 2.4L 4 Cylinder Engine Gasoline Fuel,9-Speed A/T,Gray,Black,None Reported,Yes,22000.0,2.4,4.0,6,0.7097,4429.0,0,0,0,0.186
Mercedes-Benz,S-Class S 560 4Matic,2018,103069.0,Gasoline,4.0 Liter,Automatic,Anthracite Blue Metallic,Silk Beige/Espresso Brown,None Reported,Unknown,40998.0,,,6,0.3978,14724.0,1,0,0,0.6184
Mercedes-Benz,G-Class G 550 4Matic,2021,22480.0,Gasoline,416.0HP 4.0L 8 Cylinder Engine Gasoline Fuel,A/T,White,Brown,None Reported,Yes,135800.0,4.0,8.0,3,6.0407,5620.0,1,0,0,0.0674
Tesla,Model X P90D,2016,91000.0,Gasoline,691.0HP Electric Motor Electric Fuel System,A/T,Silver,White,None Reported,Yes,39500.0,,,8,0.4341,10111.0,0,0,0,0.728
Lexus,Is-F Base,2010,41500.0,Gasoline,416.0HP 5.0L 8 Cylinder Engine Gasoline Fuel,8-Speed A/T,Blue,Black,At Least 1 Accident Or Damage Reported,Yes,44800.0,5.0,8.0,14,1.0795,2767.0,1,1,0,0.581
Bmw,335 I,2010,91545.0,Gasoline,300.0HP 3.0L Straight 6 Cylinder Engine Gasoline Fuel,6-Speed A/T,Black,Black,None Reported,Yes,13000.0,3.0,6.0,14,0.142,6103.0,1,0,0,1.2816
Audi,Rs 7 4.0T,2022,4100.0,Hybrid,591.0HP 4.0L 8 Cylinder Engine Gasoline/Mild Electric Hybrid,8-Speed A/T,Blue,Black,None Reported,Yes,162500.0,4.0,8.0,2,39.6245,1367.0,1,0,1,0.0082
Buick,Lucerne Cxl,2006,110000.0,Gasoline,275.0HP 4.6L 8 Cylinder Engine Gasoline Fuel,A/T,Gold,Beige,None Reported,Yes,5000.0,4.6,8.0,18,0.0455,5789.0,0,0,0,1.98
Lincoln,Mkx Reserve,2016,88000.0,Gasoline,335.0HP 2.7L V6 Cylinder Engine Gasoline Fuel,Transmission W/Dual Shift Mode,Black,Black,None Reported,Yes,18500.0,2.7,6.0,8,0.2102,9778.0,1,0,0,0.704
Nissan,Armada Platinum,2018,42833.0,Gasoline,390.0HP 5.6L 8 Cylinder Engine Gasoline Fuel,Transmission W/Dual Shift Mode,Blue,Gray,None Reported,Yes,37000.0,5.6,8.0,6,0.8638,6119.0,0,0,0,0.257
Porsche,911 Carrera,2020,23278.0,Gasoline,3.0 Liter,Automatic,Blue,–,None Reported,Unknown,114998.0,,,4,4.94,4656.0,1,0,0,0.0931
Mercedes-Benz,E-Class 400E,1993,106983.0,–,–,4-Speed A/T,White,Gray,None Reported,Yes,15300.0,,,31,0.143,3343.0,1,0,0,3.3165
Bmw,435 Gran Coupe I,2015,60100.0,Gasoline,300.0HP 3.0L Straight 6 Cylinder Engine Gasoline Fuel,8-Speed A/T,Blue,Beige,None Reported,Yes,24995.0,3.0,6.0,9,0.4159,6010.0,1,0,0,0.5409
Jeep,Wagoneer Series Iii,2022,17381.0,Gasoline,5.7L V8 16V MPFI OHV,8-Speed Automatic,Velvet Red Pearlcoat,Global Black,None Reported,Yes,69685.0,5.7,,2,4.009,5794.0,0,0,0,0.0348
Cadillac,Ats 2.5L,2013,63172.0,Gasoline,202.0HP 2.5L 4 Cylinder Engine Gasoline Fuel,A/T,Black,Black,At Least 1 Accident Or Damage Reported,Yes,12995.0,2.5,4.0,11,0.2057,5264.0,1,1,0,0.6949
Ford,Transit Connect Xlt,2010,72000.0,Gasoline,136.0HP 2.0L 4 Cylinder Engine Gasoline Fuel,A/T,White,Gray,At Least 1 Accident Or Damage Reported,Yes,10900.0,2.0,4.0,14,0.1514,4800.0,0,1,0,1.008
Kia,Ev6 Gt-Line,2022,4820.0,Gasoline,320.0HP Electric Motor Electric Fuel System,1-Speed A/T,Red,Black,None Reported,Yes,47500.0,,,2,9.8527,1607.0,0,0,0,0.0096
Audi,S5 3.0T Premium Plus,2014,67900.0,Gasoline,333.0HP 3.0L V6 Cylinder Engine Gasoline Fuel,6-Speed M/T,Silver,Black,Unknown,Unknown,25990.0,3.0,6.0,10,0.3828,6173.0,1,0,0,0.679
Toyota,Tundra Sr,2018,51000.0,Gasoline,381.0HP 5.7L 8 Cylinder Engine Gasoline Fuel,A/T,Black,Gray,None Reported,Yes,38000.0,5.7,8.0,6,0.7451,7286.0,0,0,0,0.306
Jeep,Wrangler Unlimited Freedom Edition,2013,54500.0,Gasoline,285.0HP 3.6L V6 Cylinder Engine Gasoline Fuel,A/T,Green,Black,None Reported,Yes,35000.0,3.6,6.0,11,0.6422,4542.0,0,0,0,0.5995
Maserati,Quattroporte Base,2006,61840.0,Gasoline,394.0HP 4.2L 8 Cylinder Engine Gasoline Fuel,Transmission W/Dual Shift Mode,Gray,Beige,None Reported,Yes,16500.0,4.2,8.0,18,0.2668,3255.0,0,0,0,1.1131
Mercedes-Benz,Cls-Class Cls500,2006,28950.0,Gasoline,302.0HP 5.0L 8 Cylinder Engine Gasoline Fuel,7-Speed A/T,Blue,Beige,Unknown,Unknown,16750.0,5.0,8.0,18,0.5786,1524.0,1,0,0,0.5211
Gmc,Sierra 3500 Sle,2002,223089.60000000012,Diesel,300.0HP 6.6L 8 Cylinder Engine Diesel Fuel,5-Speed A/T,Black,Gray,At Least 1 Accident Or Damage Reported,Yes,5000.0,6.6,8.0,22,0.0224,9700.0,0,1,0,4.908
Nissan,Frontier Sl,2011,103400.0,Gasoline,261.0HP 4.0L V6 Cylinder Engine Gasoline Fuel,5-Speed A/T,Gray,Gray,At Least 1 Accident Or Damage Reported,Yes,17000.0,4.0,6.0,13,0.1644,7386.0,0,1,0,1.3442
Bmw,M5 Base,2023,816.0,Gasoline,4.4L V8 32V GDI DOHC Twin Turbo,8-Speed Automatic,Alpine White,Black,None Reported,Unknown,109900.0,4.4,,1,134.5165,408.0,1,0,0,0.0008
Land,Rover Defender X-Dynamic Se,2023,3678.0,Hybrid,3.0 Liter,Automatic,Fuji White,Black,None Reported,Unknown,81998.0,,,1,22.2881,1839.0,0,0,1,0.0037
Ford,F-150 Xl,2016,107000.0,E85 Flex Fuel,385.0HP 5.0L 8 Cylinder Engine Flex Fuel Capability,6-Speed A/T,White,Gray,At Least 1 Accident Or Damage Reported,Yes,22000.0,5.0,8.0,8,0.2056,11889.0,0,1,0,0.856
Bmw,M8 Competition,2022,5018.0,Gasoline,4.4 Liter Twin Turbo,Automatic,–,Sakhir Orange/Black,None Reported,Unknown,114998.0,,,2,22.9125,1673.0,1,0,0,0.01
Porsche,911 Carrera S,2010,13850.0,Gasoline,385.0HP 3.8L Flat 6 Cylinder Engine Gasoline Fuel,6-Speed M/T,Black,Black,None Reported,Yes,71400.0,3.8,6.0,14,5.1549,923.0,1,0,0,0.1939
Volvo,Xc70 3.2,2008,46700.0,Gasoline,235.0HP 3.2L Straight 6 Cylinder Engine Gasoline Fuel,6-Speed A/T,White,Beige,Unknown,Unknown,11400.0,3.2,6.0,16,0.2441,2747.0,0,0,0,0.7472
Chrysler,300 Touring,2021,21478.0,Gasoline,3.6 Liter,Automatic,Silver Mist,Black,None Reported,Unknown,27798.0,,,3,1.2942,5370.0,0,0,0,0.0644
Honda,Insight Ex,2020,64200.0,Hybrid,151.0HP 1.5L 4 Cylinder Engine Gas/Electric Hybrid,Cvt Transmission,White,Black,At Least 1 Accident Or Damage Reported,Yes,20499.0,1.5,4.0,4,0.3193,12840.0,0,1,1,0.2568
Porsche,Cayman S,2006,31075.0,Gasoline,3.4L H6 24V MPFI DOHC,5-Speed Automatic,Black,Black / Stone Grey,None Reported,Yes,36250.0,3.4,,18,1.1665,1636.0,1,0,0,0.5594
Tesla,Model Y Performance,2022,25250.0,Gasoline,455.0HP Electric Motor Electric Fuel System,1-Speed A/T,White,White,None Reported,Yes,47800.0,,,2,1.893,8417.0,0,0,0,0.0505
Bmw,M5 Competition,2020,35400.0,Gasoline,617.0HP 4.4L 8 Cylinder Engine Gasoline Fuel,8-Speed A/T,Orange,Black,None Reported,Yes,71950.0,4.4,8.0,4,2.0324,7080.0,1,0,0,0.1416
Audi,S4 4.2 Quattro,2004,74030.0,Gasoline,340.0HP 4.2L 8 Cylinder Engine Gasoline Fuel,6-Speed M/T,Silver,Gray,None Reported,Yes,16000.0,4.2,8.0,20,0.2161,3525.0,1,0,0,1.4806
Ford,F-250 Platinum,2021,48549.0,Diesel,6.7L V8 32V DDI OHV Turbo Diesel,Automatic,Antimatter Blue Metallic,Black,None Reported,Unknown,69998.0,6.7,,3,1.4418,12137.0,0,0,0,0.1456
Kia,Seltos S,2023,5182.0,Gasoline,146.0HP 2.0L 4 Cylinder Engine Gasoline Fuel,A/T,White,Black,None Reported,Yes,32500.0,2.0,4.0,1,6.2705,2591.0,0,0,0,0.0052
Ram,Promaster 2500 High Roof,2019,31681.0,Gasoline,280.0HP 3.6L V6 Cylinder Engine Gasoline Fuel,A/T,White,Black,At Least 1 Accident Or Damage Reported,Yes,33500.0,3.6,6.0,5,1.0574,5280.0,0,1,0,0.1584
Bmw,M760 M760I Xdrive,2020,23430.0,Gasoline,6.6 Liter Twin Turbo,Automatic,White,Black,None Reported,Unknown,80998.0,,,4,3.4569,4686.0,1,0,0,0.0937
Mercedes-Benz,E-Class E 400,2015,30300.0,Gasoline,329.0HP 3.0L V6 Cylinder Engine Gasoline Fuel,A/T,White,Black,At Least 1 Accident Or Damage Reported,Yes,29000.0,3.0,6.0,9,0.9571,3030.0,1,1,0,0.2727
Cadillac,Xts Luxury,2016,112000.0,Gasoline,304.0HP 3.6L V6 Cylinder Engine Gasoline Fuel,A/T,Blue,Beige,At Least 1 Accident Or Damage Reported,Yes,14599.0,3.6,6.0,8,0.1303,12444.0,1,1,0,0.896
Infiniti,Q50 Premium,2014,127356.0,Gasoline,328.0HP 3.7L V6 Cylinder Engine Gasoline Fuel,7-Speed A/T,Black,Black,At Least 1 Accident Or Damage Reported,Yes,19990.0,3.7,6.0,10,0.157,11578.0,0,1,0,1.2736
Volkswagen,Touareg V6 Executive,2017,50600.0,Gasoline,280.0HP 3.6L V6 Cylinder Engine Gasoline Fuel,8-Speed A/T,Red,Brown,At Least 1 Accident Or Damage Reported,Yes,28890.0,3.6,6.0,7,0.5709,6325.0,0,1,0,0.3542
Chevrolet,Suburban 1500 Ltz,2011,194000.0,E85 Flex Fuel,320.0HP 5.3L 8 Cylinder Engine Flex Fuel Capability,6-Speed A/T,Black,Black,None Reported,Yes,9950.0,5.3,8.0,13,0.0513,13857.0,0,0,0,2.522
Toyota,Tundra Sr5,2021,33455.0,Gasoline,381.0HP 5.7L 8 Cylinder Engine Gasoline Fuel,6-Speed A/T,Green,Black,None Reported,Yes,44750.0,5.7,8.0,3,1.3376,8364.0,0,0,0,0.1004
Bmw,X1 Sdrive28I,2022,43000.0,Gasoline,228.0HP 2.0L 4 Cylinder Engine Gasoline Fuel,8-Speed A/T,Gray,Black,None Reported,Yes,35750.0,2.0,4.0,2,0.8314,14333.0,1,0,0,0.086
Mercedes-Benz,Gl-Class Gl 550 4Matic,2016,46102.0,Gasoline,429.0HP 4.7L 8 Cylinder Engine Gasoline Fuel,7-Speed A/T,Black,Beige,None Reported,Yes,35300.0,4.7,8.0,8,0.7657,5122.0,1,0,0,0.3688
Cadillac,Xts Luxury,2019,59000.0,Gasoline,304.0HP 3.6L V6 Cylinder Engine Gasoline Fuel,6-Speed A/T,Black,Black,None Reported,Yes,21000.0,3.6,6.0,5,0.3559,9833.0,1,0,0,0.295
Jaguar,Xj8 Base,2004,134000.0,Gasoline,294.0HP 4.2L 8 Cylinder Engine Gasoline Fuel,6-Speed A/T,Black,Beige,At Least 1 Accident Or Damage Reported,Yes,9500.0,4.2,8.0,20,0.0709,6381.0,0,1,0,2.68
Chevrolet,Camaro Zl1,2020,3715.0,Gasoline,650.0HP 6.2L 8 Cylinder Engine Gasoline Fuel,A/T,Black,Black,None Reported,Yes,150000.0,6.2,8.0,4,40.366,743.0,0,0,0,0.0149
Mercedes-Benz,Sprinter 2500,2012,100245.0,Diesel,188.0HP 3.0L V6 Cylinder Engine Diesel Fuel,A/T,White,–,At Least 1 Accident Or Damage Reported,Yes,24000.0,3.0,6.0,12,0.2394,7711.0,1,1,0,1.2029
Mercedes-Benz,C-Class C 300 4Matic,2022,8583.0,Gasoline,2.0L I4 16V GDI DOHC Turbo,9-Speed Automatic,Cirrus Silver Metallic,Amg Black,None Reported,Unknown,42999.0,2.0,,2,5.0092,2861.0,1,0,0,0.0172
Dodge,Dakota Slt,2003,141800.0,Gasoline,230.0HP 4.7L 8 Cylinder Engine Gasoline Fuel,A/T,Red,Gray,At Least 1 Accident Or Damage Reported,Yes,5700.0,4.7,8.0,21,0.0402,6445.0,0,1,0,2.9778
Audi,A5 2.0T Premium Plus,2012,77000.0,Gasoline,211.0HP 2.0L 4 Cylinder Engine Gasoline Fuel,8-Speed A/T,White,Black,None Reported,Yes,13800.0,2.0,4.0,12,0.1792,5923.0,1,0,0,0.924
Audi,A5 2.0T Premium,2018,67035.0,Gasoline,252.0HP 2.0L 4 Cylinder Engine Gasoline Fuel,Transmission W/Dual Shift Mode,Pink,Brown,At Least 1 Accident Or Damage Reported,Yes,31500.0,2.0,4.0,6,0.4699,9576.0,1,1,0,0.4022
Audi,S5 3.0 Premium Plus,2012,61450.0,Gasoline,333.0HP 3.0L V6 Cylinder Engine Gasoline Fuel,7-Speed A/T,White,Gray,None Reported,Yes,19500.0,3.0,6.0,12,0.3173,4727.0,1,0,0,0.7374
Porsche,Panamera Gts,2015,39500.0,Gasoline,440.0HP 4.8L 8 Cylinder Engine Gasoline Fuel,Transmission W/Dual Shift Mode,Black,Black,None Reported,Yes,52590.0,4.8,8.0,9,1.3314,3950.0,1,0,0,0.3555
Mercedes-Benz,Amg Gt C,2020,6600.0,Gasoline,550.0HP 4.0L 8 Cylinder Engine Gasoline Fuel,Transmission W/Dual Shift Mode,Black,Beige,None Reported,Yes,128900.0,4.0,8.0,4,19.5273,1320.0,1,0,0,0.0264
Chevrolet,Camaro 2Ss,2023,2300.0,Gasoline,455.0HP 6.2L 8 Cylinder Engine Gasoline Fuel,6-Speed M/T,Red,Black,None Reported,Yes,51500.0,6.2,8.0,1,22.3816,1150.0,0,0,0,0.0023
Audi,Q7 Premium Plus,2023,10601.0,Hybrid,3.0 Liter TFSI,Automatic,Mythos Black,Black,None Reported,Unknown,61998.0,,,1,5.8478,5300.0,1,0,1,0.0106
Maserati,Granturismo Mc,2018,18000.0,Gasoline,454.0HP 4.7L 8 Cylinder Engine Gasoline Fuel,Transmission W/Dual Shift Mode,Red,Black,None Reported,Yes,67000.0,4.7,8.0,6,3.722,2571.0,0,0,0,0.108
Gmc,Sierra 2500 At4,2022,31681.0,Gasoline,6.6L V8 16V GDI OHV,Automatic,Cayenne Red Tintcoat,Jet Black,At Least 1 Accident Or Damage Reported,Unknown,67963.0,6.6,,2,2.1452,10560.0,0,1,0,0.0634
Cadillac,Xt6 Sport Awd,2020,24114.0,Gasoline,3.6L V6 24V GDI DOHC,9-Speed Automatic,Garnet Red Metallic,Jet Black,At Least 1 Accident Or Damage Reported,Unknown,49427.0,3.6,,4,2.0496,4823.0,1,1,0,0.0965
Jeep,Grand Cherokee L Laredo,2022,22109.0,Gasoline,3.6L V6 24V MPFI DOHC,Automatic,Bright White Clearcoat,Global Black,Unknown,Unknown,43389.0,3.6,,2,1.9624,7370.0,0,0,0,0.0442
Chevrolet,Avalanche 1500 Lt,2012,148000.0,E85 Flex Fuel,320.0HP 5.3L 8 Cylinder Engine Flex Fuel Capability,A/T,Black,Black,None Reported,Yes,18000.0,5.3,8.0,12,0.1216,11385.0,0,0,0,1.776
Bmw,M5 Base,2018,41000.0,Gasoline,600.0HP 4.4L 8 Cylinder Engine Gasoline Fuel,Transmission W/Dual Shift Mode,White,White,None Reported,Yes,60200.0,4.4,8.0,6,1.4683,5857.0,1,0,0,0.246
Nissan,Titan Se,2009,127600.0,E85 Flex Fuel,317.0HP 5.6L 8 Cylinder Engine Flex Fuel Capability,A/T,Brown,Gray,None Reported,Yes,19500.0,5.6,8.0,15,0.1528,7975.0,0,0,0,1.914
Dodge,Ram 1500 Srt-10 Quad Cab,2005,138450.0,Gasoline,500.0HP 8.3L 10 Cylinder Engine Gasoline Fuel,4-Speed A/T,Red,Black,At Least 1 Accident Or Damage Reported,Yes,19000.0,8.3,10.0,19,0.1372,6922.0,0,1,0,2.6306
Gmc,Sierra 1500 Slt,2013,223089.60000000012,E85 Flex Fuel,315.0HP 5.3L 8 Cylinder Engine Flex Fuel Capability,A/T,White,Black,None Reported,Yes,15500.0,5.3,8.0,11,0.0695,18591.0,0,0,0,2.454
Lexus,Rx 350 F Sport,2017,53649.0,Gasoline,295.0HP 3.5L V6 Cylinder Engine Gasoline Fuel,A/T,Black,Red,None Reported,Yes,33000.0,3.5,6.0,7,0.6151,6706.0,1,0,0,0.3755
Mercedes-Benz,Gl-Class Gl 450 4Matic,2012,174000.0,Gasoline,335.0HP 4.6L 8 Cylinder Engine Gasoline Fuel,7-Speed A/T,Black,Black,At Least 1 Accident Or Damage Reported,Yes,11999.0,4.6,8.0,12,0.069,13385.0,1,1,0,2.088
Infiniti,Qx80 Luxe,2022,49860.0,Gasoline,5.6L V8 32V GDI DOHC,Automatic,Black Obsidian,Graphite,At Least 1 Accident Or Damage Reported,Yes,47645.0,5.6,,2,0.9556,16620.0,0,1,0,0.0997
Mercedes-Benz,Amg C 63 S,2021,13650.0,Gasoline,503.0HP 4.0L 8 Cylinder Engine Gasoline Fuel,9-Speed A/T,Blue,Black,None Reported,Yes,75000.0,4.0,8.0,3,5.4941,3412.0,1,0,0,0.041
Bmw,528 I Xdrive,2016,134000.0,Gasoline,240.0HP 2.0L 4 Cylinder Engine Gasoline Fuel,A/T,Brown,Brown,At Least 1 Accident Or Damage Reported,Yes,13500.0,2.0,4.0,8,0.1007,14889.0,1,1,0,1.072
Porsche,911 Carrera,2014,78000.0,Gasoline,350.0HP 3.4L Flat 6 Cylinder Engine Gasoline Fuel,Transmission W/Dual Shift Mode,Brown,Brown,None Reported,Yes,68000.0,3.4,6.0,10,0.8718,7091.0,1,0,0,0.78
Porsche,Boxster S,2005,65750.0,Gasoline,280.0HP 3.2L Flat 6 Cylinder Engine Gasoline Fuel,A/T,Blue,Gray,None Reported,Yes,21750.0,3.2,6.0,19,0.3308,3288.0,1,0,0,1.2492
Bmw,X6 M Base,2021,18000.0,Gasoline,600.0HP 4.4L 8 Cylinder Engine Gasoline Fuel,8-Speed A/T,Black,Black,None Reported,Yes,94000.0,4.4,8.0,3,5.2219,4500.0,1,0,0,0.054
Ford,Mustang Premium,2007,121630.0,Gasoline,210.0HP 4.0L V6 Cylinder Engine Gasoline Fuel,A/T,White,Black,None Reported,Yes,9450.0,4.0,6.0,17,0.0777,6757.0,0,0,0,2.0677
Rivian,R1S Launch Edition,2023,4500.0,Gasoline,835.0HP Electric Motor Electric Fuel System,1-Speed A/T,Silver,Gray,None Reported,Yes,89999.0,,,1,19.9953,2250.0,0,0,0,0.0045
Volvo,Xc90 Recharge Plug-In Hybrid T8 Inscription 7 Passenger,2022,9408.0,Hybrid,2.0L I4 16V GDI DOHC Hybrid,8-Speed Automatic,Black,Gray,None Reported,Unknown,61999.0,2.0,,2,6.5893,3136.0,0,0,1,0.0188
Bmw,528 I Xdrive,2016,120000.0,Gasoline,240.0HP 2.0L 4 Cylinder Engine Gasoline Fuel,A/T,White,White,None Reported,Yes,16000.0,2.0,4.0,8,0.1333,13333.0,1,0,0,0.96
Cadillac,Escalade Esv Platinum,2016,168600.0,Gasoline,420.0HP 6.2L 8 Cylinder Engine Gasoline Fuel,8-Speed A/T,White,Beige,None Reported,Yes,29500.0,6.2,8.0,8,0.175,18733.0,1,0,0,1.3488
Chevrolet,Corvette Base,2004,43705.0,Gasoline,350.0HP 5.7L 8 Cylinder Engine Gasoline Fuel,6-Speed M/T,Gray,Black,None Reported,Yes,25900.0,5.7,8.0,20,0.5926,2081.0,0,0,0,0.8741
Audi,A5 2.0T Premium,2013,111000.0,Gasoline,211.0HP 2.0L 4 Cylinder Engine Gasoline Fuel,Transmission W/Dual Shift Mode,Blue,Beige,None Reported,Yes,11500.0,2.0,4.0,11,0.1036,9250.0,1,0,0,1.221
Audi,Tt 2.0T Premium,2012,64549.0,Gasoline,211.0HP 2.0L 4 Cylinder Engine Gasoline Fuel,Transmission W/Dual Shift Mode,Silver,Black,None Reported,Yes,17000.0,2.0,4.0,12,0.2634,4965.0,1,0,0,0.7746
Buick,Lacrosse Cx,2007,53000.0,Gasoline,200.0HP 3.8L V6 Cylinder Engine Gasoline Fuel,4-Speed A/T,Red,Gray,None Reported,Yes,6500.0,3.8,6.0,17,0.1226,2944.0,0,0,0,0.901
Chevrolet,Camaro 2Ss,2017,13465.0,Gasoline,455.0HP 6.2L 8 Cylinder Engine Gasoline Fuel,8-Speed A/T,White,Black,None Reported,Yes,44900.0,6.2,8.0,7,3.3343,1683.0,0,0,0,0.0943
Tesla,Model Y Long Range,2023,5844.0,Gasoline,425.0HP Electric Motor Electric Fuel System,A/T,White,Black,None Reported,Yes,52000.0,,,1,8.8965,2922.0,0,0,0,0.0058
Bmw,M3 Base,2015,74000.0,Gasoline,425.0HP 3.0L Straight 6 Cylinder Engine Gasoline Fuel,M/T,Gray,Black,None Reported,Yes,40000.0,3.0,6.0,9,0.5405,7400.0,1,0,0,0.666
Kia,Optima Lx,2011,100331.0,Gasoline,200.0HP 2.4L 4 Cylinder Engine Gasoline Fuel,A/T,Red,–,At Least 1 Accident Or Damage Reported,Yes,6900.0,2.4,4.0,13,0.0688,7166.0,0,1,0,1.3043
Toyota,Supra 3.0 Premium,2022,24850.0,Gasoline,382.0HP 3.0L Straight 6 Cylinder Engine Gasoline Fuel,A/T,Black,Black,None Reported,Yes,53568.0,3.0,6.0,2,2.1556,8283.0,0,0,0,0.0497
Lincoln,Nautilus Reserve,2021,17467.0,Gasoline,2.0L I4 16V GDI DOHC Turbo,8-Speed Automatic,Pristine White,Slate,None Reported,Unknown,43860.0,2.0,,3,2.5109,4367.0,1,0,0,0.0524
Nissan,Pathfinder Sl,2015,115000.0,Gasoline,260.0HP 3.5L V6 Cylinder Engine Gasoline Fuel,A/T,Gray,Black,None Reported,Yes,11995.0,3.5,6.0,9,0.1043,11500.0,0,0,0,1.035
Bmw,X5 Xdrive50I,2015,72000.0,Gasoline,445.0HP 4.4L 8 Cylinder Engine Gasoline Fuel,Transmission W/Dual Shift Mode,Black,Brown,At Least 1 Accident Or Damage Reported,Yes,26500.0,4.4,8.0,9,0.3681,7200.0,1,1,0,0.648
Mazda,Mazdaspeed3 Grand Touring,2008,162000.0,Gasoline,263.0HP 2.3L 4 Cylinder Engine Gasoline Fuel,6-Speed M/T,Black,Black,At Least 1 Accident Or Damage Reported,Yes,6500.0,2.3,4.0,16,0.0401,9529.0,0,1,0,2.592
Gmc,Yukon Xl Slt,2017,47589.0,Gasoline,355.0HP 5.3L 8 Cylinder Engine Gasoline Fuel,A/T,Black,Black,None Reported,Yes,45500.0,5.3,8.0,7,0.9561,5949.0,0,0,0,0.3331
Toyota,Bz4X Limited,2023,6548.0,Gasoline,Electric,Automatic,Wind Chill Pearl,Black,None Reported,Unknown,41999.0,,,1,6.413,3274.0,0,0,0,0.0065
Ram,Promaster 2500 High Roof,2018,10339.0,Gasoline,280.0HP 3.6L V6 Cylinder Engine Gasoline Fuel,6-Speed A/T,White,Gray,None Reported,Yes,36990.0,3.6,6.0,6,3.5774,1477.0,0,0,0,0.062
Ram,1500 Classic Slt,2021,32092.0,Gasoline,3.6L V6 24V MPFI DOHC,8-Speed Automatic,Patriot Blue Pearlcoat,Black,None Reported,Yes,35113.0,3.6,,3,1.0941,8023.0,0,0,0,0.0963
Lexus,Gs 350 Base,2014,85275.0,Gasoline,3.5 Liter,Automatic,Nebula Gray Pearl,Black,At Least 1 Accident Or Damage Reported,Unknown,23998.0,,,10,0.2814,7752.0,1,1,0,0.8528
Hyundai,Tucson Limited,2016,138000.0,Gasoline,175.0HP 1.6L 4 Cylinder Engine Gasoline Fuel,7-Speed A/T,Brown,Beige,None Reported,Yes,10990.0,1.6,4.0,8,0.0796,15333.0,0,0,0,1.104
Chevrolet,Ssr Base,2003,87500.0,Gasoline,300.0HP 5.3L 8 Cylinder Engine Gasoline Fuel,A/T,Red,Black,None Reported,Yes,16999.0,5.3,8.0,21,0.1943,3977.0,0,0,0,1.8375
Maserati,Granturismo Base,2013,34920.0,Gasoline,440.0HP 4.7L 8 Cylinder Engine Gasoline Fuel,6-Speed A/T,Gray,Brown,None Reported,Yes,38900.0,4.7,8.0,11,1.1139,2910.0,0,0,0,0.3841
Tesla,Model X Performance,2020,27224.0,Gasoline,Electric,1-Speed Automatic,Black,Black,None Reported,Unknown,65999.0,,,4,2.4242,5445.0,0,0,0,0.1089
Bmw,M2 Base,2018,25000.0,Gasoline,365.0HP 3.0L Straight 6 Cylinder Engine Gasoline Fuel,7-Speed A/T,Black,Black,None Reported,Yes,52000.0,3.0,6.0,6,2.0799,3571.0,1,0,0,0.15
Tesla,Model Y Long Range,2021,14642.0,Gasoline,425.0HP Electric Motor Electric Fuel System,A/T,Red,Black,None Reported,Yes,48500.0,,,3,3.3122,3660.0,0,0,0,0.0439
Subaru,Outback 2.5I Limited,2015,162000.0,Gasoline,175.0HP 2.5L 4 Cylinder Engine Gasoline Fuel,Cvt Transmission,Gray,Black,None Reported,Yes,13999.0,2.5,4.0,9,0.0864,16200.0,0,0,0,1.458
Buick,Roadmaster Estate,1996,119500.0,Gasoline,260.0HP 5.7L 8 Cylinder Engine Gasoline Fuel,4-Speed A/T,White,Beige,At Least 1 Accident Or Damage Reported,Yes,16999.0,5.7,8.0,28,0.1422,4121.0,0,1,0,3.346
Land,Rover Range Rover 5.0L Supercharged,2017,101800.0,Gasoline,510.0HP 5.0L 8 Cylinder Engine Gasoline Fuel,A/T,Silver,Black,None Reported,Yes,36500.0,5.0,8.0,7,0.3585,12725.0,0,0,0,0.7126
Ford,Expedition Max Xlt,2021,84351.0,Gasoline,3.5L V6 24V PDI DOHC Twin Turbo,10-Speed Automatic,Blue,Ebony,None Reported,Yes,42691.0,3.5,,3,0.5061,21088.0,0,0,0,0.2531
Nissan,Leaf Sl,2012,26930.0,Gasoline,107.0HP Electric Motor Electric Fuel System,1-Speed A/T,White,Beige,None Reported,Yes,6700.0,,,12,0.2488,2072.0,0,0,0,0.3232
Toyota,Tacoma Trd Pro,2019,40698.0,Gasoline,3.5L V6 24V PDI DOHC,6-Speed,Super White,Black,None Reported,Unknown,42886.0,3.5,,5,1.0537,6783.0,0,0,0,0.2035
Mercedes-Benz,Amg Gt 63 S 4-Door,2020,40000.0,Gasoline,630.0HP 4.0L 8 Cylinder Engine Gasoline Fuel,9-Speed A/T,Black,Red,None Reported,Yes,112500.0,4.0,8.0,4,2.8124,8000.0,1,0,0,0.16
Bmw,230 I,2019,30000.0,Gasoline,248.0HP 2.0L 4 Cylinder Engine Gasoline Fuel,8-Speed A/T,Blue,Beige,At Least 1 Accident Or Damage Reported,Yes,29000.0,2.0,4.0,5,0.9666,5000.0,1,1,0,0.15
Lexus,Es 350 Base,2007,78980.0,Gasoline,272.0HP 3.5L V6 Cylinder Engine Gasoline Fuel,6-Speed A/T,Silver,Beige,At Least 1 Accident Or Damage Reported,Yes,10600.0,3.5,6.0,17,0.1342,4388.0,1,1,0,1.3427
Porsche,911 Carrera S Cabriolet,2007,28844.0,Gasoline,3.8L H6 24V MPFI DOHC,6-Speed Manual,White,Beige,Unknown,Unknown,69995.0,3.8,,17,2.4266,1602.0,1,0,0,0.4903
Porsche,Taycan Turbo,2020,21028.0,Gasoline,Dual AC Electric Motors,Single-Speed Fixed Gear,Black,Beige,None Reported,Unknown,96900.0,,,4,4.6079,4206.0,1,0,0,0.0841
Maserati,Levante Modena,2023,5409.0,Gasoline,3.0L V6 24V GDI DOHC Twin Turbo,8-Speed Automatic,Blu,Black,None Reported,Yes,88950.0,3.0,,1,16.4418,2704.0,0,0,0,0.0054
Dodge,Challenger Srt Hellcat,2020,12700.0,Gasoline,717.0HP 6.2L 8 Cylinder Engine Gasoline Fuel,8-Speed A/T,Black,Black,At Least 1 Accident Or Damage Reported,Yes,69900.0,6.2,8.0,4,5.5035,2540.0,0,1,0,0.0508
Mazda,Mazda6 Touring,2021,19000.0,Gasoline,187.0HP 2.5L 4 Cylinder Engine Gasoline Fuel,A/T,Blue,Black,Unknown,Unknown,25900.0,2.5,4.0,3,1.3631,4750.0,0,0,0,0.057
Audi,S4 3.0T Premium,2019,12000.0,Gasoline,349.0HP 3.0L V6 Cylinder Engine Gasoline Fuel,A/T,Black,Black,None Reported,Yes,48000.0,3.0,6.0,5,3.9997,2000.0,1,0,0,0.06
Ford,Mustang Gt Premium,2016,25717.0,Gasoline,435.0HP 5.0L 8 Cylinder Engine Gasoline Fuel,6-Speed M/T,Black,Black,None Reported,Yes,33900.0,5.0,8.0,8,1.3181,2857.0,0,0,0,0.2057
Tesla,Model Y Long Range,2022,12055.0,Gasoline,425.0HP Electric Motor Electric Fuel System,A/T,Blue,Black,None Reported,Yes,44400.0,,,2,3.6828,4018.0,0,0,0,0.0241
Audi,Tts 2.0T Premium Plus,2011,69700.0,Gasoline,265.0HP 2.0L 4 Cylinder Engine Gasoline Fuel,6-Speed A/T,Orange,–,At Least 1 Accident Or Damage Reported,Yes,23000.0,2.0,4.0,13,0.33,4979.0,1,1,0,0.9061
Bmw,M2 Competition,2020,25013.0,Gasoline,405.0HP 3.0L Straight 6 Cylinder Engine Gasoline Fuel,7-Speed A/T,Black,Black,None Reported,Yes,55000.0,3.0,6.0,4,2.1988,5003.0,1,0,0,0.1001
Audi,Q4 E-Tron Sportback Premium,2023,1156.0,Gasoline,295.0HP Electric Motor Electric Fuel System,A/T,Blue,Black,None Reported,Yes,54900.0,,,1,47.4503,578.0,1,0,0,0.0012
Bmw,740 I,2016,57939.0,Gasoline,320.0HP 3.0L Straight 6 Cylinder Engine Gasoline Fuel,8-Speed A/T,Gray,Black,None Reported,Yes,27500.0,3.0,6.0,8,0.4746,6438.0,1,0,0,0.4635
Mercedes-Benz,Amg Gle 43 Coupe 4Matic,2018,52694.0,Gasoline,385.0HP 3.0L V6 Cylinder Engine Gasoline Fuel,Transmission W/Dual Shift Mode,Gray,Black,None Reported,Yes,49999.0,3.0,6.0,6,0.9488,7528.0,1,0,0,0.3162
Mercedes-Benz,S-Class S 550 4Matic,2015,54000.0,Gasoline,449.0HP 4.7L 8 Cylinder Engine Gasoline Fuel,7-Speed A/T,White,Beige,None Reported,Yes,37000.0,4.7,8.0,9,0.6852,5400.0,1,0,0,0.486
Honda,S2000 Base,2002,110500.0,Gasoline,240.0HP 2.0L 4 Cylinder Engine Gasoline Fuel,6-Speed M/T,Yellow,Red,None Reported,Yes,27000.0,2.0,4.0,22,0.2443,4804.0,0,0,0,2.431
Chevrolet,Corvette Base,2000,97500.0,Gasoline,345.0HP 5.7L 8 Cylinder Engine Gasoline Fuel,6-Speed M/T,Yellow,Black,None Reported,Yes,10000.0,5.7,8.0,24,0.1026,3900.0,0,0,0,2.34
Chevrolet,Colorado Z71,2020,20909.0,Gasoline,3.6L V6 24V GDI DOHC,Automatic,Red,Jet Black,None Reported,Yes,35387.0,3.6,,4,1.6923,4182.0,0,0,0,0.0836
Mercedes-Benz,S-Class S 63 Amg,2013,77648.0,Gasoline,536.0HP 5.5L 8 Cylinder Engine Gasoline Fuel,7-Speed A/T,Silver,Black,None Reported,Yes,40000.0,5.5,8.0,11,0.5151,6471.0,1,0,0,0.8541
Bentley,Continental Gtc Base,2013,79422.0,Gasoline,616.0HP 6.0L 12 Cylinder Engine Gasoline Fuel,8-Speed A/T,Black,Black,None Reported,Yes,64000.0,6.0,12.0,11,0.8058,6618.0,0,0,0,0.8736
Gmc,Sierra 2500 Sle H/D Extended Cab,2002,53850.0,Gasoline,340.0HP 8.1L 8 Cylinder Engine Gasoline Fuel,A/T,Silver,Gray,At Least 1 Accident Or Damage Reported,Yes,16900.0,8.1,8.0,22,0.3138,2341.0,0,1,0,1.1847
Audi,Sq5 3.0T Premium,2020,21832.0,Gasoline,349.0HP 3.0L V6 Cylinder Engine Gasoline Fuel,8-Speed A/T,Blue,Black,None Reported,Yes,42000.0,3.0,6.0,4,1.9237,4366.0,1,0,0,0.0873
Toyota,Corolla Im Base,2017,41932.0,Gasoline,137.0HP 1.8L 4 Cylinder Engine Gasoline Fuel,6-Speed M/T,Black,Black,None Reported,Yes,18700.0,1.8,4.0,7,0.4459,5242.0,0,0,0,0.2935
Gmc,Yukon Xl Slt,2017,110000.0,Gasoline,355.0HP 5.3L 8 Cylinder Engine Gasoline Fuel,A/T,Blue,Black,At Least 1 Accident Or Damage Reported,Yes,34999.0,5.3,8.0,7,0.3182,13750.0,0,1,0,0.77
Toyota,Tundra 1794,2020,67400.0,Gasoline,381.0HP 5.7L 8 Cylinder Engine Gasoline Fuel,A/T,Black,Brown,None Reported,Yes,47500.0,5.7,8.0,4,0.7047,13480.0,0,0,0,0.2696
Subaru,Wrx Premium,2017,62662.0,Gasoline,268.0HP 2.0L 4 Cylinder Engine Gasoline Fuel,M/T,Red,Black,At Least 1 Accident Or Damage Reported,Yes,24000.0,2.0,4.0,7,0.383,7833.0,0,1,0,0.4386
Subaru,Wrx Base,2015,102000.0,Gasoline,268.0HP 2.0L 4 Cylinder Engine Gasoline Fuel,M/T,White,Black,At Least 1 Accident Or Damage Reported,Yes,18000.0,2.0,4.0,9,0.1765,10200.0,0,1,0,0.918
Infiniti,Q50 Premium,2014,79785.0,Gasoline,328.0HP 3.7L V6 Cylinder Engine Gasoline Fuel,7-Speed A/T,Red,White,At Least 1 Accident Or Damage Reported,Yes,16488.0,3.7,6.0,10,0.2067,7253.0,0,1,0,0.7978
Chevrolet,Suburban Premier,2017,166549.0,Gasoline,355.0HP 5.3L 8 Cylinder Engine Gasoline Fuel,6-Speed A/T,White,Beige,At Least 1 Accident Or Damage Reported,Yes,24950.0,5.3,8.0,7,0.1498,20819.0,0,1,0,1.1658
Toyota,Sequoia Limited,2006,190656.0,Gasoline,273.0HP 4.7L 8 Cylinder Engine Gasoline Fuel,A/T,Black,Gray,At Least 1 Accident Or Damage Reported,Yes,8900.0,4.7,8.0,18,0.0467,10035.0,0,1,0,3.4318
Dodge,Challenger R/T Scat Pack,2016,7928.0,–,–,6-Speed M/T,Red,Red,None Reported,Yes,37500.0,,,8,4.7295,881.0,0,0,0,0.0634
Porsche,Cayenne Gts,2009,135606.0,Gasoline,405.0HP 4.8L 8 Cylinder Engine Gasoline Fuel,Transmission W/Dual Shift Mode,Black,Black,None Reported,Yes,15000.0,4.8,8.0,15,0.1106,8475.0,1,0,0,2.0341
Kia,Telluride S,2023,14700.0,Gasoline,291.0HP 3.8L V6 Cylinder Engine Gasoline Fuel,8-Speed A/T,Blue,Black,None Reported,Yes,39900.0,3.8,6.0,1,2.7141,7350.0,0,0,0,0.0147
Mercedes-Benz,Amg E 63 S 4Matic,2019,12985.0,Gasoline,603.0HP 4.0L 8 Cylinder Engine Gasoline Fuel,9-Speed A/T,Gray,Black,At Least 1 Accident Or Damage Reported,Yes,96000.0,4.0,8.0,5,7.3926,2164.0,1,1,0,0.0649
Bmw,Z4 Sdrive35Is,2014,4200.0,Gasoline,335.0HP 3.0L Straight 6 Cylinder Engine Gasoline Fuel,Transmission W/Dual Shift Mode,White,Red,None Reported,Yes,64995.0,3.0,6.0,10,15.4713,382.0,1,0,0,0.042
Subaru,Impreza 2.0I Sport,2017,44000.0,Gasoline,152.0HP 2.0L 4 Cylinder Engine Gasoline Fuel,5-Speed M/T,Red,Black,None Reported,Yes,23500.0,2.0,4.0,7,0.5341,5500.0,0,0,0,0.308
Dodge,Dart Se,2015,66000.0,Gasoline,160.0HP 2.0L 4 Cylinder Engine Gasoline Fuel,6-Speed M/T,Black,Black,None Reported,Yes,12000.0,2.0,4.0,9,0.1818,6600.0,0,0,0,0.594
Land,Rover Range Rover P525 Westminster,2021,17945.0,Gasoline,5.0L V8 32V GDI DOHC Supercharged,8-Speed Automatic,Santorini Black Metallic,Ebony,None Reported,Unknown,89900.0,5.0,,3,5.0095,4486.0,0,0,0,0.0538
Nissan,370Z Base,2013,106700.0,Gasoline,332.0HP 3.7L V6 Cylinder Engine Gasoline Fuel,6-Speed M/T,Red,Black,None Reported,Yes,17500.0,3.7,6.0,11,0.164,8892.0,0,0,0,1.1737
Cadillac,Escalade Esv Luxury,2020,120000.0,Gasoline,420.0HP 6.2L 8 Cylinder Engine Gasoline Fuel,10-Speed A/T,Black,Black,None Reported,Yes,55000.0,6.2,8.0,4,0.4583,24000.0,1,0,0,0.48
Mercedes-Benz,E-Class E 350,2012,59600.0,Gasoline,302.0HP 3.5L V6 Cylinder Engine Gasoline Fuel,Transmission W/Dual Shift Mode,White,Beige,None Reported,Yes,19900.0,3.5,6.0,12,0.3339,4585.0,1,0,0,0.7152
Kia,Optima Hybrid Ex,2012,117220.0,Hybrid,206.0HP 2.4L 4 Cylinder Engine Gas/Electric Hybrid,A/T,Black,Black,None Reported,Yes,8900.0,2.4,4.0,12,0.0759,9017.0,0,0,1,1.4066
Chevrolet,Silverado 3500 Ltz,2022,85200.0,Diesel,445.0HP 6.6L 8 Cylinder Engine Diesel Fuel,10-Speed A/T,Silver,Gray,None Reported,Yes,67500.0,6.6,8.0,2,0.7922,28400.0,0,0,0,0.1704
Volkswagen,Golf Gti 2.0T Se 4-Door,2018,63450.0,Gasoline,220.0HP 2.0L 4 Cylinder Engine Gasoline Fuel,6-Speed M/T,White,Black,None Reported,Yes,24325.0,2.0,4.0,6,0.3834,9064.0,0,0,0,0.3807
Dodge,Ram 1500 Srt-10,2004,73000.0,Gasoline,500.0HP 8.3L 10 Cylinder Engine Gasoline Fuel,6-Speed M/T,Black,Gray,None Reported,Yes,22500.0,8.3,10.0,20,0.3082,3476.0,0,0,0,1.46
Scion,Tc Anniversary Edition,2014,115000.0,Gasoline,179.0HP 2.5L 4 Cylinder Engine Gasoline Fuel,6-Speed M/T,Silver,Silver,None Reported,Yes,11495.0,2.5,4.0,10,0.1,10455.0,0,0,0,1.15
Land,Rover Range Rover 5.0L Supercharged Autobiography,2016,56000.0,Gasoline,510.0HP 5.0L 8 Cylinder Engine Gasoline Fuel,8-Speed A/T,Black,Brown,None Reported,Yes,49900.0,5.0,8.0,8,0.8911,6222.0,0,0,0,0.448
Lexus,Ls 500 Base,2018,67296.0,Gasoline,"3.5L V-6 port/direct injection, DOHC, VVT-iE/VVT-i variable valv","Automatic, 10-Spd",–,–,None Reported,Unknown,40900.0,3.5,,6,0.6078,9614.0,1,0,0,0.4038
Chevrolet,Suburban 1500 Lt,2015,179200.0,Gasoline,355.0HP 5.3L 8 Cylinder Engine Gasoline Fuel,6-Speed A/T,Black,–,At Least 1 Accident Or Damage Reported,Yes,16000.0,5.3,8.0,9,0.0893,17920.0,0,1,0,1.6128
Maserati,Granturismo Base,2015,28000.0,Gasoline,444.0HP 4.7L 8 Cylinder Engine Gasoline Fuel,6-Speed A/T,White,Red,None Reported,Yes,44999.0,4.7,8.0,9,1.607,2800.0,0,0,0,0.252
Porsche,911 Carrera Turbo,2003,155000.0,Gasoline,415.0HP 3.6L Flat 6 Cylinder Engine Gasoline Fuel,6-Speed M/T,Black,Black,None Reported,Yes,55000.0,3.6,6.0,21,0.3548,7045.0,1,0,0,3.255
Hyundai,Sonata Hybrid Base,2012,154000.0,Hybrid,206.0HP 2.4L 4 Cylinder Engine Gas/Electric Hybrid,A/T,Green,Gray,At Least 1 Accident Or Damage Reported,Yes,8500.0,2.4,4.0,12,0.0552,11846.0,0,1,1,1.848
Cadillac,Cts Luxury,2012,62500.0,Gasoline,270.0HP 3.0L V6 Cylinder Engine Gasoline Fuel,6-Speed A/T,Red,Beige,At Least 1 Accident Or Damage Reported,Yes,18955.0,3.0,6.0,12,0.3033,4808.0,1,1,0,0.75
Bmw,323 Ci,2000,177700.0,Gasoline,170.0HP 2.5L Straight 6 Cylinder Engine Gasoline Fuel,5-Speed A/T,Silver,Black,None Reported,Yes,2500.0,2.5,6.0,24,0.0141,7108.0,1,0,0,4.2648
Tesla,Model 3 Standard Range Plus,2019,83700.0,Gasoline,Electric Motor Electric Fuel System,A/T,Black,Black,At Least 1 Accident Or Damage Reported,Yes,26000.0,,,5,0.3106,13950.0,0,1,0,0.4185
Chevrolet,1500 Cheyenne Extended Cab,1995,120000.0,–,–,4-Speed A/T,White,Brown,At Least 1 Accident Or Damage Reported,Yes,6500.0,,,29,0.0542,4000.0,0,1,0,3.48
Nissan,370Z Touring,2012,65000.0,Gasoline,332.0HP 3.7L V6 Cylinder Engine Gasoline Fuel,6-Speed M/T,Gray,Black,None Reported,Yes,21500.0,3.7,6.0,12,0.3308,5000.0,0,0,0,0.78
Mercedes-Benz,Gls 450 Base 4Matic,2018,62808.0,Gasoline,3.0 Liter DOHC Twin Turbo,Automatic,Black,–,At Least 1 Accident Or Damage Reported,Unknown,38598.0,,,6,0.6145,8973.0,1,1,0,0.3768
Ford,Mustang Gt Premium,2021,3000.0,Gasoline,460.0HP 5.0L 8 Cylinder Engine Gasoline Fuel,6-Speed M/T,Red,Black,None Reported,Yes,49500.0,5.0,8.0,3,16.4945,750.0,0,0,0,0.009
Audi,Q5 2.0T Premium,2012,119000.0,Gasoline,211.0HP 2.0L 4 Cylinder Engine Gasoline Fuel,A/T,Gray,–,None Reported,Yes,12000.0,2.0,4.0,12,0.1008,9154.0,1,0,0,1.428
Ram,2500 Big Horn,2013,198868.0,Diesel,350.0HP 6.7L Straight 6 Cylinder Engine Diesel Fuel,6-Speed A/T,Brown,Beige,None Reported,Yes,25000.0,6.7,6.0,11,0.1257,16572.0,0,0,0,2.1875
Dodge,Ram 1500 St,2011,188000.0,Gasoline,210.0HP 3.7L V6 Cylinder Engine Gasoline Fuel,A/T,Silver,Black,At Least 1 Accident Or Damage Reported,Yes,8500.0,3.7,6.0,13,0.0452,13429.0,0,1,0,2.444
Mercedes-Benz,C-Class C 300 4Matic Sport,2013,157405.0,Gasoline,248.0HP 3.5L V6 Cylinder Engine Gasoline Fuel,A/T,Black,Black,None Reported,Yes,10750.0,3.5,6.0,11,0.0683,13117.0,1,0,0,1.7315
Dodge,Challenger Srt Hellcat,2016,8228.0,Gasoline,707.0HP 6.2L 8 Cylinder Engine Gasoline Fuel,8-Speed A/T,Blue,Black,None Reported,Yes,62500.0,6.2,8.0,8,7.5951,914.0,0,0,0,0.0658
Land,Rover Range Rover 3.0L Supercharged Hse,2018,73101.0,Gasoline,380.0HP 3.0L V6 Cylinder Engine Gasoline Fuel,A/T,Blue,Beige,None Reported,Yes,42950.0,3.0,6.0,6,0.5875,10443.0,0,0,0,0.4386
Bmw,M4 Base,2018,10950.0,Gasoline,425.0HP 3.0L Straight 6 Cylinder Engine Gasoline Fuel,6-Speed M/T,White,White,None Reported,Yes,60995.0,3.0,6.0,6,5.5698,1564.0,1,0,0,0.0657
Mercedes-Benz,S-Class S 560 4Matic,2018,63160.0,Gasoline,463.0HP 4.0L 8 Cylinder Engine Gasoline Fuel,A/T,Black,–,At Least 1 Accident Or Damage Reported,Yes,47000.0,4.0,8.0,6,0.7441,9023.0,1,1,0,0.379
Land,Rover Range Rover 5.0L V8 Supercharged,2019,31866.0,Gasoline,"5L V-8 gasoline direct injection, DOHC, variable valve control,","Automatic, 8-Spd",–,–,None Reported,Unknown,68900.0,5.0,,5,2.1621,5311.0,0,0,0,0.1593
Chevrolet,Express 3500 Base,2009,75000.0,Gasoline,319.0HP 6.0L 8 Cylinder Engine Gasoline Fuel,A/T,White,Gray,None Reported,Yes,18900.0,6.0,8.0,15,0.252,4688.0,0,0,0,1.125
Toyota,4Runner Trd Pro,2016,98000.0,Gasoline,270.0HP 4.0L V6 Cylinder Engine Gasoline Fuel,A/T,Black,Black,At Least 1 Accident Or Damage Reported,Yes,36000.0,4.0,6.0,8,0.3673,10889.0,0,1,0,0.784
Mazda,Mx-5 Miata Grand Touring,2012,33576.0,Gasoline,167.0HP 2.0L 4 Cylinder Engine Gasoline Fuel,6-Speed M/T,Red,Beige,None Reported,Yes,18900.0,2.0,4.0,12,0.5629,2583.0,0,0,0,0.4029
Volkswagen,Touareg Vr6 Lux,2012,123200.0,Gasoline,280.0HP 3.6L V6 Cylinder Engine Gasoline Fuel,A/T,Gray,Beige,At Least 1 Accident Or Damage Reported,Yes,12449.0,3.6,6.0,12,0.101,9477.0,0,1,0,1.4784
Jaguar,Xj Base,2013,112000.0,Gasoline,340.0HP 3.0L V6 Cylinder Engine Gasoline Fuel,A/T,Blue,White,None Reported,Yes,8800.0,3.0,6.0,11,0.0786,9333.0,0,0,0,1.232
Chevrolet,Camaro 2Ss,2010,68000.0,Gasoline,426.0HP 6.2L 8 Cylinder Engine Gasoline Fuel,6-Speed A/T,Gray,Gray,At Least 1 Accident Or Damage Reported,Yes,19500.0,6.2,8.0,14,0.2868,4533.0,0,1,0,0.952
Infiniti,G37 X,2012,120000.0,Gasoline,328.0HP 3.7L V6 Cylinder Engine Gasoline Fuel,Transmission W/Dual Shift Mode,Red,Black,At Least 1 Accident Or Damage Reported,Yes,14500.0,3.7,6.0,12,0.1208,9231.0,0,1,0,1.44
Bmw,X6 Xdrive50I,2019,45000.0,Gasoline,445.0HP 4.4L 8 Cylinder Engine Gasoline Fuel,8-Speed A/T,Silver,Black,At Least 1 Accident Or Damage Reported,Yes,46999.0,4.4,8.0,5,1.0444,7500.0,1,1,0,0.225
Chevrolet,Camaro Lt1,2022,6700.0,Gasoline,455.0HP 6.2L 8 Cylinder Engine Gasoline Fuel,10-Speed A/T,Gray,Black,None Reported,Yes,39500.0,6.2,8.0,2,5.8946,2233.0,0,0,0,0.0134
Porsche,Taycan Base,2021,6785.0,Gasoline,Electric,2-Speed Automatic,Gentian Blue Metallic,Black,None Reported,Unknown,108900.0,,,3,16.0477,1696.0,1,0,0,0.0204
Mercedes-Benz,S-Class S 63 Amg,2015,40900.0,Gasoline,577.0HP 5.5L 8 Cylinder Engine Gasoline Fuel,7-Speed A/T,White,–,None Reported,Yes,59750.0,5.5,8.0,9,1.4608,4090.0,1,0,0,0.3681
Cadillac,Escalade Esv Premium Luxury,2018,74150.0,Gasoline,420.0HP 6.2L 8 Cylinder Engine Gasoline Fuel,10-Speed A/T,Gold,Brown,None Reported,Yes,45000.0,6.2,8.0,6,0.6069,10593.0,1,0,0,0.4449
Toyota,Camry Hybrid Xle,2014,94448.0,Hybrid,200.0HP 2.5L 4 Cylinder Engine Gas/Electric Hybrid,A/T,Silver,Gray,None Reported,Yes,15999.0,2.5,4.0,10,0.1694,8586.0,0,0,1,0.9445
Audi,A6 3.0T Prestige,2015,108000.0,Gasoline,310.0HP 3.0L V6 Cylinder Engine Gasoline Fuel,Transmission W/Dual Shift Mode,Black,Brown,None Reported,Yes,19998.0,3.0,6.0,9,0.1852,10800.0,1,0,0,0.972
Bmw,X5 M Base,2012,118000.0,Gasoline,555.0HP 4.4L 8 Cylinder Engine Gasoline Fuel,Transmission W/Dual Shift Mode,White,Orange,At Least 1 Accident Or Damage Reported,Yes,17000.0,4.4,8.0,12,0.1441,9077.0,1,1,0,1.416
Jaguar,F-Pace Svr,2020,38800.0,Gasoline,550.0HP 5.0L 8 Cylinder Engine Gasoline Fuel,Transmission W/Dual Shift Mode,Black,Black,None Reported,Yes,57500.0,5.0,8.0,4,1.4819,7760.0,0,0,0,0.1552
Bmw,740 I,2017,55000.0,Gasoline,320.0HP 3.0L Straight 6 Cylinder Engine Gasoline Fuel,Transmission W/Dual Shift Mode,White,Black,None Reported,Yes,40000.0,3.0,6.0,7,0.7273,6875.0,1,0,0,0.385
Bmw,M340 I Xdrive,2021,34967.0,Hybrid,382.0HP 3.0L Straight 6 Cylinder Engine Gasoline/Mild Electric Hybrid,8-Speed A/T,Blue,Beige,At Least 1 Accident Or Damage Reported,Yes,49999.0,3.0,6.0,3,1.4299,8742.0,1,1,1,0.1049
Jeep,Wrangler Unlimited Sport,2016,85325.0,Gasoline,285.0HP 3.6L V6 Cylinder Engine Gasoline Fuel,5-Speed A/T,Black,Black,None Reported,Yes,30000.0,3.6,6.0,8,0.3516,9481.0,0,0,0,0.6826
Ram,2500 Tradesman,2018,63750.0,Gasoline,410.0HP 6.4L 8 Cylinder Engine Gasoline Fuel,6-Speed A/T,Gray,Gray,None Reported,Yes,36000.0,6.4,8.0,6,0.5647,9107.0,0,0,0,0.3825
Ford,Mustang V6,2016,87248.0,Gasoline,300.0HP 3.7L V6 Cylinder Engine Gasoline Fuel,6-Speed A/T,Black,Black,None Reported,Yes,19999.0,3.7,6.0,8,0.2292,9694.0,0,0,0,0.698
Bmw,328 I,1997,206000.0,Gasoline,190.0HP 2.8L Straight 6 Cylinder Engine Gasoline Fuel,5-Speed M/T,Red,Black,At Least 1 Accident Or Damage Reported,Yes,15900.0,2.8,6.0,27,0.0772,7357.0,1,1,0,5.562
Mercedes-Benz,Gl-Class Gl 450,2011,112854.0,Gasoline,335.0HP 4.7L 8 Cylinder Engine Gasoline Fuel,7-Speed A/T,White,Black,None Reported,Yes,11999.0,4.7,8.0,13,0.1063,8061.0,1,0,0,1.4671
Rivian,R1S Adventure Package,2023,1150.0,Gasoline,835.0HP Electric Motor Electric Fuel System,A/T,Green,Black,None Reported,Yes,96850.0,,,1,84.1442,575.0,0,0,0,0.0012
Tesla,Model Y Long Range,2023,10000.0,Gasoline,425.0HP Electric Motor Electric Fuel System,A/T,Blue,Black,None Reported,Yes,48000.0,,,1,4.7995,5000.0,0,0,0,0.01
Mercedes-Benz,E-Class E 350,2022,14100.0,Gasoline,255.0HP 2.0L 4 Cylinder Engine Gasoline Fuel,9-Speed A/T,Gray,Black,None Reported,Yes,53000.0,2.0,4.0,2,3.7586,4700.0,1,0,0,0.0282
Bmw,X7 Xdrive40I,2023,14360.0,Hybrid,375.0HP 3.0L Straight 6 Cylinder Engine Gasoline/Mild Electric Hybrid,8-Speed A/T,Black,Black,None Reported,Yes,85495.0,3.0,6.0,1,5.9533,7180.0,1,0,1,0.0144
Chevrolet,Trailblazer Rs,2023,10000.0,Gasoline,155.0HP 1.3L 3 Cylinder Engine Gasoline Fuel,9-Speed A/T,Blue,Black,None Reported,Yes,32000.0,1.3,3.0,1,3.1997,5000.0,0,0,0,0.01
Chevrolet,Suburban 1500 Ltz,2015,217500.0,Gasoline,355.0HP 5.3L 8 Cylinder Engine Gasoline Fuel,A/T,Black,Black,None Reported,Yes,20000.0,5.3,8.0,9,0.092,21750.0,0,0,0,1.9575
Chevrolet,Suburban Premier,2021,73846.0,Gasoline,5.3L V8 16V GDI OHV,10-Speed Automatic,Midnight Blue Metallic,Jet Black,None Reported,Yes,60995.0,5.3,,3,0.826,18462.0,0,0,0,0.2215
Jeep,Gladiator Overland,2020,40000.0,Gasoline,285.0HP 3.6L V6 Cylinder Engine Gasoline Fuel,Transmission W/Dual Shift Mode,Gray,Black,None Reported,Yes,45000.0,3.6,6.0,4,1.125,8000.0,0,0,0,0.16
Gmc,Yukon Xl At4,2023,9980.0,Gasoline,355.0HP 5.3L 8 Cylinder Engine Gasoline Fuel,10-Speed A/T,Black,Black,None Reported,Yes,82000.0,5.3,8.0,1,8.2156,4990.0,0,0,0,0.01
Mazda,Mazda6 Grand Touring Reserve,2019,41997.0,Gasoline,227.0HP 2.5L 4 Cylinder Engine Gasoline Fuel,6-Speed A/T,Black,Black,None Reported,Yes,24995.0,2.5,4.0,5,0.5951,7000.0,0,0,0,0.21
Alfa,Romeo Giulia Ti,2021,2000.0,Gasoline,280.0HP 2.0L 4 Cylinder Engine Gasoline Fuel,8-Speed A/T,Blue,Brown,None Reported,Yes,39000.0,2.0,4.0,3,19.4903,500.0,0,0,0,0.006
Mercedes-Benz,Cla-Class Cla 250,2016,42750.0,Gasoline,208.0HP 2.0L 4 Cylinder Engine Gasoline Fuel,Transmission W/Dual Shift Mode,Black,Black,At Least 1 Accident Or Damage Reported,Yes,22999.0,2.0,4.0,8,0.538,4750.0,1,1,0,0.342
Bmw,330 330I Xdrive,2019,19473.0,Gasoline,Intercooled Turbo Premium Unleaded I-4 2.0 L/122,Automatic,Alpine White,Canberra Beige,None Reported,Unknown,31698.0,,,5,1.6277,3246.0,1,0,0,0.0974
Volkswagen,Beetle 2.0T S,2019,35340.0,Gasoline,174.0HP 2.0L 4 Cylinder Engine Gasoline Fuel,A/T,Black,Gray,None Reported,Yes,23000.0,2.0,4.0,5,0.6508,5890.0,0,0,0,0.1767
Mercedes-Benz,Clk-Class Clk 350,2008,93000.0,Gasoline,268.0HP 3.5L V6 Cylinder Engine Gasoline Fuel,7-Speed A/T,White,Beige,At Least 1 Accident Or Damage Reported,Yes,12000.0,3.5,6.0,16,0.129,5471.0,1,1,0,1.488
Audi,Rs 7 4.0T Prestige,2014,66150.0,Gasoline,560.0HP 4.0L 8 Cylinder Engine Gasoline Fuel,8-Speed A/T,White,Black,At Least 1 Accident Or Damage Reported,Yes,47995.0,4.0,8.0,10,0.7255,6014.0,1,1,0,0.6615
Volvo,Xc60 Recharge Plug-In Hybrid T8 Inscription,2022,19352.0,Plug-In Hybrid,455.0HP 2.0L 4 Cylinder Engine Plug-In Electric/Gas,8-Speed A/T,Blue,Beige,None Reported,Yes,54599.0,2.0,4.0,2,2.8212,6451.0,0,0,1,0.0387
Land,Rover Range Rover Supercharged Lwb,2020,81000.0,Gasoline,518.0HP 5.0L 8 Cylinder Engine Gasoline Fuel,A/T,Black,Black,None Reported,Yes,64800.0,5.0,8.0,4,0.8,16200.0,0,0,0,0.324
Toyota,Sequoia Limited,2011,183000.0,Gasoline,381.0HP 5.7L 8 Cylinder Engine Gasoline Fuel,6-Speed A/T,Gold,Beige,None Reported,Yes,16000.0,5.7,8.0,13,0.0874,13071.0,0,0,0,2.379
Jeep,Wrangler X,2004,44000.0,Gasoline,190.0HP 4.0L Straight 6 Cylinder Engine Gasoline Fuel,M/T,Green,Green,At Least 1 Accident Or Damage Reported,Yes,24999.0,4.0,6.0,20,0.5681,2095.0,0,1,0,0.88
Audi,S5 3.0T Premium,2021,18100.0,Gasoline,349.0HP 3.0L V6 Cylinder Engine Gasoline Fuel,8-Speed A/T,Gray,Gray,None Reported,Yes,51800.0,3.0,6.0,3,2.8617,4525.0,1,0,0,0.0543
Land,Rover Range Rover Sport Supercharged,2011,40000.0,Gasoline,510.0HP 5.0L 8 Cylinder Engine Gasoline Fuel,Transmission W/Dual Shift Mode,Blue,Brown,At Least 1 Accident Or Damage Reported,Yes,20000.0,5.0,8.0,13,0.5,2857.0,0,1,0,0.52
Mercedes-Benz,Sprinter 2500,2011,120000.0,Diesel,188.0HP 3.0L V6 Cylinder Engine Diesel Fuel,5-Speed A/T,Black,Gray,None Reported,Yes,31999.0,3.0,6.0,13,0.2667,8571.0,1,0,0,1.56
Toyota,Sequoia Platinum,2023,325.0,Hybrid,437.0HP 3.4L V6 Cylinder Engine Gas/Electric Hybrid,10-Speed A/T,Blue,Gray,None Reported,Yes,84997.0,3.4,6.0,1,260.727,162.0,0,0,1,0.0003
Maserati,Quattroporte S Granlusso,2017,55000.0,Gasoline,405.0HP 3.0L V6 Cylinder Engine Gasoline Fuel,A/T,Blue,Black,None Reported,Yes,39100.0,3.0,6.0,7,0.7109,6875.0,0,0,0,0.385
Toyota,Land Cruiser Base,1996,223089.60000000012,–,–,A/T,Blue,Gray,None Reported,Yes,7500.0,,,28,0.0336,7693.0,0,0,0,6.2465
Ford,Mustang Bullitt,2019,48500.0,Gasoline,480.0HP 5.0L 8 Cylinder Engine Gasoline Fuel,6-Speed M/T,Black,Black,At Least 1 Accident Or Damage Reported,Yes,44999.0,5.0,8.0,5,0.9278,8083.0,0,1,0,0.2425
Ram,2500 Tradesman,2018,52000.0,Diesel,350.0HP 6.7L Straight 6 Cylinder Engine Diesel Fuel,6-Speed A/T,Gray,Black,None Reported,Yes,50000.0,6.7,6.0,6,0.9615,7429.0,0,0,0,0.312
Toyota,Fj Cruiser Base,2007,179000.0,Gasoline,239.0HP 4.0L V6 Cylinder Engine Gasoline Fuel,A/T,Silver,Black,At Least 1 Accident Or Damage Reported,Yes,17900.0,4.0,6.0,17,0.1,9944.0,0,1,0,3.043
Dodge,Charger Scat Pack,2019,42626.0,Gasoline,485.0HP 6.4L 8 Cylinder Engine Gasoline Fuel,8-Speed A/T,Silver,Red,None Reported,Yes,42000.0,6.4,8.0,5,0.9853,7104.0,0,0,0,0.2131
Lexus,Gx 460 Base,2018,65900.0,Gasoline,301.0HP 4.6L 8 Cylinder Engine Gasoline Fuel,Transmission W/Dual Shift Mode,Gray,Black,At Least 1 Accident Or Damage Reported,Yes,34700.0,4.6,8.0,6,0.5265,9414.0,1,1,0,0.3954
Genesis,Gv80 2.5T,2022,7523.0,Gasoline,2.5L I4 16V PDI DOHC Turbo,8-Speed Automatic,Black,Black,None Reported,Unknown,54543.0,2.5,,2,7.2492,2508.0,1,0,0,0.015
Jaguar,F-Pace 30T R-Sport,2019,34365.0,Gasoline,2.0 Liter,Automatic,Yulong,Ebony,None Reported,Unknown,59598.0,,,5,1.7342,5728.0,0,0,0,0.1718
Kia,Sportage S,2021,16949.0,Gasoline,2.4L I4 16V GDI DOHC,6-Speed Automatic,Hyper Red,Black,None Reported,Yes,24995.0,2.4,,3,1.4746,4237.0,0,0,0,0.0508
Mercedes-Benz,S-Class S 580 4Matic,2022,7968.0,Hybrid,496.0HP 4.0L 8 Cylinder Engine Gasoline/Mild Electric Hybrid,9-Speed A/T,White,White,None Reported,Yes,104999.0,4.0,8.0,2,13.1759,2656.0,1,0,1,0.0159
Porsche,Panamera Base,2018,61000.0,Gasoline,330.0HP 3.0L V6 Cylinder Engine Gasoline Fuel,Transmission W/Dual Shift Mode,Gray,Gray,None Reported,Yes,57500.0,3.0,6.0,6,0.9426,8714.0,1,0,0,0.366
Infiniti,Qx80 Base,2018,100564.0,Gasoline,5.6L V8 32V GDI DOHC,7-Speed Automatic,Black,Graphite,None Reported,Unknown,23105.0,5.6,,6,0.2298,14366.0,0,0,0,0.6034
Ford,Maverick Lariat,2022,13700.0,Hybrid,191.0HP 2.5L 4 Cylinder Engine Gas/Electric Hybrid,Cvt Transmission,Blue,Brown,None Reported,Yes,39500.0,2.5,4.0,2,2.883,4567.0,0,0,1,0.0274
Kia,Telluride Sx,2021,38612.0,Gasoline,3.8L V6 24V GDI DOHC,8-Speed Automatic,Ebony Black,Black,None Reported,Unknown,42242.0,3.8,,3,1.094,9653.0,0,0,0,0.1158
Chevrolet,Colorado Z85,2005,155000.0,Gasoline,220.0HP 3.5L 5 Cylinder Engine Gasoline Fuel,A/T,Blue,Gray,At Least 1 Accident Or Damage Reported,Yes,7995.0,3.5,5.0,19,0.0516,7750.0,0,1,0,2.945
Mercedes-Benz,E-Class E 550,2017,56000.0,Gasoline,402.0HP 4.7L 8 Cylinder Engine Gasoline Fuel,Transmission W/Dual Shift Mode,Gray,White,None Reported,Yes,35750.0,4.7,8.0,7,0.6384,7000.0,1,0,0,0.392
Land,Rover Range Rover Sport Svr,2022,15107.0,Gasoline,5.0L V8 32V GDI DOHC Supercharged,8-Speed Automatic,Santorini Black Metallic,Ebony,None Reported,Unknown,114900.0,5.0,,2,7.6052,5036.0,0,0,0,0.0302
Toyota,Corolla Hybrid Le,2022,44459.0,Hybrid,121.0HP 1.8L 4 Cylinder Engine Gas/Electric Hybrid,A/T,Silver,Gray,None Reported,Yes,22945.0,1.8,4.0,2,0.5161,14820.0,0,0,1,0.0889
Mercedes-Benz,E-Class E 300 4Matic,2017,31000.0,Gasoline,241.0HP 2.0L 4 Cylinder Engine Gasoline Fuel,A/T,Blue,White,At Least 1 Accident Or Damage Reported,Yes,38000.0,2.0,4.0,7,1.2258,3875.0,1,1,0,0.217
Mercedes-Benz,Slk-Class Slk 350,2012,44000.0,Gasoline,302.0HP 3.5L V6 Cylinder Engine Gasoline Fuel,Transmission W/Dual Shift Mode,Gray,White,At Least 1 Accident Or Damage Reported,Yes,22222.0,3.5,6.0,12,0.505,3385.0,1,1,0,0.528
Mercedes-Benz,E-Class E 400 4Matic,2018,22558.0,Gasoline,3.0L V6 24V GDI DOHC Twin Turbo,9-Speed Automatic,Black,Black,None Reported,Yes,47645.0,3.0,,6,2.112,3223.0,1,0,0,0.1353
Jeep,Wrangler X,2003,116157.0,Gasoline,210.0HP 4.0L Straight 6 Cylinder Engine Gasoline Fuel,4-Speed A/T,Beige,Beige,None Reported,Yes,14250.0,4.0,6.0,21,0.1227,5280.0,0,0,0,2.4393
Lincoln,Navigator Premiere,2018,23500.0,Gasoline,450.0HP 3.5L V6 Cylinder Engine Gasoline Fuel,10-Speed A/T,Black,Black,At Least 1 Accident Or Damage Reported,Yes,50000.0,3.5,6.0,6,2.1276,3357.0,1,1,0,0.141
Chevrolet,Corvette Base,2008,28150.0,Gasoline,430.0HP 6.2L 8 Cylinder Engine Gasoline Fuel,Transmission W/Dual Shift Mode,Red,Beige,None Reported,Yes,31000.0,6.2,8.0,16,1.1012,1656.0,0,0,0,0.4504
Gmc,Yukon Xl Denali,2016,137500.0,Gasoline,420.0HP 6.2L 8 Cylinder Engine Gasoline Fuel,A/T,Black,Black,At Least 1 Accident Or Damage Reported,Yes,29500.0,6.2,8.0,8,0.2145,15278.0,0,1,0,1.1
Mercedes-Benz,Metris Base,2021,2284.0,Gasoline,2.0L I4 16V GDI DOHC Turbo,9-Speed Automatic,Black,Tan,None Reported,Yes,157500.0,2.0,,3,68.9278,571.0,1,0,0,0.0069
Land,Rover Range Rover P530 Se Lwb 7 Seat,2023,350.0,Gasoline,523.0HP 4.4L 8 Cylinder Engine Gasoline Fuel,Transmission W/Dual Shift Mode,Black,Beige,None Reported,Yes,195000.0,4.4,8.0,1,555.5556,175.0,0,0,0,0.0004
Ford,Explorer Xlt,2017,169000.0,E85 Flex Fuel,290.0HP 3.5L V6 Cylinder Engine Flex Fuel Capability,A/T,White,Beige,None Reported,Yes,13000.0,3.5,6.0,7,0.0769,21125.0,0,0,0,1.183
Ferrari,488 Gtb Base,2018,17761.0,Gasoline,3.9L V8 32V GDI DOHC Twin Turbo,7-Speed Automatic With Auto-Shift,Rosso Corsa,Nero,None Reported,Unknown,243900.0,3.9,,6,13.7316,2537.0,0,0,0,0.1066
Chevrolet,Camaro 2Ss,2010,8949.0,Gasoline,426.0HP 6.2L 8 Cylinder Engine Gasoline Fuel,M/T,Yellow,Black,None Reported,Yes,30000.0,6.2,8.0,14,3.352,597.0,0,0,0,0.1253
Bmw,750 I Xdrive,2020,25108.0,Gasoline,523.0HP 4.4L 8 Cylinder Engine Gasoline Fuel,8-Speed A/T,Black,Black,Unknown,Unknown,66000.0,4.4,8.0,4,2.6285,5022.0,1,0,0,0.1004
Land,Rover Range Rover 3.0L Supercharged Hse,2016,103000.0,Gasoline,380.0HP 3.0L V6 Cylinder Engine Gasoline Fuel,Transmission W/Dual Shift Mode,Black,Black,None Reported,Yes,33999.0,3.0,6.0,8,0.3301,11444.0,0,0,0,0.824
Porsche,911 Carrera 4 Cabriolet,2003,87600.0,Gasoline,315.0HP 3.6L Flat 6 Cylinder Engine Gasoline Fuel,Transmission W/Dual Shift Mode,Black,Black,At Least 1 Accident Or Damage Reported,Yes,32000.0,3.6,6.0,21,0.3653,3982.0,1,1,0,1.8396
Mercedes-Benz,Cla-Class Cla 250,2015,76753.0,Gasoline,208.0HP 2.0L 4 Cylinder Engine Gasoline Fuel,A/T,Red,Black,At Least 1 Accident Or Damage Reported,Yes,15999.0,2.0,4.0,9,0.2084,7675.0,1,1,0,0.6908
Mercedes-Benz,Metris Base,2019,10500.0,Gasoline,208.0HP 2.0L 4 Cylinder Engine Gasoline Fuel,A/T,Black,Brown,None Reported,Yes,79500.0,2.0,4.0,5,7.5707,1750.0,1,0,0,0.0525
Mercedes-Benz,E-Class E 350 4Matic,2011,199000.0,Gasoline,268.0HP 3.5L V6 Cylinder Engine Gasoline Fuel,7-Speed A/T,Silver,Black,None Reported,Yes,9250.0,3.5,6.0,13,0.0465,14214.0,1,0,0,2.587
Lexus,Ls 460 L,2007,127980.0,Gasoline,380.0HP 4.6L 8 Cylinder Engine Gasoline Fuel,8-Speed A/T,Blue,Beige,None Reported,Yes,9999.0,4.6,8.0,17,0.0781,7110.0,1,0,0,2.1757
Bmw,X6 Xdrive40I,2023,16307.0,Hybrid,335.0HP 3.0L Straight 6 Cylinder Engine Gasoline/Mild Electric Hybrid,A/T,Red,White,None Reported,Yes,71400.0,3.0,6.0,1,4.3782,8154.0,1,0,1,0.0163
Audi,S5 3.0T Prestige,2021,13566.0,Gasoline,3.0L,1-Speed Automatic,Daytona Gray Pearl Effect,Magma Red,None Reported,Unknown,57900.0,3.0,,3,4.2677,3392.0,1,0,0,0.0407
Audi,Q7 Premium Plus,2022,22588.0,Hybrid,3.0 Liter TFSI,Automatic,Navarra Blue,Saiga Beige,None Reported,Unknown,52598.0,,,2,2.3285,7529.0,1,0,1,0.0452
Jaguar,Xe 25T,2019,41452.0,Gasoline,247.0HP 2.0L 4 Cylinder Engine Gasoline Fuel,Transmission W/Dual Shift Mode,White,Black,At Least 1 Accident Or Damage Reported,Yes,22500.0,2.0,4.0,5,0.5428,6909.0,0,1,0,0.2073
Genesis,G80 3.3T Sport,2019,57500.0,Gasoline,365.0HP 3.3L V6 Cylinder Engine Gasoline Fuel,A/T,Red,Black,None Reported,Yes,32990.0,3.3,6.0,5,0.5737,9583.0,1,0,0,0.2875
Bmw,M2 Competition,2020,500.0,Gasoline,405.0HP 3.0L Straight 6 Cylinder Engine Gasoline Fuel,7-Speed A/T,Black,Black,None Reported,Yes,70000.0,3.0,6.0,4,139.7206,100.0,1,0,0,0.002
Subaru,Impreza Wrx Premium,2014,55000.0,Gasoline,265.0HP 2.5L 4 Cylinder Engine Gasoline Fuel,5-Speed M/T,White,Black,None Reported,Yes,30000.0,2.5,4.0,10,0.5454,5000.0,0,0,0,0.55
Gmc,Sierra 2500 Base,2021,8210.0,Gasoline,401.0HP 6.6L 8 Cylinder Engine Gasoline Fuel,A/T,White,Black,None Reported,Yes,55000.0,6.6,8.0,3,6.6983,2052.0,0,0,0,0.0246
Lincoln,Nautilus Reserve,2021,18160.0,Gasoline,2.7L V6 24V GDI DOHC Twin Turbo,8-Speed Automatic,Silver Radiance,Slate,None Reported,Unknown,46850.0,2.7,,3,2.5797,4540.0,1,0,0,0.0545
Jaguar,Xf Xfr-S,2013,4279.0,Gasoline,550.0HP 5.0L 8 Cylinder Engine Gasoline Fuel,8-Speed A/T,White,Black,Unknown,Unknown,70000.0,5.0,8.0,11,16.3551,357.0,0,0,0,0.0471
Mercedes-Benz,Sprinter Normal Roof,2013,39748.0,Diesel,188.0HP 3.0L V6 Cylinder Engine Diesel Fuel,A/T,Silver,Black,At Least 1 Accident Or Damage Reported,Yes,54995.0,3.0,6.0,11,1.3836,3312.0,1,1,0,0.4372
Toyota,Land Cruiser Base,1998,160000.0,Gasoline,230.0HP 4.7L 8 Cylinder Engine Gasoline Fuel,4-Speed A/T,White,Beige,At Least 1 Accident Or Damage Reported,Yes,12490.0,4.7,8.0,26,0.0781,5926.0,0,1,0,4.16
Toyota,Tacoma Prerunner,2013,65000.0,Gasoline,159.0HP 2.7L 4 Cylinder Engine Gasoline Fuel,A/T,Silver,Gray,None Reported,Yes,20500.0,2.7,4.0,11,0.3154,5417.0,0,0,0,0.715
Bmw,Z4 Sdrive28I,2016,59000.0,Gasoline,240.0HP 2.0L 4 Cylinder Engine Gasoline Fuel,8-Speed A/T,Black,Beige,None Reported,Yes,25000.0,2.0,4.0,8,0.4237,6556.0,1,0,0,0.472
Bmw,530E Base,2022,22700.0,Plug-In Hybrid,288.0HP 2.0L 4 Cylinder Engine Plug-In Electric/Gas,A/T,White,Black,None Reported,Yes,47000.0,2.0,4.0,2,2.0704,7567.0,1,0,1,0.0454
Mercedes-Benz,Gla 250 Base 4Matic,2018,56578.0,E85 Flex Fuel,208.0HP 2.0L 4 Cylinder Engine Flex Fuel Capability,7-Speed A/T,White,Black,None Reported,Yes,20900.0,2.0,4.0,6,0.3694,8083.0,1,0,0,0.3395
Hyundai,Genesis 4.6,2010,153332.0,Gasoline,378.0HP 4.6L 8 Cylinder Engine Gasoline Fuel,Transmission W/Dual Shift Mode,Silver,Black,At Least 1 Accident Or Damage Reported,Yes,10000.0,4.6,8.0,14,0.0652,10222.0,0,1,0,2.1466
Cadillac,Ats 3.6L Luxury,2013,89700.0,Gasoline,321.0HP 3.6L V6 Cylinder Engine Gasoline Fuel,6-Speed A/T,Black,Red,None Reported,Yes,17999.0,3.6,6.0,11,0.2007,7475.0,1,0,0,0.9867
Lincoln,Town Car Signature,2002,118600.0,Gasoline,220.0HP 4.6L 8 Cylinder Engine Gasoline Fuel,A/T,Black,Gray,At Least 1 Accident Or Damage Reported,Yes,5230.0,4.6,8.0,22,0.0441,5157.0,1,1,0,2.6092
Gmc,Sierra 1500 Slt,2021,23400.0,Gasoline,420.0HP 6.2L 8 Cylinder Engine Gasoline Fuel,A/T,Black,Black,None Reported,Yes,52000.0,6.2,8.0,3,2.2221,5850.0,0,0,0,0.0702
Mercedes-Benz,Sprinter High Roof,2015,110000.0,Diesel,188.0HP 3.0L V6 Cylinder Engine Diesel Fuel,A/T,White,Gray,None Reported,Yes,29000.0,3.0,6.0,9,0.2636,11000.0,1,0,0,0.99
Jaguar,Xj Vanden Plas,2008,87888.0,Gasoline,300.0HP 4.2L 8 Cylinder Engine Gasoline Fuel,6-Speed A/T,Black,Black,None Reported,Yes,11990.0,4.2,8.0,16,0.1364,5170.0,0,0,0,1.4062
Lexus,Rc 350 Base,2015,73800.0,Gasoline,3.5L V6 24V PDI DOHC,6-Speed Automatic,Black,Black,None Reported,Unknown,26999.0,3.5,,9,0.3658,7380.0,1,0,0,0.6642
Audi,S3 2.0T Premium Plus,2015,78124.0,Gasoline,292.0HP 2.0L 4 Cylinder Engine Gasoline Fuel,6-Speed A/T,Blue,Black,None Reported,Yes,21500.0,2.0,4.0,9,0.2752,7812.0,1,0,0,0.7031
Subaru,Wrx Limited,2015,91000.0,Gasoline,268.0HP 2.0L 4 Cylinder Engine Gasoline Fuel,6-Speed M/T,Red,Black,At Least 1 Accident Or Damage Reported,Yes,19000.0,2.0,4.0,9,0.2088,9100.0,0,1,0,0.819
Dodge,Ram 2500 Slt Quad Cab,2003,114000.0,Gasoline,345.0HP 5.7L 8 Cylinder Engine Gasoline Fuel,5-Speed A/T,White,Beige,At Least 1 Accident Or Damage Reported,Yes,10700.0,5.7,8.0,21,0.0939,5182.0,0,1,0,2.394
Subaru,Wrx Limited,2015,76000.0,Gasoline,268.0HP 2.0L 4 Cylinder Engine Gasoline Fuel,6-Speed M/T,Blue,Black,None Reported,Yes,21000.0,2.0,4.0,9,0.2763,7600.0,0,0,0,0.684
Audi,Rs 4 4.2 Quattro L,2008,146500.0,Gasoline,420.0HP 4.2L 8 Cylinder Engine Gasoline Fuel,6-Speed M/T,Red,Black,At Least 1 Accident Or Damage Reported,Yes,30000.0,4.2,8.0,16,0.2048,8618.0,1,1,0,2.344
Porsche,911 Carrera,2007,26021.0,Gasoline,325.0HP 3.6L Flat 6 Cylinder Engine Gasoline Fuel,6-Speed M/T,Silver,Gray,None Reported,Yes,53999.0,3.6,6.0,17,2.0751,1446.0,1,0,0,0.4424
Audi,A4 2.0T Premium Plus,2015,73000.0,E85 Flex Fuel,220.0HP 2.0L 4 Cylinder Engine Flex Fuel Capability,A/T,Black,Black,At Least 1 Accident Or Damage Reported,Yes,17200.0,2.0,4.0,9,0.2356,7300.0,1,1,0,0.657
Audi,A4 3.2 Premium Plus Quattro,2009,153000.0,Gasoline,265.0HP 3.2L V6 Cylinder Engine Gasoline Fuel,6-Speed A/T,Gray,Beige,None Reported,Yes,8700.0,3.2,6.0,15,0.0569,9562.0,1,0,0,2.295
Ford,Excursion Limited,2003,67550.0,Diesel,325.0HP 6.0L 8 Cylinder Engine Diesel Fuel,5-Speed A/T,Gold,Beige,None Reported,Yes,30000.0,6.0,8.0,21,0.4441,3070.0,0,0,0,1.4186
Ford,Excursion Limited,2004,170000.0,Gasoline,310.0HP 6.8L 10 Cylinder Engine Gasoline Fuel,A/T,Gold,Gold,None Reported,Yes,8500.0,6.8,10.0,20,0.05,8095.0,0,0,0,3.4
Land,Rover Range Rover Sport 5.0L Supercharged Dynamic,2017,53000.0,Gasoline,510.0HP 5.0L 8 Cylinder Engine Gasoline Fuel,Transmission W/Dual Shift Mode,Black,Beige,None Reported,Yes,47500.0,5.0,8.0,7,0.8962,6625.0,0,0,0,0.371
Audi,Q8 3.0T Prestige,2019,54900.0,Hybrid,335.0HP 3.0L V6 Cylinder Engine Gasoline/Mild Electric Hybrid,A/T,Gold,Black,At Least 1 Accident Or Damage Reported,Yes,48500.0,3.0,6.0,5,0.8834,9150.0,1,1,1,0.2745
Bmw,X5 Xdrive35I,2016,89000.0,Gasoline,300.0HP 3.0L Straight 6 Cylinder Engine Gasoline Fuel,8-Speed A/T,Black,Black,None Reported,Yes,24000.0,3.0,6.0,8,0.2697,9889.0,1,0,0,0.712
Ford,Bronco Base,2022,6200.0,Gasoline,275.0HP 2.3L 4 Cylinder Engine Gasoline Fuel,7-Speed M/T,Black,Black,None Reported,Yes,49000.0,2.3,4.0,2,7.902,2067.0,0,0,0,0.0124
Ford,F-150 Xlt,2021,51808.0,Gasoline,5.0L V8 32V PDI DOHC,10-Speed Automatic,Silver,Black,None Reported,Yes,42388.0,5.0,,3,0.8182,12952.0,0,0,0,0.1554
Hyundai,Genesis Coupe 3.8 Track,2013,89000.0,Gasoline,344.0HP 3.8L V6 Cylinder Engine Gasoline Fuel,6-Speed M/T,White,Black,At Least 1 Accident Or Damage Reported,Yes,12500.0,3.8,6.0,11,0.1404,7417.0,0,1,0,0.979
Toyota,Camry Le,1999,86111.0,Gasoline,133.0HP 2.2L 4 Cylinder Engine Gasoline Fuel,A/T,Gold,Beige,At Least 1 Accident Or Damage Reported,Yes,3500.0,2.2,4.0,25,0.0406,3312.0,0,1,0,2.1528
Mercedes-Benz,E-Class E 400 4Matic,2018,45203.0,Gasoline,3.0L V6 24V GDI DOHC Twin Turbo,9-Speed Automatic,White,Saddle Brown,None Reported,Yes,39853.0,3.0,,6,0.8816,6458.0,1,0,0,0.2712
Audi,S5 3.0T Prestige,2022,14739.0,Gasoline,3.0L,1-Speed Automatic,Daytona Gray Pearl Effect,Black,None Reported,Unknown,61900.0,3.0,,2,4.1995,4913.0,1,0,0,0.0295
Buick,Enclave Premium,2017,139105.0,Gasoline,3.6L V6 24V GDI DOHC,6-Speed Automatic,Iridium Metallic,Light Titanium,At Least 1 Accident Or Damage Reported,Yes,17550.0,3.6,,7,0.1262,17388.0,0,1,0,0.9737
Lamborghini,Gallardo Lp560-4,2010,45014.0,Gasoline,560.0HP 5.2L 10 Cylinder Engine Gasoline Fuel,6-Speed A/T,Gray,Black,None Reported,Yes,109499.0,5.2,10.0,14,2.4325,3001.0,0,0,0,0.6302
Ford,Mustang Gt Premium,2011,101000.0,Gasoline,412.0HP 5.0L 8 Cylinder Engine Gasoline Fuel,6-Speed M/T,Red,Black,None Reported,Yes,18500.0,5.0,8.0,13,0.1832,7214.0,0,0,0,1.313
Gmc,Yukon Xl Slt,2016,93000.0,Gasoline,355.0HP 5.3L 8 Cylinder Engine Gasoline Fuel,A/T,Black,Black,At Least 1 Accident Or Damage Reported,Yes,30000.0,5.3,8.0,8,0.3226,10333.0,0,1,0,0.744
Ford,Mustang V6 Premium,2013,62500.0,Gasoline,305.0HP 3.7L V6 Cylinder Engine Gasoline Fuel,6-Speed M/T,Black,Black,None Reported,Yes,16000.0,3.7,6.0,11,0.256,5208.0,0,0,0,0.6875
Lexus,Is-F Base,2008,75000.0,Gasoline,416.0HP 5.0L 8 Cylinder Engine Gasoline Fuel,8-Speed A/T,Blue,Black,At Least 1 Accident Or Damage Reported,Yes,29000.0,5.0,8.0,16,0.3867,4412.0,1,1,0,1.2
Bmw,435 I,2015,34455.0,Gasoline,300.0HP 3.0L Straight 6 Cylinder Engine Gasoline Fuel,8-Speed A/T,Gray,Beige,None Reported,Yes,28000.0,3.0,6.0,9,0.8126,3446.0,1,0,0,0.3101
Land,Rover Range Rover Supercharged,2010,130000.0,Gasoline,510.0HP 5.0L 8 Cylinder Engine Gasoline Fuel,A/T,White,Black,None Reported,Yes,15500.0,5.0,8.0,14,0.1192,8667.0,0,0,0,1.82
Mercedes-Benz,Cla-Class Cla 250,2014,76170.0,Gasoline,208.0HP 2.0L 4 Cylinder Engine Gasoline Fuel,Transmission W/Dual Shift Mode,Gray,Black,At Least 1 Accident Or Damage Reported,Yes,16500.0,2.0,4.0,10,0.2166,6925.0,1,1,0,0.7617
Gmc,Yukon Slt,2010,194500.0,E85 Flex Fuel,320.0HP 5.3L 8 Cylinder Engine Flex Fuel Capability,6-Speed A/T,White,Beige,At Least 1 Accident Or Damage Reported,Yes,9500.0,5.3,8.0,14,0.0488,12967.0,0,1,0,2.723
Bmw,535 I,2008,135000.0,Gasoline,300.0HP 3.0L Straight 6 Cylinder Engine Gasoline Fuel,A/T,Silver,Black,None Reported,Yes,5699.0,3.0,6.0,16,0.0422,7941.0,1,0,0,2.16
Dodge,Charger Gt,2021,33000.0,Gasoline,300.0HP 3.6L V6 Cylinder Engine Gasoline Fuel,Transmission W/Dual Shift Mode,White,Gray,At Least 1 Accident Or Damage Reported,Yes,26999.0,3.6,6.0,3,0.8181,8250.0,0,1,0,0.099
Hyundai,Genesis 3.8,2010,98700.0,Gasoline,290.0HP 3.8L V6 Cylinder Engine Gasoline Fuel,Transmission W/Dual Shift Mode,Beige,Beige,None Reported,Yes,10340.0,3.8,6.0,14,0.1048,6580.0,0,0,0,1.3818
Honda,Civic Type R Touring,2018,72900.0,Gasoline,306.0HP 2.0L 4 Cylinder Engine Gasoline Fuel,6-Speed M/T,Black,Black,At Least 1 Accident Or Damage Reported,Yes,35500.0,2.0,4.0,6,0.487,10414.0,0,1,0,0.4374
Dodge,Durango R/T,2016,135000.0,Gasoline,360.0HP 5.7L 8 Cylinder Engine Gasoline Fuel,A/T,Black,Black,None Reported,Yes,20000.0,5.7,8.0,8,0.1481,15000.0,0,0,0,1.08
Chevrolet,Silverado 1500 Limited High Country,2022,2550.0,Gasoline,355.0HP 5.3L 8 Cylinder Engine Gasoline Fuel,10-Speed A/T,Red,Black,None Reported,Yes,60000.0,5.3,8.0,2,23.5202,850.0,0,0,0,0.0051
Jeep,Grand Cherokee Altitude,2020,35289.0,Gasoline,3.6L V6 24V MPFI DOHC,8-Speed Automatic,Granite Crystal Clearcoat Metallic,Black,Unknown,Unknown,35470.0,3.6,,4,1.0051,7058.0,0,0,0,0.1412
Ram,1500 Laramie,2022,14636.0,Gasoline,5.7L V8 16V MPFI OHV,8-Speed Automatic,Diamond Black,Black,None Reported,Unknown,46599.0,5.7,,2,3.1836,4879.0,0,0,0,0.0293
Chrysler,Crossfire Limited,2005,24847.0,Gasoline,3.2L V6 18V MPFI SOHC,5-Speed Automatic,White,Dark Gray,None Reported,Yes,13046.0,3.2,,19,0.525,1242.0,0,0,0,0.4721
Nissan,Rogue Sl,2019,29558.0,Gasoline,2.5L I4 16V MPFI DOHC,Automatic Cvt,Magnetic Black,Charcoal,None Reported,Yes,25884.0,2.5,,5,0.8757,4926.0,0,0,0,0.1478
Audi,A6 55 Premium Plus,2023,6581.0,Gasoline,"3L V-6 gasoline direct injection, DOHC, variable valve control,","Automatic, 7-Spd S Tronic Dual-Clutch",Chronos Gray Metallic,Black,None Reported,Unknown,59900.0,3.0,,1,9.1006,3290.0,1,0,0,0.0066
Mercedes-Benz,Amg Gt 53 Base,2020,22000.0,Hybrid,429.0HP 3.0L Straight 6 Cylinder Engine Gasoline/Mild Electric Hybrid,9-Speed A/T,Gray,Black,None Reported,Yes,83999.0,3.0,6.0,4,3.818,4400.0,1,0,1,0.088
Acura,Ilx Technology Plus Package,2017,68200.0,Gasoline,201.0HP 2.4L 4 Cylinder Engine Gasoline Fuel,Transmission W/Dual Shift Mode,Black,–,At Least 1 Accident Or Damage Reported,Yes,15750.0,2.4,4.0,7,0.2309,8525.0,0,1,0,0.4774
Land,Rover Range Rover P530 Se Swb,2023,2800.0,Gasoline,523.0HP 4.4L 8 Cylinder Engine Gasoline Fuel,8-Speed A/T,White,Red,None Reported,Yes,175000.0,4.4,8.0,1,62.4777,1400.0,0,0,0,0.0028
Ford,Expedition Platinum,2019,51300.0,Gasoline,3.5L V6 24V GDI DOHC Twin Turbo,10-Speed Automatic,White,Platinum,None Reported,Yes,48295.0,3.5,,5,0.9414,8550.0,0,0,0,0.2565
Bmw,M3 Base,2008,133500.0,Gasoline,414.0HP 4.0L 8 Cylinder Engine Gasoline Fuel,6-Speed M/T,Gray,Black,None Reported,Yes,18500.0,4.0,8.0,16,0.1386,7853.0,1,0,0,2.136
Infiniti,M37 X,2012,49000.0,Gasoline,330.0HP 3.7L V6 Cylinder Engine Gasoline Fuel,7-Speed A/T,Gray,Black,None Reported,Yes,19900.0,3.7,6.0,12,0.4061,3769.0,0,0,0,0.588
Bmw,650 I,2008,125470.0,Gasoline,360.0HP 4.8L 8 Cylinder Engine Gasoline Fuel,A/T,Black,Beige,None Reported,Yes,8000.0,4.8,8.0,16,0.0638,7381.0,1,0,0,2.0075
Mazda,Rx-8 Grand Touring,2008,81219.0,Gasoline,232.0HP 1.3L Rotary engine Gasoline Fuel,6-Speed M/T,Red,Black,None Reported,Yes,8500.0,1.3,,16,0.1047,4778.0,0,0,0,1.2995
Porsche,Boxster Base,1999,72000.0,Gasoline,201.0HP 2.5L Flat 6 Cylinder Engine Gasoline Fuel,5-Speed M/T,Blue,Gray,None Reported,Yes,12250.0,2.5,6.0,25,0.1701,2769.0,1,0,0,1.8
Acura,Ilx Premium & A-Spec Packages,2019,19500.0,Gasoline,201.0HP 2.4L 4 Cylinder Engine Gasoline Fuel,8-Speed A/T,Gray,Black,None Reported,Yes,25000.0,2.4,4.0,5,1.282,3250.0,0,0,0,0.0975
Porsche,911 Carrera S,2017,20561.0,Gasoline,420.0HP 3.0L Flat 6 Cylinder Engine Gasoline Fuel,7-Speed M/T,Red,Black,None Reported,Yes,105000.0,3.0,6.0,7,5.1065,2570.0,1,0,0,0.1439
Lexus,Lx 570 Base,2016,33655.0,Gasoline,383.0HP 5.7L 8 Cylinder Engine Gasoline Fuel,8-Speed A/T,White,Brown,None Reported,Yes,62900.0,5.7,8.0,8,1.8689,3739.0,1,0,0,0.2692
Toyota,Highlander Limited Platinum,2015,135140.0,Gasoline,270.0HP 3.5L V6 Cylinder Engine Gasoline Fuel,A/T,White,Beige,None Reported,Yes,23500.0,3.5,6.0,9,0.1739,13514.0,0,0,0,1.2163
Maserati,Ghibli Base,2015,73000.0,Gasoline,345.0HP 3.0L V6 Cylinder Engine Gasoline Fuel,8-Speed A/T,Black,Brown,None Reported,Yes,17999.0,3.0,6.0,9,0.2466,7300.0,0,0,0,0.657
Land,Rover Range Rover 3.0L Supercharged Hse,2017,55000.0,Gasoline,380.0HP 3.0L V6 Cylinder Engine Gasoline Fuel,A/T,White,Beige,At Least 1 Accident Or Damage Reported,Yes,58000.0,3.0,6.0,7,1.0545,6875.0,0,1,0,0.385
Chevrolet,Cruze Ltz,2013,87000.0,Gasoline,138.0HP 1.4L 4 Cylinder Engine Gasoline Fuel,A/T,Blue,Black,At Least 1 Accident Or Damage Reported,Yes,10000.0,1.4,4.0,11,0.1149,7250.0,0,1,0,0.957
Bmw,325 Xi,2006,137825.0,Gasoline,215.0HP 3.0L Straight 6 Cylinder Engine Gasoline Fuel,6-Speed A/T,Silver,Black,None Reported,Yes,4000.0,3.0,6.0,18,0.029,7254.0,1,0,0,2.4809
Acura,Mdx Technology,2008,184421.0,Gasoline,300.0HP 3.7L V6 Cylinder Engine Gasoline Fuel,A/T,Gray,Black,None Reported,Yes,5000.0,3.7,6.0,16,0.0271,10848.0,0,0,0,2.9507
Lincoln,Mkc Base,2015,95000.0,Gasoline,240.0HP 2.0L 4 Cylinder Engine Gasoline Fuel,6-Speed A/T,White,Black,At Least 1 Accident Or Damage Reported,Yes,14900.0,2.0,4.0,9,0.1568,9500.0,1,1,0,0.855
Kia,Sportage Nightfall,2022,26468.0,Gasoline,2.4L I4 16V GDI DOHC,6-Speed Automatic,Pacific Blue,Black,At Least 1 Accident Or Damage Reported,Yes,27875.0,2.4,,2,1.0531,8823.0,0,1,0,0.0529
Bentley,Arnage R,2003,55050.0,Gasoline,400.0HP 6.75L 8 Cylinder Engine Gasoline Fuel,4-Speed A/T,Gray,Gray,None Reported,Yes,34995.0,6.75,8.0,21,0.6357,2502.0,0,0,0,1.156
Kia,Sorento Lx,2021,54200.0,Gasoline,191.0HP 2.5L 4 Cylinder Engine Gasoline Fuel,A/T,White,Black,None Reported,Yes,23800.0,2.5,4.0,3,0.4391,13550.0,0,0,0,0.1626
Lexus,Sc 430 Base,2002,109762.0,Gasoline,300.0HP 4.3L 8 Cylinder Engine Gasoline Fuel,5-Speed A/T,Blue,Brown,None Reported,Yes,15000.0,4.3,8.0,22,0.1367,4772.0,1,0,0,2.4148
Land,Rover Range Rover Evoque Base,2012,92080.0,Gasoline,240.0HP 2.0L 4 Cylinder Engine Gasoline Fuel,6-Speed A/T,Gray,Black,None Reported,Yes,14500.0,2.0,4.0,12,0.1575,7083.0,0,0,0,1.105
Acura,Tlx Type S W/Performance Tire,2023,1798.0,Gasoline,355.0HP 3.0L V6 Cylinder Engine Gasoline Fuel,10-Speed A/T,Black,Black,None Reported,Yes,53000.0,3.0,6.0,1,29.4608,899.0,0,0,0,0.0018
Gmc,Sierra 1500 Sle Crew Cab,2006,167500.0,Gasoline,295.0HP 5.3L 8 Cylinder Engine Gasoline Fuel,A/T,Silver,Black,None Reported,Yes,14500.0,5.3,8.0,18,0.0866,8816.0,0,0,0,3.015
Gmc,Sierra 1500 Denali Ultimate,2023,2500.0,Gasoline,420.0HP 6.2L 8 Cylinder Engine Gasoline Fuel,10-Speed A/T,White,Brown,None Reported,Yes,84000.0,6.2,8.0,1,33.5866,1250.0,0,0,0,0.0025
Mercedes-Benz,E-Class E 400,2016,77000.0,Gasoline,329.0HP 3.0L V6 Cylinder Engine Gasoline Fuel,7-Speed A/T,White,Beige,At Least 1 Accident Or Damage Reported,Yes,24000.0,3.0,6.0,8,0.3117,8556.0,1,1,0,0.616
Mini,Hardtop Cooper,2019,19850.0,Gasoline,134.0HP 1.5L 3 Cylinder Engine Gasoline Fuel,6-Speed A/T,Black,Black,None Reported,Yes,24000.0,1.5,3.0,5,1.209,3308.0,0,0,0,0.0992
Ford,Bronco Outer Banks Advanced,2023,3400.0,Gasoline,275.0HP 2.3L 4 Cylinder Engine Gasoline Fuel,10-Speed A/T,Gray,Gray,None Reported,Yes,57000.0,2.3,4.0,1,16.7598,1700.0,0,0,0,0.0034
Ford,Bronco,2021,3596.0,Gasoline,2.7L V6 24V PDI DOHC Twin Turbo,10-Speed Automatic,Blue,Black Onyx,None Reported,Unknown,56900.0,2.7,,3,15.8187,899.0,0,0,0,0.0108
Ford,F-350 Lariat Super Duty Crew Cab,2009,130200.0,Diesel,350.0HP 6.4L 8 Cylinder Engine Diesel Fuel,5-Speed A/T,White,Beige,None Reported,Yes,28900.0,6.4,8.0,15,0.222,8138.0,0,0,0,1.953
Land,Rover Discovery Sport Se,2017,48200.0,Gasoline,240.0HP 2.0L 4 Cylinder Engine Gasoline Fuel,9-Speed A/T,White,Gray,None Reported,Yes,24998.0,2.0,4.0,7,0.5186,6025.0,0,0,0,0.3374
Gmc,Yukon Xl Slt,2016,183544.0,Gasoline,355.0HP 5.3L 8 Cylinder Engine Gasoline Fuel,6-Speed A/T,Black,Black,At Least 1 Accident Or Damage Reported,Yes,22000.0,5.3,8.0,8,0.1199,20394.0,0,1,0,1.4684
Ford,Focus Rs Base,2016,14900.0,Gasoline,350.0HP 2.3L 4 Cylinder Engine Gasoline Fuel,6-Speed M/T,Blue,Black,None Reported,Yes,39000.0,2.3,4.0,8,2.6173,1656.0,0,0,0,0.1192
Ford,Bronco Badlands Advanced,2022,4200.0,Gasoline,315.0HP 2.7L V6 Cylinder Engine Gasoline Fuel,10-Speed A/T,Blue,Black,None Reported,Yes,65994.0,2.7,6.0,2,15.7091,1400.0,0,0,0,0.0084
Hyundai,Genesis 5,2012,15698.0,Gasoline,429.0HP 5.0L 8 Cylinder Engine Gasoline Fuel,Transmission W/Dual Shift Mode,Black,Black,None Reported,Yes,19000.0,5.0,8.0,12,1.2103,1208.0,0,0,0,0.1884
Jeep,Wrangler Unlimited Rubicon,2022,1750.0,Gasoline,285.0HP 3.6L V6 Cylinder Engine Gasoline Fuel,8-Speed A/T,Gray,Brown,None Reported,Yes,65500.0,3.6,6.0,2,37.4072,583.0,0,0,0,0.0035
Bmw,X4 Xdrive30I,2022,34800.0,Gasoline,248.0HP 2.0L 4 Cylinder Engine Gasoline Fuel,A/T,Blue,Brown,None Reported,Yes,46000.0,2.0,4.0,2,1.3218,11600.0,1,0,0,0.0696
Jaguar,F-Pace S,2020,35580.0,Gasoline,3.0 Liter,Automatic,Eiger Grey Metallic,Ebony/Light Oyster Stitch,None Reported,Unknown,46998.0,,,4,1.3209,7116.0,0,0,0,0.1423
Acura,Rsx Type S,2006,71400.0,Gasoline,201.0HP 2.0L 4 Cylinder Engine Gasoline Fuel,6-Speed M/T,Black,Gray,Unknown,Unknown,14990.0,2.0,4.0,18,0.2099,3758.0,0,0,0,1.2852
Mazda,Mx-5 Miata Base,2003,9260.0,Gasoline,142.0HP 1.8L 4 Cylinder Engine Gasoline Fuel,5-Speed M/T,White,Beige,None Reported,Yes,22000.0,1.8,4.0,21,2.3756,421.0,0,0,0,0.1945
Gmc,Yukon Xl Slt,2023,28500.0,Gasoline,355.0HP 5.3L 8 Cylinder Engine Gasoline Fuel,A/T,Black,Black,None Reported,Yes,67800.0,5.3,8.0,1,2.3789,14250.0,0,0,0,0.0285
Mercedes-Benz,E-Class E 350 4Matic,2008,91900.0,Gasoline,268.0HP 3.5L V6 Cylinder Engine Gasoline Fuel,5-Speed A/T,Black,Black,None Reported,Yes,8900.0,3.5,6.0,16,0.0968,5406.0,1,0,0,1.4704
Infiniti,G35 Base,2004,130000.0,Gasoline,260.0HP 3.5L V6 Cylinder Engine Gasoline Fuel,5-Speed A/T,Beige,Beige,None Reported,Yes,7500.0,3.5,6.0,20,0.0577,6190.0,0,0,0,2.6
Cadillac,Xts Premium,2013,56860.0,Gasoline,3.6L V6 24V GDI DOHC,6-Speed Automatic,White Diamond Tri-Coat,Shale,At Least 1 Accident Or Damage Reported,Yes,21995.0,3.6,,11,0.3868,4738.0,1,1,0,0.6255
Mini,Hardtop Cooper S,2017,44300.0,Gasoline,189.0HP 2.0L 4 Cylinder Engine Gasoline Fuel,6-Speed M/T,Silver,Black,None Reported,Yes,20784.0,2.0,4.0,7,0.4692,5538.0,0,0,0,0.3101
Bmw,X5 Xdrive35I,2014,120000.0,Gasoline,300.0HP 3.0L Straight 6 Cylinder Engine Gasoline Fuel,Transmission W/Dual Shift Mode,Black,Black,Unknown,Unknown,20000.0,3.0,6.0,10,0.1667,10909.0,1,0,0,1.2
Mercedes-Benz,Sl-Class Sl 550,2013,72500.0,Gasoline,429.0HP 4.6L 8 Cylinder Engine Gasoline Fuel,7-Speed A/T,Black,Beige,None Reported,Yes,31450.0,4.6,8.0,11,0.4338,6042.0,1,0,0,0.7975
Ram,1500 Tradesman/Express,2017,72000.0,Gasoline,395.0HP 5.7L 8 Cylinder Engine Gasoline Fuel,8-Speed A/T,Blue,Beige,At Least 1 Accident Or Damage Reported,Yes,24200.0,5.7,8.0,7,0.3361,9000.0,0,1,0,0.504
Bmw,135 I,2011,132000.0,Gasoline,300.0HP 3.0L Straight 6 Cylinder Engine Gasoline Fuel,7-Speed A/T,Black,Beige,None Reported,Yes,11000.0,3.0,6.0,13,0.0833,9429.0,1,0,0,1.716
Hyundai,Ioniq 5 Se,2022,18500.0,Gasoline,320.0HP Electric Motor Electric Fuel System,A/T,White,Black,None Reported,Yes,42000.0,,,2,2.2701,6167.0,0,0,0,0.037
Lexus,Ls 430 Base,2002,42000.0,Gasoline,290.0HP 4.3L 8 Cylinder Engine Gasoline Fuel,A/T,Silver,Gray,At Least 1 Accident Or Damage Reported,Yes,15999.0,4.3,8.0,22,0.3809,1826.0,1,1,0,0.924
Jaguar,F-Pace S,2023,4624.0,Gasoline,2.0 Liter,Automatic,Santorin Black,Black,None Reported,Unknown,56998.0,,,1,12.3239,2312.0,0,0,0,0.0046
Bmw,M5 Base,2006,106000.0,Gasoline,500.0HP 5.0L 10 Cylinder Engine Gasoline Fuel,Transmission W/Dual Shift Mode,Black,Black,None Reported,Yes,19500.0,5.0,10.0,18,0.184,5579.0,1,0,0,1.908
Hyundai,Santa Fe Se,2022,13610.0,Gasoline,2.5L I4 16V PDI DOHC,8-Speed Automatic,Stormy Sea,Black,None Reported,Unknown,27450.0,2.5,,2,2.0168,4537.0,0,0,0,0.0272
Lamborghini,Urus Base,2019,16876.0,Gasoline,4.0L V8 32V GDI DOHC Twin Turbo,8-Speed Automatic,Gray,Brown,None Reported,Unknown,209900.0,4.0,,5,12.437,2813.0,0,0,0,0.0844
Ford,Expedition Timberline,2023,8911.0,Gasoline,3.5L V6 24V PDI DOHC Twin Turbo,10-Speed Automatic,Dark Matter Metallic,Black Onyx,At Least 1 Accident Or Damage Reported,Yes,77430.0,3.5,,1,8.6883,4456.0,0,1,0,0.0089
Chevrolet,Silverado 1500 Lt Trail Boss,2021,48641.0,Gasoline,5.3L V8 16V GDI OHV,10-Speed Automatic,Silver Ice Metallic,Jet Black,None Reported,Unknown,43666.0,5.3,,3,0.8977,12160.0,0,0,0,0.1459
Gmc,Sierra 1500 Slt,2021,11250.0,Gasoline,420.0HP 6.2L 8 Cylinder Engine Gasoline Fuel,A/T,White,Black,None Reported,Yes,70250.0,6.2,8.0,3,6.2439,2812.0,0,0,0,0.0338
Ford,Mustang Premium,2007,126000.0,Gasoline,210.0HP 4.0L V6 Cylinder Engine Gasoline Fuel,A/T,Red,Black,None Reported,Yes,9000.0,4.0,6.0,17,0.0714,7000.0,0,0,0,2.142
Bmw,M5 Base,2008,77750.0,Gasoline,500.0HP 5.0L 10 Cylinder Engine Gasoline Fuel,7-Speed A/T,Silver,Silver,None Reported,Yes,21000.0,5.0,10.0,16,0.2701,4574.0,1,0,0,1.244
Toyota,Tacoma Sr,2020,27363.0,Gasoline,278.0HP 3.5L V6 Cylinder Engine Gasoline Fuel,6-Speed A/T,Gray,Gray,None Reported,Yes,35000.0,3.5,6.0,4,1.2791,5473.0,0,0,0,0.1095
Porsche,Cayenne Base,2019,30951.0,Gasoline,3.0L V6 24V GDI DOHC Turbo,8-Speed Automatic,White,Black,None Reported,Yes,80140.0,3.0,,5,2.5892,5158.0,1,0,0,0.1548
Ford,F-150 Lightning Xlt,2023,208.0,Gasoline,563.0HP Electric Motor Electric Fuel System,A/T,Gray,Gold,None Reported,Yes,89000.0,,,1,425.8373,104.0,0,0,0,0.0002
Dodge,Durango Gt,2021,20386.0,Gasoline,3.6L V6 24V MPFI DOHC,8-Speed Automatic,Billet Clearcoat Metallic,Black,None Reported,Unknown,32999.0,3.6,,3,1.6186,5096.0,0,0,0,0.0612
Bmw,330E Iperformance,2018,45253.0,Plug-In Hybrid,247.0HP 2.0L 4 Cylinder Engine Plug-In Electric/Gas,Transmission W/Dual Shift Mode,Black,Black,None Reported,Yes,24995.0,2.0,4.0,6,0.5523,6465.0,1,0,1,0.2715
Gmc,Terrain Denali,2016,144000.0,Gasoline,301.0HP 3.6L V6 Cylinder Engine Gasoline Fuel,6-Speed A/T,White,Black,None Reported,Yes,18400.0,3.6,6.0,8,0.1278,16000.0,0,0,0,1.152
Ford,Excursion Limited,2004,76163.0,Diesel,325.0HP 6.0L 8 Cylinder Engine Diesel Fuel,5-Speed A/T,Gold,Gold,None Reported,Yes,20500.0,6.0,8.0,20,0.2692,3627.0,0,0,0,1.5233
Hyundai,Genesis 3.8,2015,61300.0,Gasoline,311.0HP 3.8L V6 Cylinder Engine Gasoline Fuel,8-Speed A/T,Silver,Gray,Unknown,Unknown,20150.0,3.8,6.0,9,0.3287,6130.0,0,0,0,0.5517
Mitsubishi,Mirage Es,2017,35698.0,Gasoline,78.0HP 1.2L 3 Cylinder Engine Gasoline Fuel,A/T,Blue,Black,None Reported,Yes,8750.0,1.2,3.0,7,0.2451,4462.0,0,0,0,0.2499
Mercedes-Benz,E-Class E 350 4Matic,2010,27000.0,Gasoline,268.0HP 3.5L V6 Cylinder Engine Gasoline Fuel,7-Speed A/T,Black,Black,None Reported,Yes,22500.0,3.5,6.0,14,0.8333,1800.0,1,0,0,0.378
Mazda,Mazda3 I Sport,2015,162000.0,Gasoline,155.0HP 2.0L 4 Cylinder Engine Gasoline Fuel,Transmission W/Dual Shift Mode,Red,Black,None Reported,Yes,11500.0,2.0,4.0,9,0.071,16200.0,0,0,0,1.458
Bmw,M3 Base,2008,77800.0,Gasoline,414.0HP 4.0L 8 Cylinder Engine Gasoline Fuel,M/T,Red,Black,None Reported,Yes,28500.0,4.0,8.0,16,0.3663,4576.0,1,0,0,1.2448
Mercedes-Benz,E-Class E 350,2014,55000.0,Gasoline,302.0HP 3.5L V6 Cylinder Engine Gasoline Fuel,A/T,Black,Black,None Reported,Yes,19250.0,3.5,6.0,10,0.35,5000.0,1,0,0,0.55
Ford,Bronco Outer Banks Advanced,2022,12000.0,Gasoline,315.0HP 2.7L V6 Cylinder Engine Gasoline Fuel,10-Speed A/T,Gray,Brown,At Least 1 Accident Or Damage Reported,Yes,65999.0,2.7,6.0,2,5.4995,4000.0,0,1,0,0.024
Tesla,Model X 75D,2017,70579.0,Gasoline,518.0HP Electric Motor Electric Fuel System,A/T,Black,White,None Reported,Yes,42250.0,,,7,0.5986,8822.0,0,0,0,0.4941
Jeep,Wrangler Unlimited Sport,2010,107000.0,Gasoline,205.0HP 3.8L V6 Cylinder Engine Gasoline Fuel,A/T,White,Gray,At Least 1 Accident Or Damage Reported,Yes,17500.0,3.8,6.0,14,0.1635,7133.0,0,1,0,1.498
Honda,Pilot Elite,2021,42653.0,Gasoline,3.5L V6 24V GDI SOHC,9-Speed Automatic,Gray,Black,None Reported,Unknown,38998.0,3.5,,3,0.9143,10663.0,0,0,0,0.128
Acura,Tl 3.2,2008,193783.0,Gasoline,258.0HP 3.2L V6 Cylinder Engine Gasoline Fuel,A/T,Black,Black,At Least 1 Accident Or Damage Reported,Yes,10000.0,3.2,6.0,16,0.0516,11399.0,0,1,0,3.1005
Lexus,Is 350 Base,2014,123000.0,Gasoline,306.0HP 3.5L V6 Cylinder Engine Gasoline Fuel,6-Speed A/T,Red,Black,At Least 1 Accident Or Damage Reported,Yes,18000.0,3.5,6.0,10,0.1463,11182.0,1,1,0,1.23
Chevrolet,Equinox Lt,2011,130000.0,Gasoline,264.0HP 3.0L V6 Cylinder Engine Gasoline Fuel,6-Speed A/T,Brown,Black,At Least 1 Accident Or Damage Reported,Yes,7000.0,3.0,6.0,13,0.0538,9286.0,0,1,0,1.69
Mitsubishi,Lancer De,2009,143346.0,Gasoline,152.0HP 2.0L 4 Cylinder Engine Gasoline Fuel,5-Speed M/T,Black,Black,At Least 1 Accident Or Damage Reported,Yes,3000.0,2.0,4.0,15,0.0209,8959.0,0,1,0,2.1502
Land,Rover Lr2 Base,2015,112465.0,Gasoline,240.0HP 2.0L 4 Cylinder Engine Gasoline Fuel,6-Speed A/T,White,Beige,None Reported,Yes,11995.0,2.0,4.0,9,0.1067,11246.0,0,0,0,1.0122
Nissan,Leaf Sv Plus,2023,5121.0,Gasoline,Electric,1-Speed Automatic,Brilliant Silver Metallic,Black,None Reported,Yes,28196.0,,,1,5.5049,2560.0,0,0,0,0.0051
Audi,A5 2.0T Premium,2012,137273.0,Gasoline,211.0HP 2.0L 4 Cylinder Engine Gasoline Fuel,A/T,White,Beige,None Reported,Yes,11000.0,2.0,4.0,12,0.0801,10559.0,1,0,0,1.6473
Rivian,R1S Launch Edition,2023,299.0,Gasoline,835.0HP Electric Motor Electric Fuel System,1-Speed A/T,Blue,Gray,None Reported,Yes,92500.0,,,1,308.3333,150.0,0,0,0,0.0003
Lexus,Rx 450H Base,2018,70780.0,Hybrid,308.0HP 3.5L V6 Cylinder Engine Gas/Electric Hybrid,Cvt Transmission,Silver,Gray,None Reported,Yes,35700.0,3.5,6.0,6,0.5044,10111.0,1,0,1,0.4247
Chevrolet,Tahoe Lt,2018,55000.0,Gasoline,355.0HP 5.3L 8 Cylinder Engine Gasoline Fuel,6-Speed A/T,Black,Black,None Reported,Yes,37900.0,5.3,8.0,6,0.6891,7857.0,0,0,0,0.33
Mercedes-Benz,G-Class G 550 4Matic,2017,23151.0,Gasoline,416.0HP 4.0L 8 Cylinder Engine Gasoline Fuel,7-Speed A/T,Gray,Black,None Reported,Yes,84500.0,4.0,8.0,7,3.6498,2894.0,1,0,0,0.1621
Cadillac,Xts Luxury,2013,152000.0,Gasoline,304.0HP 3.6L V6 Cylinder Engine Gasoline Fuel,A/T,Black,Gray,At Least 1 Accident Or Damage Reported,Yes,8500.0,3.6,6.0,11,0.0559,12667.0,1,1,0,1.672
Infiniti,Q50 3.0T Red Sport 400,2020,23344.0,Gasoline,3.0L V6 24V GDI DOHC Twin Turbo,7-Speed Automatic,Liquid Platinum,White,None Reported,Unknown,36999.0,3.0,,4,1.5849,4669.0,0,0,0,0.0934
Subaru,Outback 3.6R Limited,2016,87092.0,Gasoline,256.0HP 3.6L Flat 6 Cylinder Engine Gasoline Fuel,A/T,Blue,Black,At Least 1 Accident Or Damage Reported,Yes,19500.0,3.6,6.0,8,0.2239,9677.0,0,1,0,0.6967
Toyota,Avalon Xls,2004,90625.0,Gasoline,210.0HP 3.0L V6 Cylinder Engine Gasoline Fuel,A/T,Gray,Gray,None Reported,Yes,5500.0,3.0,6.0,20,0.0607,4315.0,0,0,0,1.8125
Chevrolet,Traverse Rs,2021,44373.0,Gasoline,310.0HP 3.6L V6 Cylinder Engine Gasoline Fuel,9-Speed A/T,Silver,Black,None Reported,Yes,36000.0,3.6,6.0,3,0.8113,11093.0,0,0,0,0.1331
Bmw,330 I,2021,26000.0,Gasoline,255.0HP 2.0L 4 Cylinder Engine Gasoline Fuel,Transmission W/Dual Shift Mode,Black,Black,None Reported,Yes,37000.0,2.0,4.0,3,1.423,6500.0,1,0,0,0.078
Karma,Revero Base,2018,20760.0,Gasoline,403.0HP 2.0L Electric Motor Electric Fuel System,A/T,White,Black,None Reported,Yes,55500.0,2.0,,6,2.6733,2966.0,0,0,0,0.1246
Lexus,Gx 460 Base,2021,39102.0,Gasoline,4.6 Liter,Automatic,Silver,Rioja Red,None Reported,Unknown,51798.0,,,3,1.3247,9776.0,1,0,0,0.1173
Alfa,Romeo Stelvio Ti Sport,2019,39615.0,Gasoline,"2L I-4 gasoline direct injection, MultiAir2 variable valve contr","Automatic, 8-Spd",Vulcano Black Metallic,Red/Black,None Reported,Unknown,28900.0,2.0,,5,0.7295,6602.0,0,0,0,0.1981
Gmc,Sierra 2500 Base,2019,58000.0,E85 Flex Fuel,360.0HP 6.0L 8 Cylinder Engine Flex Fuel Capability,A/T,Silver,Beige,None Reported,Yes,36500.0,6.0,8.0,5,0.6293,9667.0,0,0,0,0.29
Lexus,Is 250 Base,2013,148000.0,Gasoline,204.0HP 2.5L V6 Cylinder Engine Gasoline Fuel,6-Speed A/T,Gray,Black,At Least 1 Accident Or Damage Reported,Yes,10000.0,2.5,6.0,11,0.0676,12333.0,1,1,0,1.628
Porsche,Panamera 2,2011,104000.0,Gasoline,300.0HP 3.6L V6 Cylinder Engine Gasoline Fuel,7-Speed A/T,White,Black,None Reported,Yes,20900.0,3.6,6.0,13,0.201,7429.0,1,0,0,1.352
Bmw,535 I Xdrive,2013,46150.0,Gasoline,306.0HP 3.0L Straight 6 Cylinder Engine Gasoline Fuel,Transmission W/Dual Shift Mode,Silver,Black,At Least 1 Accident Or Damage Reported,Yes,17000.0,3.0,6.0,11,0.3684,3846.0,1,1,0,0.5077
Chevrolet,Silverado 2500 High Country,2022,18860.0,Diesel,445.0HP 6.6L 8 Cylinder Engine Diesel Fuel,10-Speed A/T,Blue,Gray,None Reported,Yes,74500.0,6.6,8.0,2,3.9499,6287.0,0,0,0,0.0377
Mercedes-Benz,Amg C 63 Base,2017,28399.0,Gasoline,469.0HP 4.0L 8 Cylinder Engine Gasoline Fuel,7-Speed A/T,Gray,Black,None Reported,Yes,55600.0,4.0,8.0,7,1.9577,3550.0,1,0,0,0.1988
Jeep,Wrangler Sahara,1998,136500.0,Gasoline,181.0HP 4.0L Straight 6 Cylinder Engine Gasoline Fuel,5-Speed M/T,Black,Black,None Reported,Yes,6999.0,4.0,6.0,26,0.0513,5056.0,0,0,0,3.549
Porsche,Boxster S,2005,95170.0,Gasoline,280.0HP 3.2L Flat 6 Cylinder Engine Gasoline Fuel,6-Speed M/T,Blue,Gray,None Reported,Yes,24900.0,3.2,6.0,19,0.2616,4758.0,1,0,0,1.8082
Bmw,M3 Base,2006,95450.0,Gasoline,333.0HP 3.2L Straight 6 Cylinder Engine Gasoline Fuel,6-Speed M/T,Gray,Gray,At Least 1 Accident Or Damage Reported,Yes,42000.0,3.2,6.0,18,0.44,5024.0,1,1,0,1.7181
Chevrolet,Camaro Lt1,2022,7652.0,Gasoline,6.2 Liter,Automatic,Blue,Jet Black,None Reported,Unknown,39998.0,,,2,5.2264,2551.0,0,0,0,0.0153
Bmw,535 I Xdrive,2011,169000.0,Gasoline,300.0HP 3.0L Straight 6 Cylinder Engine Gasoline Fuel,Transmission W/Dual Shift Mode,Black,White,At Least 1 Accident Or Damage Reported,Yes,10999.0,3.0,6.0,13,0.0651,12071.0,1,1,0,2.197
Ram,1500 Laramie,2022,16744.0,Gasoline,5.7L V8 16V MPFI OHV,8-Speed Automatic,Delmonico Red Pearlcoat,Black,None Reported,Unknown,46999.0,5.7,,2,2.8067,5581.0,0,0,0,0.0335
Chevrolet,Express 1500 Cargo,2004,152000.0,Gasoline,195.0HP 4.3L V6 Cylinder Engine Gasoline Fuel,A/T,White,Gray,At Least 1 Accident Or Damage Reported,Yes,7999.0,4.3,6.0,20,0.0526,7238.0,0,1,0,3.04
Bmw,X7 Xdrive40I,2020,46000.0,Gasoline,335.0HP 3.0L Straight 6 Cylinder Engine Gasoline Fuel,Transmission W/Dual Shift Mode,Black,Black,None Reported,Yes,54999.0,3.0,6.0,4,1.1956,9200.0,1,0,0,0.184
Bmw,X7 Xdrive40I,2022,8000.0,Hybrid,335.0HP 3.0L Straight 6 Cylinder Engine Gasoline/Mild Electric Hybrid,A/T,Blue,Brown,None Reported,Yes,85000.0,3.0,6.0,2,10.6237,2667.0,1,0,1,0.016
Chevrolet,Silverado 2500 Lt,2016,84421.0,E85 Flex Fuel,360.0HP 6.0L 8 Cylinder Engine Flex Fuel Capability,6-Speed A/T,White,Black,None Reported,Yes,36800.0,6.0,8.0,8,0.4359,9380.0,0,0,0,0.6754
Mercedes-Benz,Maybach S 580 4Matic,2022,4760.0,Gasoline,4.0L V8 32V GDI DOHC Twin Turbo,9-Speed Automatic,Diamond White,Black,None Reported,Yes,229000.0,4.0,,2,48.0991,1587.0,1,0,0,0.0095
Gmc,Sierra 1500 Denali,2021,44691.0,Gasoline,6.2L V8 16V GDI OHV,10-Speed Automatic,White Frost Tri-Coat,Walnut,At Least 1 Accident Or Damage Reported,Unknown,56900.0,6.2,,3,1.2732,11173.0,0,1,0,0.1341
Mitsubishi,Outlander Sel,2022,11700.0,Gasoline,181.0HP 2.5L 4 Cylinder Engine Gasoline Fuel,A/T,White,Black,None Reported,Yes,33000.0,2.5,4.0,2,2.8203,3900.0,0,0,0,0.0234
Ford,Shelby Gt350 Base,2019,2800.0,Gasoline,526.0HP 5.2L 8 Cylinder Engine Gasoline Fuel,6-Speed M/T,Black,Black,None Reported,Yes,91000.0,5.2,8.0,5,32.4884,467.0,0,0,0,0.014
Mini,Cooper Base,2010,58000.0,Gasoline,118.0HP 1.6L 4 Cylinder Engine Gasoline Fuel,6-Speed A/T,Gold,Black,None Reported,Yes,8000.0,1.6,4.0,14,0.1379,3867.0,0,0,0,0.812
Toyota,Prius Touring,2009,142500.0,Hybrid,76.0HP 1.5L 4 Cylinder Engine Gas/Electric Hybrid,A/T,Blue,Beige,None Reported,Yes,6999.0,1.5,4.0,15,0.0491,8906.0,0,0,1,2.1375
Cadillac,Escalade Esv Base,2007,191900.0,Gasoline,403.0HP 6.2L 8 Cylinder Engine Gasoline Fuel,A/T,Black,Black,At Least 1 Accident Or Damage Reported,Yes,9750.0,6.2,8.0,17,0.0508,10661.0,1,1,0,3.2623
Audi,A6 2.0T Premium Plus,2016,63398.0,Gasoline,252.0HP 2.0L 4 Cylinder Engine Gasoline Fuel,A/T,White,Gray,At Least 1 Accident Or Damage Reported,Yes,19500.0,2.0,4.0,8,0.3076,7044.0,1,1,0,0.5072
Chevrolet,Suburban 1500 Lt,2008,162750.0,Gasoline,320.0HP 5.3L 8 Cylinder Engine Gasoline Fuel,Transmission Overdrive Switch,White,Black,At Least 1 Accident Or Damage Reported,Yes,7200.0,5.3,8.0,16,0.0442,9574.0,0,1,0,2.604
Jaguar,Xk R,2012,38383.0,Gasoline,510.0HP 5.0L 8 Cylinder Engine Gasoline Fuel,6-Speed A/T,White,Black,None Reported,Yes,36949.0,5.0,8.0,12,0.9626,2953.0,0,0,0,0.4606
Porsche,911 Carrera Gts,2022,1837.0,Gasoline,3.0L H6 24V GDI DOHC Twin Turbo,8-Speed Automatic With Auto-Shift,Aventurine Green Metallic,Agave Green,None Reported,Unknown,179900.0,3.0,,2,97.8781,612.0,1,0,0,0.0037
Ford,F-250 Xlt,2022,36294.0,Diesel,6.7L V8 32V DDI OHV Turbo Diesel,Automatic,Oxford White,Medium Earth Gray,Unknown,Unknown,77535.0,6.7,,2,2.1362,12098.0,0,0,0,0.0726
Audi,A4 2.0T Premium,2011,90818.0,Gasoline,211.0HP 2.0L 4 Cylinder Engine Gasoline Fuel,A/T,White,Black,At Least 1 Accident Or Damage Reported,Yes,8300.0,2.0,4.0,13,0.0914,6487.0,1,1,0,1.1806
Cadillac,Ats 2.0L Turbo,2018,32000.0,Gasoline,272.0HP 2.0L 4 Cylinder Engine Gasoline Fuel,A/T,Gray,Black,None Reported,Yes,22999.0,2.0,4.0,6,0.7187,4571.0,1,0,0,0.192
Ford,Transit-350 Base,2019,94650.0,Gasoline,275.0HP 3.7L V6 Cylinder Engine Gasoline Fuel,6-Speed A/T,White,–,None Reported,Yes,37000.0,3.7,6.0,5,0.3909,15775.0,0,0,0,0.4732
Mercedes-Benz,G-Class G 63 Amg,2014,49899.0,Gasoline,536.0HP 5.5L 8 Cylinder Engine Gasoline Fuel,A/T,White,Black,None Reported,Yes,72999.0,5.5,8.0,10,1.4629,4536.0,1,0,0,0.499
Jeep,Wrangler Sahara,2011,55000.0,Gasoline,202.0HP 3.8L V6 Cylinder Engine Gasoline Fuel,4-Speed A/T,Red,Black,At Least 1 Accident Or Damage Reported,Yes,35000.0,3.8,6.0,13,0.6364,3929.0,0,1,0,0.715
Bmw,M4 Base,2015,23700.0,Gasoline,425.0HP 3.0L Straight 6 Cylinder Engine Gasoline Fuel,Transmission W/Dual Shift Mode,Black,Black,None Reported,Yes,42800.0,3.0,6.0,9,1.8058,2370.0,1,0,0,0.2133
Tesla,Model S P100D,2018,46000.0,Gasoline,518.0HP Electric Motor Electric Fuel System,A/T,White,Black,None Reported,Yes,59500.0,,,6,1.2935,6571.0,0,0,0,0.276
Maserati,Ghibli S Granlusso,2020,12118.0,Gasoline,424.0HP 3.0L V6 Cylinder Engine Gasoline Fuel,8-Speed A/T,Blue,Brown,None Reported,Yes,52900.0,3.0,6.0,4,4.365,2424.0,0,0,0,0.0485
Pontiac,Firebird Trans Am,2001,64000.0,Gasoline,310.0HP 5.7L 8 Cylinder Engine Gasoline Fuel,6-Speed M/T,Blue,Beige,None Reported,Yes,21000.0,5.7,8.0,23,0.3281,2667.0,0,0,0,1.472
Ford,Expedition Xlt,2022,22169.0,Gasoline,3.5L V6 24V PDI DOHC Twin Turbo,10-Speed Automatic,Black,Sandstone,None Reported,Yes,57352.0,3.5,,2,2.5869,7390.0,0,0,0,0.0443
Tesla,Model X Long Range Plus,2021,46897.0,Gasoline,557.0HP Electric Motor Electric Fuel System,A/T,Blue,Black,None Reported,Yes,69000.0,,,3,1.4713,11724.0,0,0,0,0.1407
Land,Rover Range Rover P400 Se Swb,2022,3369.0,Hybrid,395.0HP 3.0L Straight 6 Cylinder Engine Gasoline/Mild Electric Hybrid,A/T,White,Black,None Reported,Yes,139500.0,3.0,6.0,2,41.3947,1123.0,0,0,1,0.0067
Bmw,535 I Xdrive,2011,135000.0,Gasoline,300.0HP 3.0L Straight 6 Cylinder Engine Gasoline Fuel,8-Speed A/T,Blue,Beige,None Reported,Yes,9999.0,3.0,6.0,13,0.0741,9643.0,1,0,0,1.755
Bmw,428 I Xdrive,2015,125000.0,Gasoline,240.0HP 2.0L 4 Cylinder Engine Gasoline Fuel,A/T,White,Black,None Reported,Yes,15000.0,2.0,4.0,9,0.12,12500.0,1,0,0,1.125
Cadillac,Escalade Esv Platinum,2017,134000.0,Gasoline,420.0HP 6.2L 8 Cylinder Engine Gasoline Fuel,8-Speed A/T,Gold,Brown,None Reported,Yes,32999.0,6.2,8.0,7,0.2463,16750.0,1,0,0,0.938
Bmw,X5 Xdrive35I,2014,143250.0,Gasoline,300.0HP 3.0L Straight 6 Cylinder Engine Gasoline Fuel,8-Speed A/T,Black,White,None Reported,Yes,12999.0,3.0,6.0,10,0.0907,13023.0,1,0,0,1.4325
Lexus,Gx 460 Premium,2017,82975.0,Gasoline,301.0HP 4.6L 8 Cylinder Engine Gasoline Fuel,A/T,White,Beige,None Reported,Yes,31000.0,4.6,8.0,7,0.3736,10372.0,1,0,0,0.5808
Mini,Countryman Cooper S All4,2016,91700.0,Gasoline,181.0HP 1.6L 4 Cylinder Engine Gasoline Fuel,6-Speed M/T,White,Black,None Reported,Yes,13999.0,1.6,4.0,8,0.1527,10189.0,0,0,0,0.7336
Ford,F-150 Xlt,2018,72393.0,Gasoline,325.0HP 2.7L V6 Cylinder Engine Gasoline Fuel,10-Speed A/T,Black,Black,None Reported,Yes,35000.0,2.7,6.0,6,0.4835,10342.0,0,0,0,0.4344
Infiniti,Qx60 Base,2016,71000.0,Gasoline,265.0HP 3.5L V6 Cylinder Engine Gasoline Fuel,A/T,Black,Black,None Reported,Yes,21500.0,3.5,6.0,8,0.3028,7889.0,0,0,0,0.568
Lexus,Rx 350 Base,2012,160900.0,Gasoline,270.0HP 3.5L V6 Cylinder Engine Gasoline Fuel,6-Speed A/T,Silver,Gray,None Reported,Yes,15000.0,3.5,6.0,12,0.0932,12377.0,1,0,0,1.9308
Dodge,Charger Scat Pack,2020,40208.0,Gasoline,485.0HP 6.4L 8 Cylinder Engine Gasoline Fuel,8-Speed A/T,Red,Black,At Least 1 Accident Or Damage Reported,Yes,38000.0,6.4,8.0,4,0.9451,8042.0,0,1,0,0.1608
Lexus,Is 350 Base,2017,77300.0,Gasoline,306.0HP 3.5L V6 Cylinder Engine Gasoline Fuel,6-Speed A/T,White,Black,None Reported,Yes,30000.0,3.5,6.0,7,0.3881,9662.0,1,0,0,0.5411
Nissan,Nv200 Sv,2017,16700.0,Gasoline,131.0HP 2.0L 4 Cylinder Engine Gasoline Fuel,A/T,White,Black,None Reported,Yes,26500.0,2.0,4.0,7,1.5867,2088.0,0,0,0,0.1169
Subaru,Impreza 2.0I Premium,2013,112000.0,Gasoline,148.0HP 2.0L 4 Cylinder Engine Gasoline Fuel,Cvt Transmission,Black,Beige,None Reported,Yes,9999.0,2.0,4.0,11,0.0893,9333.0,0,0,0,1.232
Bmw,M3 Base,2016,55250.0,Gasoline,425.0HP 3.0L Straight 6 Cylinder Engine Gasoline Fuel,6-Speed M/T,Blue,White,None Reported,Yes,49999.0,3.0,6.0,8,0.9049,6139.0,1,0,0,0.442
Infiniti,Qx80 Luxe,2020,69000.0,Gasoline,400.0HP 5.6L 8 Cylinder Engine Gasoline Fuel,A/T,Gray,Black,None Reported,Yes,31450.0,5.6,8.0,4,0.4558,13800.0,0,0,0,0.276
Ford,Mustang Gt Premium,2016,40570.0,Gasoline,435.0HP 5.0L 8 Cylinder Engine Gasoline Fuel,6-Speed M/T,Gray,Black,At Least 1 Accident Or Damage Reported,Yes,30490.0,5.0,8.0,8,0.7515,4508.0,0,1,0,0.3246
Toyota,Rav4 Trd Off Road,2020,46500.0,Gasoline,203.0HP 2.5L 4 Cylinder Engine Gasoline Fuel,8-Speed A/T,White,Black,None Reported,Yes,35200.0,2.5,4.0,4,0.757,9300.0,0,0,0,0.186
Honda,S2000 Base,2000,26900.0,Gasoline,240.0HP 2.0L 4 Cylinder Engine Gasoline Fuel,M/T,Silver,Red,None Reported,Yes,35000.0,2.0,4.0,24,1.3011,1076.0,0,0,0,0.6456
Jeep,Gladiator Sport,2021,5779.0,Gasoline,3.6L V6 24V MPFI DOHC,8-Speed Automatic,Firecracker Red Clearcoat,Black,Unknown,Unknown,41329.0,3.6,,3,7.1503,1445.0,0,0,0,0.0173
Ford,Bronco Big Bend Advanced,2023,12000.0,Gasoline,275.0HP 2.3L 4 Cylinder Engine Gasoline Fuel,10-Speed A/T,Black,–,None Reported,Yes,54000.0,2.3,4.0,1,4.4996,6000.0,0,0,0,0.012
Ford,Expedition Timberline,2022,30301.0,Gasoline,3.5L V6 24V PDI DOHC Twin Turbo,10-Speed Automatic,Dark Matter Metallic,Deep Cypress,None Reported,Yes,68420.0,3.5,,2,2.2579,10100.0,0,0,0,0.0606
Toyota,Sequoia Trd Pro,2023,600.0,Hybrid,437.0HP 3.4L V6 Cylinder Engine Gas/Electric Hybrid,10-Speed A/T,Orange,Black,None Reported,Yes,91995.0,3.4,6.0,1,153.0699,300.0,0,0,1,0.0006
Plymouth,Prowler Base,2001,22300.0,Gasoline,253.0HP 3.5L V6 Cylinder Engine Gasoline Fuel,4-Speed A/T,Blue,Gray,None Reported,Yes,28500.0,3.5,6.0,23,1.278,929.0,0,0,0,0.5129
Alfa,Romeo Giulia Ti,2023,9275.0,Gasoline,2.0L I4 16V GDI SOHC Turbo,8-Speed Automatic,Alfa White,Black,None Reported,Unknown,43900.0,2.0,,1,4.7326,4638.0,0,0,0,0.0093
Chevrolet,Suburban 1500 Ls,2004,171750.0,E85 Flex Fuel,295.0HP 5.3L 8 Cylinder Engine Flex Fuel Capability,4-Speed A/T,White,Beige,At Least 1 Accident Or Damage Reported,Yes,12998.0,5.3,8.0,20,0.0757,8179.0,0,1,0,3.435
Mitsubishi,Lancer Evolution Gsr,2013,76500.0,Gasoline,291.0HP 2.0L 4 Cylinder Engine Gasoline Fuel,5-Speed M/T,Black,Black,None Reported,Yes,28000.0,2.0,4.0,11,0.366,6375.0,0,0,0,0.8415
Mercedes-Benz,Amg Gle 43 Coupe 4Matic,2018,49000.0,Gasoline,385.0HP 3.0L V6 Cylinder Engine Gasoline Fuel,9-Speed A/T,Blue,Brown,At Least 1 Accident Or Damage Reported,Yes,42995.0,3.0,6.0,6,0.8774,7000.0,1,1,0,0.294
Audi,R8 5.2 Quattro Spyder,2011,75000.0,Gasoline,525.0HP 5.2L 10 Cylinder Engine Gasoline Fuel,Transmission W/Dual Shift Mode,White,Brown,At Least 1 Accident Or Damage Reported,Yes,74000.0,5.2,10.0,13,0.9867,5357.0,1,1,0,0.975
Ford,Escape Xlt,2007,133300.0,Gasoline,153.0HP 2.3L 4 Cylinder Engine Gasoline Fuel,4-Speed A/T,Silver,Silver,None Reported,Yes,3000.0,2.3,4.0,17,0.0225,7406.0,0,0,0,2.2661
Bmw,X5 3.0Si,2007,99700.0,Gasoline,260.0HP 3.0L Straight 6 Cylinder Engine Gasoline Fuel,6-Speed A/T,Black,Black,None Reported,Yes,8500.0,3.0,6.0,17,0.0853,5539.0,1,0,0,1.6949
Chevrolet,Camaro 2Lt,2011,126700.0,Gasoline,312.0HP 3.6L V6 Cylinder Engine Gasoline Fuel,Transmission W/Dual Shift Mode,White,Beige,At Least 1 Accident Or Damage Reported,Yes,14000.0,3.6,6.0,13,0.1105,9050.0,0,1,0,1.6471
Bmw,340 I,2016,28000.0,Gasoline,320.0HP 3.0L Straight 6 Cylinder Engine Gasoline Fuel,6-Speed M/T,Black,Red,None Reported,Yes,36995.0,3.0,6.0,8,1.3212,3111.0,1,0,0,0.224
Mercedes-Benz,Sl-Class Sl 550,2012,21300.0,Gasoline,382.0HP 5.5L 8 Cylinder Engine Gasoline Fuel,7-Speed A/T,Silver,Red,At Least 1 Accident Or Damage Reported,Yes,38500.0,5.5,8.0,12,1.8074,1638.0,1,1,0,0.2556
Cadillac,Escalade Platinum,2019,92000.0,Gasoline,420.0HP 6.2L 8 Cylinder Engine Gasoline Fuel,A/T,Black,Black,None Reported,Yes,51900.0,6.2,8.0,5,0.5641,15333.0,1,0,0,0.46
Chevrolet,Silverado 3500 Ltz,2018,92149.0,Diesel,6.6L V8 32V DDI OHV Turbo Diesel,6-Speed Automatic,Black,Jet Black,Unknown,Unknown,52889.0,6.6,,6,0.5739,13164.0,0,0,0,0.5529
Lexus,Rc F Base,2015,25756.0,Gasoline,467.0HP 5.0L 8 Cylinder Engine Gasoline Fuel,8-Speed A/T,Black,Black,None Reported,Yes,49995.0,5.0,8.0,9,1.941,2576.0,1,0,0,0.2318
Kia,Forte Gt-Line,2021,24534.0,Gasoline,147.0HP 2.0L 4 Cylinder Engine Gasoline Fuel,Cvt Transmission,White,Black,None Reported,Yes,21900.0,2.0,4.0,3,0.8926,6134.0,0,0,0,0.0736
Land,Rover Range Rover Sport Supercharged Dynamic,2018,58100.0,Gasoline,518.0HP 5.0L 8 Cylinder Engine Gasoline Fuel,8-Speed A/T,Red,Black,None Reported,Yes,53499.0,5.0,8.0,6,0.9208,8300.0,0,0,0,0.3486
Nissan,Titan S,2017,20220.0,Gasoline,390.0HP 5.6L 8 Cylinder Engine Gasoline Fuel,7-Speed A/T,White,Gray,None Reported,Yes,32324.0,5.6,8.0,7,1.5985,2528.0,0,0,0,0.1415
Honda,Accord Ex-L 2.0T,2019,40069.0,Gasoline,252.0HP 2.0L 4 Cylinder Engine Gasoline Fuel,A/T,White,Black,At Least 1 Accident Or Damage Reported,Yes,27500.0,2.0,4.0,5,0.6863,6678.0,0,1,0,0.2003
Subaru,Wrx Base,2017,60930.0,Gasoline,268.0HP 2.0L 4 Cylinder Engine Gasoline Fuel,6-Speed M/T,Blue,Black,None Reported,Yes,23750.0,2.0,4.0,7,0.3898,7616.0,0,0,0,0.4265
Audi,A4 2.0T Titanium Premium,2019,7300.0,Gasoline,188.0HP 2.0L 4 Cylinder Engine Gasoline Fuel,7-Speed A/T,White,Gray,None Reported,Yes,27900.0,2.0,4.0,5,3.8214,1217.0,1,0,0,0.0365
Ford,Mustang Ecoboost Premium,2018,34000.0,–,–,A/T,Blue,Gray,At Least 1 Accident Or Damage Reported,Yes,25000.0,,,6,0.7353,4857.0,0,1,0,0.204
Chevrolet,Avalanche 1500 Ls,2012,56000.0,E85 Flex Fuel,320.0HP 5.3L 8 Cylinder Engine Flex Fuel Capability,A/T,Red,Black,At Least 1 Accident Or Damage Reported,Yes,18000.0,5.3,8.0,12,0.3214,4308.0,0,1,0,0.672
Mercedes-Benz,Cla-Class Cla 250,2014,136000.0,Gasoline,208.0HP 2.0L 4 Cylinder Engine Gasoline Fuel,Transmission W/Dual Shift Mode,Gray,Black,At Least 1 Accident Or Damage Reported,Yes,12000.0,2.0,4.0,10,0.0882,12364.0,1,1,0,1.36
Bmw,228 Gran Coupe I Xdrive,2020,31100.0,Gasoline,228.0HP 2.0L 4 Cylinder Engine Gasoline Fuel,8-Speed A/T,Blue,White,None Reported,Yes,26999.0,2.0,4.0,4,0.8681,6220.0,1,0,0,0.1244
Maserati,Granturismo Base,2012,12100.0,Gasoline,440.0HP 4.7L 8 Cylinder Engine Gasoline Fuel,Transmission W/Dual Shift Mode,Blue,Beige,None Reported,Yes,37900.0,4.7,8.0,12,3.132,931.0,0,0,0,0.1452
Ford,Expedition Platinum,2021,51902.0,Gasoline,3.5L V6 24V PDI DOHC Twin Turbo,10-Speed Automatic,Red,Ceramic,None Reported,Yes,57480.0,3.5,,3,1.1075,12976.0,0,0,0,0.1557
Audi,S4 Base,2007,93000.0,Gasoline,340.0HP 4.2L 8 Cylinder Engine Gasoline Fuel,6-Speed M/T,Black,Black,At Least 1 Accident Or Damage Reported,Yes,10995.0,4.2,8.0,17,0.1182,5167.0,1,1,0,1.581
Land,Rover Range Rover Sport Supercharged Hse,2016,99915.0,Gasoline,340.0HP 3.0L V6 Cylinder Engine Gasoline Fuel,A/T,Blue,White,At Least 1 Accident Or Damage Reported,Yes,26500.0,3.0,6.0,8,0.2652,11102.0,0,1,0,0.7993
Ford,Mustang Mach-E Gt,2022,7661.0,Gasoline,Electric,1-Speed Automatic,Star White,Black Onyx,None Reported,Unknown,49599.0,,,2,6.4734,2554.0,0,0,0,0.0153
Chevrolet,Tahoe Ltz,2007,177000.0,E85 Flex Fuel,320.0HP 5.3L 8 Cylinder Engine Flex Fuel Capability,4-Speed A/T,Gold,Beige,At Least 1 Accident Or Damage Reported,Yes,10750.0,5.3,8.0,17,0.0607,9833.0,0,1,0,3.009
Nissan,Xterra S,2008,100900.0,Gasoline,261.0HP 4.0L V6 Cylinder Engine Gasoline Fuel,A/T,Black,Gray,None Reported,Yes,6999.0,4.0,6.0,16,0.0694,5935.0,0,0,0,1.6144
Infiniti,Q60 3.0T Premium,2017,107380.0,Gasoline,300.0HP 3.0L V6 Cylinder Engine Gasoline Fuel,7-Speed A/T,Black,Gray,At Least 1 Accident Or Damage Reported,Yes,17500.0,3.0,6.0,7,0.163,13422.0,0,1,0,0.7517
Ford,F-150 Raptor,2021,32957.0,Gasoline,3.5L V6 24V PDI DOHC Twin Turbo,10-Speed Automatic,Oxford White,Black,None Reported,Unknown,77900.0,3.5,,3,2.3636,8239.0,0,0,0,0.0989
Acura,Tlx Base,2016,45000.0,Gasoline,206.0HP 2.4L 4 Cylinder Engine Gasoline Fuel,A/T,Gray,Blue,None Reported,Yes,16500.0,2.4,4.0,8,0.3667,5000.0,0,0,0,0.36
Nissan,Frontier Sv,2013,67000.0,Gasoline,261.0HP 4.0L V6 Cylinder Engine Gasoline Fuel,5-Speed A/T,Blue,Gray,None Reported,Yes,15500.0,4.0,6.0,11,0.2313,5583.0,0,0,0,0.737
Chevrolet,Camaro 1Ss,2021,12600.0,Gasoline,455.0HP 6.2L 8 Cylinder Engine Gasoline Fuel,6-Speed M/T,Gray,Black,None Reported,Yes,47000.0,6.2,8.0,3,3.7299,3150.0,0,0,0,0.0378
Porsche,Panamera 4,2018,24882.0,Gasoline,330.0HP 3.0L V6 Cylinder Engine Gasoline Fuel,Transmission W/Dual Shift Mode,White,Black,None Reported,Yes,59800.0,3.0,6.0,6,2.4032,3555.0,1,0,0,0.1493
Acura,Tlx Pmc Edition,2020,6900.0,Gasoline,290.0HP 3.5L V6 Cylinder Engine Gasoline Fuel,9-Speed A/T,Red,Black,None Reported,Yes,43500.0,3.5,6.0,4,6.3034,1380.0,0,0,0,0.0276
Kia,Sorento Ex V6,2019,66075.0,Gasoline,3.3L V6 24V GDI DOHC,8-Speed Automatic,Titanium Silver,Satin Black,None Reported,Unknown,23754.0,3.3,,5,0.3595,11012.0,0,0,0,0.3304
Hyundai,Palisade Sel,2021,68050.0,Gasoline,291.0HP 3.8L V6 Cylinder Engine Gasoline Fuel,8-Speed A/T,Black,Black,None Reported,Yes,29600.0,3.8,6.0,3,0.435,17012.0,0,0,0,0.2042
Ford,F-250 Lariat,2017,128000.0,Diesel,440.0HP 6.7L 8 Cylinder Engine Diesel Fuel,6-Speed A/T,Gray,Black,None Reported,Yes,50000.0,6.7,8.0,7,0.3906,16000.0,0,0,0,0.896
Bmw,430 I,2021,9472.0,Gasoline,255.0HP 2.0L 4 Cylinder Engine Gasoline Fuel,A/T,White,Blue,None Reported,Yes,51000.0,2.0,4.0,3,5.3837,2368.0,1,0,0,0.0284
Mitsubishi,Lancer Gts,2009,185963.0,Gasoline,168.0HP 2.4L 4 Cylinder Engine Gasoline Fuel,Cvt Transmission,Orange,Gray,At Least 1 Accident Or Damage Reported,Yes,5100.0,2.4,4.0,15,0.0274,11623.0,0,1,0,2.7894
Nissan,Nv200 S,2019,52000.0,Gasoline,131.0HP 2.0L 4 Cylinder Engine Gasoline Fuel,Cvt Transmission,Black,Gray,At Least 1 Accident Or Damage Reported,Yes,19500.0,2.0,4.0,5,0.375,8667.0,0,1,0,0.26
Buick,Enclave Leather,2015,68653.0,Gasoline,288.0HP 3.6L V6 Cylinder Engine Gasoline Fuel,6-Speed A/T,Blue,Black,At Least 1 Accident Or Damage Reported,Yes,18950.0,3.6,6.0,9,0.276,6865.0,0,1,0,0.6179
Lexus,Rx 330 Base,2004,151896.0,Gasoline,230.0HP 3.3L V6 Cylinder Engine Gasoline Fuel,A/T,Silver,Gray,None Reported,Yes,7900.0,3.3,6.0,20,0.052,7233.0,1,0,0,3.0379
Lexus,Rx 450H F Sport,2019,43671.0,Hybrid,3.5L V6 24V PDI DOHC Hybrid,Automatic Cvt,Caviar,Rioja Red,None Reported,Unknown,44950.0,3.5,,5,1.0293,7278.0,1,0,1,0.2184
Ford,F-250 Lariat,2017,72128.0,E85 Flex Fuel,6.2L V8 16V MPFI SOHC Flexible Fuel,6-Speed Automatic,White,Camel,Unknown,Unknown,45985.0,6.2,,7,0.6375,9016.0,0,0,0,0.5049
Kia,Forte Koup Ex,2013,134207.0,Gasoline,156.0HP 2.0L 4 Cylinder Engine Gasoline Fuel,A/T,Black,–,At Least 1 Accident Or Damage Reported,Yes,5500.0,2.0,4.0,11,0.041,11184.0,0,1,0,1.4763
Gmc,Terrain Sle,2020,26470.0,Gasoline,1.5L I4 16V GDI DOHC Turbo,9-Speed Automatic,Summit White,Jet Black,None Reported,Yes,29900.0,1.5,,4,1.1295,5294.0,0,0,0,0.1059
Porsche,Macan Base,2018,82300.0,Gasoline,252.0HP 2.0L 4 Cylinder Engine Gasoline Fuel,7-Speed A/T,Black,Black,None Reported,Yes,35000.0,2.0,4.0,6,0.4253,11757.0,1,0,0,0.4938
Lexus,Rc 350 Base,2015,124000.0,Gasoline,306.0HP 3.5L V6 Cylinder Engine Gasoline Fuel,Transmission W/Dual Shift Mode,Blue,Blue,None Reported,Yes,24000.0,3.5,6.0,9,0.1935,12400.0,1,0,0,1.116
Audi,S4 3.0T Premium Plus,2020,23823.0,Gasoline,3.0L V6 24V GDI DOHC Turbo,8-Speed Automatic,Tango Red Metallic,Black,None Reported,Yes,49995.0,3.0,,4,2.0985,4765.0,1,0,0,0.0953
Gmc,Yukon Slt,2002,222600.0,Gasoline,275.0HP 4.8L 8 Cylinder Engine Gasoline Fuel,4-Speed A/T,Gray,Beige,None Reported,Yes,4999.0,4.8,8.0,22,0.0225,9678.0,0,0,0,4.8972
Infiniti,Qx60 Base,2014,154247.0,Gasoline,265.0HP 3.5L V6 Cylinder Engine Gasoline Fuel,A/T,Black,Black,At Least 1 Accident Or Damage Reported,Yes,12500.0,3.5,6.0,10,0.081,14022.0,0,1,0,1.5425
Chevrolet,Silverado 2500 Ltz H/D Extended Cab,2008,128000.0,Gasoline,353.0HP 6.0L 8 Cylinder Engine Gasoline Fuel,6-Speed A/T,Beige,Black,None Reported,Yes,23500.0,6.0,8.0,16,0.1836,7529.0,0,0,0,2.048
Maserati,Granturismo Base,2008,70000.0,Gasoline,405.0HP 4.2L 8 Cylinder Engine Gasoline Fuel,A/T,Blue,Brown,At Least 1 Accident Or Damage Reported,Yes,13000.0,4.2,8.0,16,0.1857,4118.0,0,1,0,1.12
Acura,Integra Gs-R,1995,123000.0,–,–,5-Speed M/T,White,Blue,None Reported,Yes,10999.0,,,29,0.0894,4100.0,0,0,0,3.567
Bmw,X6 M Base,2016,52375.0,Gasoline,567.0HP 4.4L 8 Cylinder Engine Gasoline Fuel,8-Speed A/T,White,Brown,At Least 1 Accident Or Damage Reported,Yes,48600.0,4.4,8.0,8,0.9279,5819.0,1,1,0,0.419
Chrysler,300 S,2016,100574.0,Gasoline,300.0HP 3.6L V6 Cylinder Engine Gasoline Fuel,8-Speed A/T,Black,Black,At Least 1 Accident Or Damage Reported,Yes,17500.0,3.6,6.0,8,0.174,11175.0,0,1,0,0.8046
Chrysler,300 Base,2014,85000.0,Gasoline,292.0HP 3.6L V6 Cylinder Engine Gasoline Fuel,8-Speed A/T,White,–,At Least 1 Accident Or Damage Reported,Yes,11250.0,3.6,6.0,10,0.1324,7727.0,0,1,0,0.85
Acura,Rdx W/A-Spec Package,2023,3959.0,Gasoline,2.0 Liter DOHC Turbo,Automatic,White,Black,None Reported,Unknown,48998.0,,,1,12.3732,1980.0,0,0,0,0.004
Chevrolet,Corvette Stingray W/1Lt,2021,10400.0,Gasoline,490.0HP 6.2L 8 Cylinder Engine Gasoline Fuel,8-Speed A/T,Silver,Black,None Reported,Yes,72900.0,6.2,8.0,3,7.0089,2600.0,0,0,0,0.0312
Chevrolet,Camaro 1Ss,2019,19200.0,Gasoline,455.0HP 6.2L 8 Cylinder Engine Gasoline Fuel,6-Speed M/T,Orange,Black,None Reported,Yes,41500.0,6.2,8.0,5,2.1613,3200.0,0,0,0,0.096
Mercedes-Benz,E-Class E 350 4Matic,2013,81000.0,Gasoline,302.0HP 3.5L V6 Cylinder Engine Gasoline Fuel,A/T,Gray,Beige,At Least 1 Accident Or Damage Reported,Yes,13000.0,3.5,6.0,11,0.1605,6750.0,1,1,0,0.891
Ford,F-150 Raptor,2022,17451.0,Gasoline,3.5L V6 24V PDI DOHC Twin Turbo,10-Speed Automatic,Oxford White,Rhapsody Blue,None Reported,Unknown,77900.0,3.5,,2,4.4637,5817.0,0,0,0,0.0349
Nissan,Versa 1.8 S,2011,165000.0,Gasoline,122.0HP 1.8L 4 Cylinder Engine Gasoline Fuel,A/T,Black,–,None Reported,Yes,4000.0,1.8,4.0,13,0.0242,11786.0,0,0,0,2.145
Bmw,M3 Cs,2024,124.0,Gasoline,543.0HP 3.0L Straight 6 Cylinder Engine Gasoline Fuel,Transmission W/Dual Shift Mode,Green,Black,None Reported,Yes,145000.0,3.0,6.0,0,1160.0,124.0,1,0,0,0.0
Hyundai,Accent Gls,2013,117500.0,Gasoline,138.0HP 1.6L 4 Cylinder Engine Gasoline Fuel,6-Speed A/T,Silver,Gray,At Least 1 Accident Or Damage Reported,Yes,6500.0,1.6,4.0,11,0.0553,9792.0,0,1,0,1.2925
Mercedes-Benz,S-Class S 450 4Matic,2018,72500.0,Gasoline,362.0HP 3.0L V6 Cylinder Engine Gasoline Fuel,A/T,Black,Black,None Reported,Yes,60000.0,3.0,6.0,6,0.8276,10357.0,1,0,0,0.435
Mercedes-Benz,Amg Gt 63 S 4-Door,2020,21214.0,Gasoline,4.0L V8 32V GDI DOHC Twin Turbo,9-Speed Automatic,Obsidian Black Metallic,Black,None Reported,Unknown,117900.0,4.0,,4,5.5574,4243.0,1,0,0,0.0849
Audi,Q5 3.0 Tdi Premium Plus,2014,55564.0,Diesel,240.0HP 3.0L V6 Cylinder Engine Diesel Fuel,8-Speed A/T,Black,Black,At Least 1 Accident Or Damage Reported,Yes,22500.0,3.0,6.0,10,0.4049,5051.0,1,1,0,0.5556
Cadillac,Lyriq Luxury,2023,1090.0,Gasoline,500.0HP Electric Motor Electric Fuel System,A/T,Gray,Silver,None Reported,Yes,68750.0,,,1,63.0156,545.0,1,0,0,0.0011
Volvo,Xc60 T5 R-Design,2019,43500.0,Gasoline,250.0HP 2.0L 4 Cylinder Engine Gasoline Fuel,Transmission W/Dual Shift Mode,Gray,Black,None Reported,Yes,30000.0,2.0,4.0,5,0.6896,7250.0,0,0,0,0.2175
Mercedes-Benz,Amg Gt 53 Base,2019,35000.0,Hybrid,429.0HP 3.0L Straight 6 Cylinder Engine Gasoline/Mild Electric Hybrid,Transmission W/Dual Shift Mode,Black,Black,None Reported,Yes,83000.0,3.0,6.0,5,2.3714,5833.0,1,0,1,0.175
Gmc,Yukon Slt,2017,92031.0,Gasoline,355.0HP 5.3L 8 Cylinder Engine Gasoline Fuel,A/T,White,Beige,At Least 1 Accident Or Damage Reported,Yes,30000.0,5.3,8.0,7,0.326,11504.0,0,1,0,0.6442
Lexus,Gs 350 Base,2016,128032.0,Gasoline,311.0HP 3.5L V6 Cylinder Engine Gasoline Fuel,Transmission W/Dual Shift Mode,Silver,Black,None Reported,Yes,18000.0,3.5,6.0,8,0.1406,14226.0,1,0,0,1.0243
Jaguar,Xf 25T Premium,2018,18800.0,Gasoline,247.0HP 2.0L 4 Cylinder Engine Gasoline Fuel,8-Speed A/T,White,White,None Reported,Yes,26000.0,2.0,4.0,6,1.3829,2686.0,0,0,0,0.1128
Bmw,M8 Gran Coupe Competition,2023,2900.0,Gasoline,617.0HP 4.4L 8 Cylinder Engine Gasoline Fuel,8-Speed A/T,Green,Gray,None Reported,Yes,117500.0,4.4,8.0,1,40.5033,1450.0,1,0,0,0.0029
Honda,Ridgeline Black Edition,2017,91600.0,Gasoline,280.0HP 3.5L V6 Cylinder Engine Gasoline Fuel,6-Speed A/T,Black,Black,None Reported,Yes,26000.0,3.5,6.0,7,0.2838,11450.0,0,0,0,0.6412
Toyota,4Runner Sr5,2019,91843.0,Gasoline,270.0HP 4.0L V6 Cylinder Engine Gasoline Fuel,5-Speed A/T,Blue,Black,At Least 1 Accident Or Damage Reported,Yes,30500.0,4.0,6.0,5,0.3321,15307.0,0,1,0,0.4592
Ford,Bronco Sport Outer Banks,2021,28105.0,Gasoline,1.5L I3 12V PDI DOHC Turbo,8-Speed Automatic,Kodiak Brown Metallic,Ebony,Unknown,Unknown,32455.0,1.5,,3,1.1547,7026.0,0,0,0,0.0843
Dodge,Charger R/T 392,2017,73350.0,Gasoline,485.0HP 6.4L 8 Cylinder Engine Gasoline Fuel,8-Speed A/T,Gray,Red,None Reported,Yes,37000.0,6.4,8.0,7,0.5044,9169.0,0,0,0,0.5134
Mercedes-Benz,Glc 300 Glc 300,2022,11875.0,Gasoline,2.0 Liter Turbo,Automatic,Black,Black,None Reported,Unknown,41598.0,,,2,3.5027,3958.0,1,0,0,0.0238
Tesla,Model S P100D,2018,47000.0,Gasoline,518.0HP Electric Motor Electric Fuel System,A/T,Black,Black,None Reported,Yes,49900.0,,,6,1.0617,6714.0,0,0,0,0.282
Infiniti,Q50 3.0T Signature Edition,2017,67000.0,Gasoline,300.0HP 3.0L V6 Cylinder Engine Gasoline Fuel,Transmission W/Dual Shift Mode,Black,Black,None Reported,Yes,23000.0,3.0,6.0,7,0.3433,8375.0,0,0,0,0.469
Bmw,340 I,2016,117660.0,Gasoline,320.0HP 3.0L Straight 6 Cylinder Engine Gasoline Fuel,8-Speed A/T,White,Black,At Least 1 Accident Or Damage Reported,Yes,19500.0,3.0,6.0,8,0.1657,13073.0,1,1,0,0.9413
Pontiac,Firebird Trans Am,2001,71448.0,Gasoline,200.0HP 3.8L V6 Cylinder Engine Gasoline Fuel,4-Speed A/T,Gray,Black,None Reported,Yes,10500.0,3.8,6.0,23,0.147,2977.0,0,0,0,1.6433
Nissan,Nv Passenger Nv3500 Hd Sv V8,2015,86000.0,Gasoline,317.0HP 5.6L 8 Cylinder Engine Gasoline Fuel,A/T,Silver,Gray,None Reported,Yes,29500.0,5.6,8.0,9,0.343,8600.0,0,0,0,0.774
Lexus,Es 350 Base,2020,15324.0,Gasoline,3.5L V6 24V PDI DOHC,8-Speed Automatic,Black,Black,At Least 1 Accident Or Damage Reported,Unknown,33364.0,3.5,,4,2.1771,3065.0,1,1,0,0.0613
Bmw,135 Is,2013,29400.0,Gasoline,320.0HP 3.0L Straight 6 Cylinder Engine Gasoline Fuel,6-Speed M/T,White,Beige,None Reported,Yes,29000.0,3.0,6.0,11,0.9864,2450.0,1,0,0,0.3234
Lexus,Is 300 Base,2017,68871.0,Gasoline,255.0HP 3.5L V6 Cylinder Engine Gasoline Fuel,6-Speed A/T,Silver,Red,None Reported,Yes,28450.0,3.5,6.0,7,0.4131,8609.0,1,0,0,0.4821
Porsche,Cayenne S,2012,126000.0,Gasoline,400.0HP 4.8L 8 Cylinder Engine Gasoline Fuel,Transmission W/Dual Shift Mode,Silver,Gray,None Reported,Yes,17999.0,4.8,8.0,12,0.1428,9692.0,1,0,0,1.512
Pontiac,Solstice Gxp,2007,25718.0,Gasoline,260.0HP 2.0L 4 Cylinder Engine Gasoline Fuel,M/T,Yellow,Black,None Reported,Yes,17900.0,2.0,4.0,17,0.696,1429.0,0,0,0,0.4372
Porsche,Panamera Turbo,2015,67210.0,Gasoline,520.0HP 4.8L 8 Cylinder Engine Gasoline Fuel,Transmission W/Dual Shift Mode,Blue,Beige,At Least 1 Accident Or Damage Reported,Yes,51950.0,4.8,8.0,9,0.7729,6721.0,1,1,0,0.6049
Bmw,X6 Xdrive35I,2018,27214.0,Gasoline,300.0HP 3.0L Straight 6 Cylinder Engine Gasoline Fuel,Transmission W/Dual Shift Mode,Black,Black,At Least 1 Accident Or Damage Reported,Yes,40950.0,3.0,6.0,6,1.5047,3888.0,1,1,0,0.1633
Ford,F-150 Limited,2019,42728.0,Gasoline,450.0HP 3.5L V6 Cylinder Engine Gasoline Fuel,Transmission W/Dual Shift Mode,Black,Brown,None Reported,Yes,45950.0,3.5,6.0,5,1.0754,7121.0,0,0,0,0.2136
Mini,Cooper S Base,2010,97395.0,Gasoline,172.0HP 1.6L 4 Cylinder Engine Gasoline Fuel,6-Speed M/T,Yellow,Black,None Reported,Yes,6699.0,1.6,4.0,14,0.0688,6493.0,0,0,0,1.3635
Mazda,Mazda3 I Sv,2015,91700.0,Gasoline,155.0HP 2.0L 4 Cylinder Engine Gasoline Fuel,A/T,Red,Black,None Reported,Yes,12000.0,2.0,4.0,9,0.1309,9170.0,0,0,0,0.8253
Mitsubishi,Lancer Evolution Mr,2011,94500.0,Gasoline,291.0HP 2.0L 4 Cylinder Engine Gasoline Fuel,Transmission W/Dual Shift Mode,White,Black,None Reported,Yes,27000.0,2.0,4.0,13,0.2857,6750.0,0,0,0,1.2285
Chevrolet,Tahoe Ltz,2014,196300.0,E85 Flex Fuel,320.0HP 5.3L 8 Cylinder Engine Flex Fuel Capability,6-Speed A/T,Black,Black,None Reported,Yes,10995.0,5.3,8.0,10,0.056,17845.0,0,0,0,1.963
Cadillac,Cts 3.6L Luxury,2015,54259.0,Gasoline,3.6L V6 24V GDI DOHC,8-Speed Automatic,Majestic Plum Metallic,Light Platinum / Jet Black,None Reported,Yes,19425.0,3.6,,9,0.358,5426.0,1,0,0,0.4883
Acura,Rdx W/Advance Package,2021,36267.0,Gasoline,2.0 Liter Turbo,Automatic,White,Parchment,None Reported,Unknown,39798.0,,,3,1.0973,9067.0,0,0,0,0.1088
Land,Rover Range Rover Sport Supercharged Hse,2015,175000.0,Gasoline,340.0HP 3.0L V6 Cylinder Engine Gasoline Fuel,A/T,Black,Black,None Reported,Yes,19500.0,3.0,6.0,9,0.1114,17500.0,0,0,0,1.575
Chevrolet,Suburban 1500 Ltz,2015,159000.0,Gasoline,355.0HP 5.3L 8 Cylinder Engine Gasoline Fuel,6-Speed A/T,White,Beige,At Least 1 Accident Or Damage Reported,Yes,26900.0,5.3,8.0,9,0.1692,15900.0,0,1,0,1.431
Chevrolet,Camaro 2Ss,2016,74000.0,Gasoline,455.0HP 6.2L 8 Cylinder Engine Gasoline Fuel,8-Speed A/T,Black,Black,None Reported,Yes,32000.0,6.2,8.0,8,0.4324,8222.0,0,0,0,0.592
Chevrolet,Silverado 1500 Hybrid 1Hy,2011,82963.0,Hybrid,332.0HP 6.0L 8 Cylinder Engine Gas/Electric Hybrid,4-Speed A/T,White,Black,None Reported,Yes,20995.0,6.0,8.0,13,0.2531,5926.0,0,0,1,1.0785
Cadillac,Xt5 Luxury,2019,54323.0,Gasoline,3.6 Liter DOHC,Automatic,Red,Beige,None Reported,Unknown,27998.0,,,5,0.5154,9054.0,1,0,0,0.2716
Nissan,Armada Sl,2019,59980.0,Gasoline,390.0HP 5.6L 8 Cylinder Engine Gasoline Fuel,7-Speed A/T,Silver,Black,None Reported,Yes,29000.0,5.6,8.0,5,0.4835,9997.0,0,0,0,0.2999
Audi,Q5 S Line Premium,2022,10120.0,Hybrid,2.0 Liter TFSI,Automatic,Navarre Blue,Gray,None Reported,Unknown,39998.0,,,2,3.952,3373.0,1,0,1,0.0202
Bmw,X6 M Base,2017,25000.0,Gasoline,567.0HP 4.4L 8 Cylinder Engine Gasoline Fuel,Transmission W/Dual Shift Mode,White,Red,At Least 1 Accident Or Damage Reported,Yes,65000.0,4.4,8.0,7,2.5999,3125.0,1,1,0,0.175
Bmw,740 I,2012,126000.0,Gasoline,326.0HP 3.0L Straight 6 Cylinder Engine Gasoline Fuel,A/T,Black,Black,At Least 1 Accident Or Damage Reported,Yes,12700.0,3.0,6.0,12,0.1008,9692.0,1,1,0,1.512
Toyota,Sequoia Trd Pro,2020,37428.0,Gasoline,381.0HP 5.7L 8 Cylinder Engine Gasoline Fuel,6-Speed A/T,White,Black,None Reported,Yes,61599.0,5.7,8.0,4,1.6458,7486.0,0,0,0,0.1497
Volkswagen,Jetta Gli,2014,99499.0,Gasoline,210.0HP 2.0L 4 Cylinder Engine Gasoline Fuel,Transmission W/Dual Shift Mode,Black,Black,At Least 1 Accident Or Damage Reported,Yes,15000.0,2.0,4.0,10,0.1508,9045.0,0,1,0,0.995
Honda,Crosstour Ex-L,2012,90742.0,Gasoline,192.0HP 2.4L 4 Cylinder Engine Gasoline Fuel,A/T,Gray,Gray,None Reported,Yes,12980.0,2.4,4.0,12,0.143,6980.0,0,0,0,1.0889
Land,Rover Range Rover Sport Supercharged,2014,125000.0,E85 Flex Fuel,510.0HP 5.0L 8 Cylinder Engine Flex Fuel Capability,8-Speed A/T,White,Brown,At Least 1 Accident Or Damage Reported,Yes,22500.0,5.0,8.0,10,0.18,11364.0,0,1,0,1.25
Hyundai,Santa Fe Sport 2.0L Turbo Ultimate,2018,71669.0,Gasoline,240.0HP 2.0L 4 Cylinder Engine Gasoline Fuel,A/T,Blue,Black,None Reported,Yes,20000.0,2.0,4.0,6,0.2791,10238.0,0,0,0,0.43
Cadillac,Xt5 Luxury,2019,44692.0,Gasoline,3.6L V6 24V GDI DOHC,8-Speed Automatic,Bronze Dune Metallic,Shara Beige,None Reported,Unknown,32368.0,3.6,,5,0.7242,7449.0,1,0,0,0.2235
Jaguar,F-Type R,2018,16002.0,Gasoline,550.0HP 5.0L 8 Cylinder Engine Gasoline Fuel,8-Speed A/T,Black,Red,None Reported,Yes,74900.0,5.0,8.0,6,4.6804,2286.0,0,0,0,0.096
Toyota,Fj Cruiser Base,2014,86000.0,Gasoline,260.0HP 4.0L V6 Cylinder Engine Gasoline Fuel,5-Speed A/T,Blue,Black,None Reported,Yes,41500.0,4.0,6.0,10,0.4826,7818.0,0,0,0,0.86
Toyota,Tundra Sr5,2019,56000.0,Gasoline,381.0HP 5.7L 8 Cylinder Engine Gasoline Fuel,6-Speed A/T,Blue,Black,None Reported,Yes,42000.0,5.7,8.0,5,0.75,9333.0,0,0,0,0.28
Nissan,300Zx Base,1993,168000.0,–,–,5-Speed M/T,White,Black,None Reported,Yes,7000.0,,,31,0.0417,5250.0,0,0,0,5.208
Ram,1500 Sport,2017,41789.0,Gasoline,395.0HP 5.7L 8 Cylinder Engine Gasoline Fuel,A/T,Green,Black,At Least 1 Accident Or Damage Reported,Yes,42500.0,5.7,8.0,7,1.017,5224.0,0,1,0,0.2925
Ford,Focus Se,2014,60109.0,E85 Flex Fuel,160.0HP 2.0L 4 Cylinder Engine Flex Fuel Capability,6-Speed A/T,Gray,Black,None Reported,Yes,9499.0,2.0,4.0,10,0.158,5464.0,0,0,0,0.6011
Mercedes-Benz,Gle 350 Base 4Matic,2020,48000.0,Gasoline,255.0HP 2.0L 4 Cylinder Engine Gasoline Fuel,A/T,Black,Black,None Reported,Yes,49995.0,2.0,4.0,4,1.0415,9600.0,1,0,0,0.192
Acura,Tl Type S,2008,122000.0,Gasoline,286.0HP 3.5L V6 Cylinder Engine Gasoline Fuel,Transmission W/Dual Shift Mode,Gray,Beige,None Reported,Yes,11500.0,3.5,6.0,16,0.0943,7176.0,0,0,0,1.952
Land,Rover Range Rover Hse,2012,102800.0,Gasoline,385.0HP 5.0L 8 Cylinder Engine Gasoline Fuel,A/T,Gold,Brown,None Reported,Yes,16000.0,5.0,8.0,12,0.1556,7908.0,0,0,0,1.2336
Mini,Convertible Cooper,2022,15544.0,Gasoline,134.0HP 1.5L 3 Cylinder Engine Gasoline Fuel,A/T,Blue,Brown,Unknown,Unknown,28000.0,1.5,3.0,2,1.8012,5181.0,0,0,0,0.0311
Mazda,Cx-9 Signature,2019,69771.0,Gasoline,227.0HP 2.5L 4 Cylinder Engine Gasoline Fuel,A/T,Black,Red,None Reported,Yes,27500.0,2.5,4.0,5,0.3941,11628.0,0,0,0,0.3489
Acura,Tlx Tech,2023,2118.0,Gasoline,2.0 Liter DOHC Turbo,Automatic,Red,Black,None Reported,Unknown,41998.0,,,1,19.8197,1059.0,0,0,0,0.0021
Ford,F-150 Raptor,2021,28260.0,Gasoline,450.0HP 3.5L V6 Cylinder Engine Gasoline Fuel,10-Speed A/T,Blue,Blue,None Reported,Yes,72950.0,3.5,6.0,3,2.5813,7065.0,0,0,0,0.0848
Honda,Civic Si Base,2020,6025.0,Gasoline,205.0HP 1.5L 4 Cylinder Engine Gasoline Fuel,6-Speed M/T,Gray,Gray,None Reported,Yes,27500.0,1.5,4.0,4,4.5636,1205.0,0,0,0,0.0241
Hyundai,Elantra Se,2018,32697.0,Gasoline,147.0HP 2.0L 4 Cylinder Engine Gasoline Fuel,6-Speed A/T,Gray,Gray,At Least 1 Accident Or Damage Reported,Yes,15900.0,2.0,4.0,6,0.4863,4671.0,0,1,0,0.1962
Ford,Excursion Limited,2001,223089.60000000012,Gasoline,310.0HP 6.8L 10 Cylinder Engine Gasoline Fuel,A/T,White,–,None Reported,Yes,8000.0,6.8,10.0,23,0.0359,9295.0,0,0,0,5.1311
Jaguar,F-Type S British Design Edition,2017,34150.0,Gasoline,380.0HP 3.0L V6 Cylinder Engine Gasoline Fuel,8-Speed A/T,Black,Black,None Reported,Yes,45999.0,3.0,6.0,7,1.3469,4269.0,0,0,0,0.239
Honda,Ridgeline Rtl-E,2022,9642.0,Gasoline,3.5L V6 24V GDI SOHC,9-Speed Automatic,Radiant Red Metallic Ii,Black,None Reported,Unknown,38999.0,3.5,,2,4.0443,3214.0,0,0,0,0.0193
Pontiac,G6 Gtp,2006,100545.0,Gasoline,201.0HP 3.5L V6 Cylinder Engine Gasoline Fuel,4-Speed A/T,Gray,Black,None Reported,Yes,5995.0,3.5,6.0,18,0.0596,5292.0,0,0,0,1.8098
Mercedes-Benz,C-Class C300 4Matic,2021,11111.0,Gasoline,2.0 Liter Turbo,Automatic,Gray,Black,None Reported,Unknown,38998.0,,,3,3.5095,2778.0,1,0,0,0.0333
Toyota,Fj Cruiser Base,2007,162000.0,Gasoline,239.0HP 4.0L V6 Cylinder Engine Gasoline Fuel,5-Speed A/T,Black,Black,None Reported,Yes,23977.0,4.0,6.0,17,0.148,9000.0,0,0,0,2.754
Buick,Enclave Premium,2020,87555.0,Gasoline,3.6L V6 24V GDI DOHC,9-Speed Automatic,Dark Moon Blue Metallic,Dark Galvanized,At Least 1 Accident Or Damage Reported,Yes,31650.0,3.6,,4,0.3615,17511.0,0,1,0,0.3502
Chevrolet,Tahoe Ltz,2015,102200.0,Gasoline,355.0HP 5.3L 8 Cylinder Engine Gasoline Fuel,A/T,Silver,Black,None Reported,Yes,25000.0,5.3,8.0,9,0.2446,10220.0,0,0,0,0.9198
Bentley,Continental Gtc V8,2013,18950.0,Gasoline,500.0HP 4.0L 8 Cylinder Engine Gasoline Fuel,Transmission W/Dual Shift Mode,White,Black,None Reported,Yes,77999.0,4.0,8.0,11,4.1158,1579.0,0,0,0,0.2084
Mercedes-Benz,Slk-Class Slk 350,2015,16000.0,Gasoline,302.0HP 3.5L V6 Cylinder Engine Gasoline Fuel,7-Speed A/T,White,Red,At Least 1 Accident Or Damage Reported,Yes,30500.0,3.5,6.0,9,1.9061,1600.0,1,1,0,0.144
Cadillac,Escalade Premium Luxury,2022,19250.0,Gasoline,420.0HP 6.2L 8 Cylinder Engine Gasoline Fuel,10-Speed A/T,Black,Black,None Reported,Yes,86999.0,6.2,8.0,2,4.5192,6417.0,1,0,0,0.0385
Bmw,535 I Xdrive,2015,65000.0,Gasoline,300.0HP 3.0L Straight 6 Cylinder Engine Gasoline Fuel,Transmission W/Dual Shift Mode,Silver,Black,None Reported,Yes,24995.0,3.0,6.0,9,0.3845,6500.0,1,0,0,0.585
Mini,Cooper S Base,2007,110022.0,Gasoline,172.0HP 1.6L 4 Cylinder Engine Gasoline Fuel,6-Speed M/T,Silver,Black,None Reported,Yes,6250.0,1.6,4.0,17,0.0568,6112.0,0,0,0,1.8704
Bentley,Continental Gt Base,2012,79089.0,E85 Flex Fuel,567.0HP 6.0L 12 Cylinder Engine Flex Fuel Capability,A/T,White,Beige,None Reported,Yes,46999.0,6.0,12.0,12,0.5942,6084.0,0,0,0,0.9491
Lexus,Gx 460 Premium,2023,2533.0,Gasoline,301.0HP 4.6L 8 Cylinder Engine Gasoline Fuel,A/T,Black,Black,None Reported,Yes,64900.0,4.6,8.0,1,25.6117,1266.0,1,0,0,0.0025
Audi,Q7 3.0T Premium Plus,2014,96273.0,Gasoline,280.0HP 3.0L V6 Cylinder Engine Gasoline Fuel,8-Speed A/T,Silver,Black,At Least 1 Accident Or Damage Reported,Yes,15495.0,3.0,6.0,10,0.1609,8752.0,1,1,0,0.9627
Cadillac,Ct6 Luxury,2020,22187.0,Gasoline,3.6L V6 24V GDI DOHC,10-Speed Automatic,Manhattan Noir Metallic,Shara Beige,At Least 1 Accident Or Damage Reported,Yes,45480.0,3.6,,4,2.0498,4437.0,1,1,0,0.0887
Gmc,Sierra 1500 Sl Crew Cab,2009,137000.0,Gasoline,295.0HP 4.8L 8 Cylinder Engine Gasoline Fuel,A/T,Red,–,None Reported,Yes,20000.0,4.8,8.0,15,0.146,8562.0,0,0,0,2.055
Nissan,Gt-R Premium,2009,60747.0,Gasoline,480.0HP 3.8L V6 Cylinder Engine Gasoline Fuel,6-Speed A/T,White,–,At Least 1 Accident Or Damage Reported,Yes,71999.0,3.8,6.0,15,1.1852,3797.0,0,1,0,0.9112
Dodge,Ram 1500 St,2007,36500.0,Gasoline,210.0HP 3.7L V6 Cylinder Engine Gasoline Fuel,A/T,Blue,Gray,None Reported,Yes,16000.0,3.7,6.0,17,0.4383,2028.0,0,0,0,0.6205
Ford,Bronco Outer Banks,2021,19590.0,Gasoline,315.0HP 2.7L V6 Cylinder Engine Gasoline Fuel,10-Speed A/T,Blue,Gray,None Reported,Yes,54999.0,2.7,6.0,3,2.8074,4898.0,0,0,0,0.0588
Nissan,Gt-R Black Edition,2015,16850.0,Gasoline,545.0HP 3.8L V6 Cylinder Engine Gasoline Fuel,Transmission W/Dual Shift Mode,White,Black,None Reported,Yes,95000.0,3.8,6.0,9,5.6376,1685.0,0,0,0,0.1516
Cadillac,Escalade Esv Sport,2021,4500.0,Gasoline,420.0HP 6.2L 8 Cylinder Engine Gasoline Fuel,10-Speed A/T,White,Beige,Unknown,Unknown,105000.0,6.2,8.0,3,23.3281,1125.0,1,0,0,0.0135
Chevrolet,Cruze Lt,2012,194000.0,Gasoline,138.0HP 1.4L 4 Cylinder Engine Gasoline Fuel,6-Speed A/T,Gray,White,At Least 1 Accident Or Damage Reported,Yes,4900.0,1.4,4.0,12,0.0253,14923.0,0,1,0,2.328
Lexus,Gx 460 Base,2020,48210.0,Gasoline,4.6L V8 32V MPFI DOHC,6-Speed Automatic,Nebula Gray Pearl,Rioja Red,At Least 1 Accident Or Damage Reported,Yes,47449.0,4.6,,4,0.9842,9642.0,1,1,0,0.1928
Bmw,750 I,2018,81500.0,Gasoline,445.0HP 4.4L 8 Cylinder Engine Gasoline Fuel,8-Speed A/T,White,White,None Reported,Yes,41250.0,4.4,8.0,6,0.5061,11643.0,1,0,0,0.489
Ford,F-150 Xlt,2021,77107.0,Gasoline,3.5L V6 24V PDI DOHC Twin Turbo,10-Speed Automatic,Agate Black Metallic,Black,Unknown,Unknown,39995.0,3.5,,3,0.5187,19277.0,0,0,0,0.2313
Bmw,535 I Xdrive,2015,58664.0,Gasoline,300.0HP 3.0L Straight 6 Cylinder Engine Gasoline Fuel,8-Speed A/T,Blue,Gray,At Least 1 Accident Or Damage Reported,Yes,20950.0,3.0,6.0,9,0.3571,5866.0,1,1,0,0.528
Mitsubishi,Montero Limited,2004,145000.0,Gasoline,215.0HP 3.8L V6 Cylinder Engine Gasoline Fuel,A/T,Silver,Black,None Reported,Yes,8950.0,3.8,6.0,20,0.0617,6905.0,0,0,0,2.9
Lexus,Ls 500 F Sport,2018,15055.0,Gasoline,416.0HP 3.5L V6 Cylinder Engine Gasoline Fuel,A/T,White,Black,None Reported,Yes,59000.0,3.5,6.0,6,3.9187,2151.0,1,0,0,0.0903
Tesla,Model S 85D,2015,67647.0,Gasoline,422.0HP Electric Motor Electric Fuel System,1-Speed A/T,Blue,Beige,None Reported,Yes,28000.0,,,9,0.4139,6765.0,0,0,0,0.6088
Lexus,Lc 500 Base,2021,915.0,Gasoline,471.0HP 5.0L 8 Cylinder Engine Gasoline Fuel,10-Speed A/T,Blue,White,None Reported,Yes,159000.0,5.0,8.0,3,173.5808,229.0,1,0,0,0.0027
Mazda,Mx-5 Miata Shinsen,2003,46873.0,Gasoline,142.0HP 1.8L 4 Cylinder Engine Gasoline Fuel,5-Speed M/T,Gray,Blue,None Reported,Yes,11500.0,1.8,4.0,21,0.2453,2131.0,0,0,0,0.9843
Cadillac,Escalade Esv Premium Luxury,2021,53169.0,Gasoline,420.0HP 6.2L 8 Cylinder Engine Gasoline Fuel,A/T,Black,Black,None Reported,Yes,81500.0,6.2,8.0,3,1.5328,13292.0,1,0,0,0.1595
Lexus,Gx 460 Premium,2022,35700.0,Gasoline,301.0HP 4.6L 8 Cylinder Engine Gasoline Fuel,A/T,Silver,Gray,At Least 1 Accident Or Damage Reported,Yes,51900.0,4.6,8.0,2,1.4537,11900.0,1,1,0,0.0714
Nissan,Pathfinder Platinum,2014,112600.0,Gasoline,260.0HP 3.5L V6 Cylinder Engine Gasoline Fuel,Cvt Transmission,Black,Black,At Least 1 Accident Or Damage Reported,Yes,13000.0,3.5,6.0,10,0.1155,10236.0,0,1,0,1.126
Gmc,Yukon Sle,2015,112552.0,Gasoline,5.3L V8 16V GDI OHV,6-Speed Automatic,Onyx Black,Jet Black,At Least 1 Accident Or Damage Reported,Yes,24440.0,5.3,,9,0.2171,11255.0,0,1,0,1.013
Bmw,M3 Base,2003,127273.0,Gasoline,333.0HP 3.2L Straight 6 Cylinder Engine Gasoline Fuel,6-Speed M/T,Silver,Black,None Reported,Yes,15000.0,3.2,6.0,21,0.1179,5785.0,1,0,0,2.6727
Lexus,Is 250 Base,2007,189887.0,Gasoline,204.0HP 2.5L V6 Cylinder Engine Gasoline Fuel,A/T,White,–,At Least 1 Accident Or Damage Reported,Yes,3995.0,2.5,6.0,17,0.021,10549.0,1,1,0,3.2281
Bmw,640 I,2012,76465.0,Gasoline,315.0HP 3.0L Straight 6 Cylinder Engine Gasoline Fuel,8-Speed A/T,White,Beige,At Least 1 Accident Or Damage Reported,Yes,22500.0,3.0,6.0,12,0.2942,5882.0,1,1,0,0.9176
Mitsubishi,Eclipse Spyder Gt,2007,136400.0,Gasoline,260.0HP 3.8L V6 Cylinder Engine Gasoline Fuel,5-Speed A/T,Red,Gray,At Least 1 Accident Or Damage Reported,Yes,6750.0,3.8,6.0,17,0.0495,7578.0,0,1,0,2.3188
Ford,Thunderbird Deluxe,2004,79635.0,Gasoline,280.0HP 3.9L 8 Cylinder Engine Gasoline Fuel,A/T,Gray,Black,None Reported,Yes,13500.0,3.9,8.0,20,0.1695,3792.0,0,0,0,1.5927
Tesla,Model Y Long Range,2022,4665.0,Gasoline,Dual Motor - Standard,Automatic,Silver,Black,None Reported,Unknown,46598.0,,,2,9.9867,1555.0,0,0,0,0.0093
Buick,Enclave 1Xl,2011,170000.0,Gasoline,288.0HP 3.6L V6 Cylinder Engine Gasoline Fuel,6-Speed A/T,Gold,Beige,At Least 1 Accident Or Damage Reported,Yes,4000.0,3.6,6.0,13,0.0235,12143.0,0,1,0,2.21
Ford,F-150 Xlt,2018,67650.0,Gasoline,375.0HP 3.5L V6 Cylinder Engine Gasoline Fuel,A/T,Blue,Gray,None Reported,Yes,30000.0,3.5,6.0,6,0.4435,9664.0,0,0,0,0.4059
Lexus,Es 350 Base,2016,119850.0,Gasoline,268.0HP 3.5L V6 Cylinder Engine Gasoline Fuel,A/T,White,Beige,None Reported,Yes,19000.0,3.5,6.0,8,0.1585,13317.0,1,0,0,0.9588
Acura,Tl Type S,2008,116500.0,Gasoline,286.0HP 3.5L V6 Cylinder Engine Gasoline Fuel,6-Speed M/T,Red,Black,None Reported,Yes,15999.0,3.5,6.0,16,0.1373,6853.0,0,0,0,1.864
Mercury,Capri Xr2,1993,120644.0,–,–,5-Speed M/T,Green,Gray,None Reported,Yes,4200.0,,,31,0.0348,3770.0,0,0,0,3.74
Ford,Transit Connect Xlt,2010,169802.0,Gasoline,2.0L I4 16V MPFI DOHC,4-Speed Automatic,Frozen White,Dark Gray,None Reported,Yes,9985.0,2.0,,14,0.0588,11320.0,0,0,0,2.3772
Bmw,X3 M40I,2021,36905.0,Gasoline,382.0HP 3.0L Straight 6 Cylinder Engine Gasoline Fuel,Transmission W/Dual Shift Mode,Blue,Beige,None Reported,Yes,50000.0,3.0,6.0,3,1.3548,9226.0,1,0,0,0.1107
Jeep,Gladiator Willys,2022,8400.0,Gasoline,285.0HP 3.6L V6 Cylinder Engine Gasoline Fuel,8-Speed A/T,Black,Black,At Least 1 Accident Or Damage Reported,Yes,47000.0,3.6,6.0,2,5.5946,2800.0,0,1,0,0.0168
Hummer,H2 Base,2003,149961.0,Gasoline,316.0HP 6.0L 8 Cylinder Engine Gasoline Fuel,A/T,Beige,Beige,At Least 1 Accident Or Damage Reported,Yes,12500.0,6.0,8.0,21,0.0834,6816.0,0,1,0,3.1492
Mercedes-Benz,C-Class C 63 Amg,2014,84500.0,Gasoline,451.0HP 6.2L 8 Cylinder Engine Gasoline Fuel,7-Speed A/T,White,Black,None Reported,Yes,41500.0,6.2,8.0,10,0.4911,7682.0,1,0,0,0.845
Mercedes-Benz,G-Class G 550 4Matic,2016,96000.0,Gasoline,416.0HP 4.0L 8 Cylinder Engine Gasoline Fuel,A/T,Blue,Brown,None Reported,Yes,65000.0,4.0,8.0,8,0.6771,10667.0,1,0,0,0.768
Nissan,Gt-R Premium,2009,88000.0,Gasoline,480.0HP 3.8L V6 Cylinder Engine Gasoline Fuel,Transmission W/Dual Shift Mode,White,White,At Least 1 Accident Or Damage Reported,Yes,57000.0,3.8,6.0,15,0.6477,5500.0,0,1,0,1.32
Audi,R8 4.2 Quattro Spyder,2011,35322.0,Gasoline,4.2L V8 32V GDI DOHC,6-Speed Manual,Phantom Black Pearl Effect / Black Roof,Red,None Reported,Unknown,94900.0,4.2,,13,2.6866,2523.0,1,0,0,0.4592
Acura,Tlx A-Spec,2020,32500.0,Gasoline,206.0HP 2.4L 4 Cylinder Engine Gasoline Fuel,A/T,White,Red,None Reported,Yes,32000.0,2.4,4.0,4,0.9846,6500.0,0,0,0,0.13
Audi,A6 3.0T Premium Plus,2016,71280.0,Gasoline,333.0HP 3.0L V6 Cylinder Engine Gasoline Fuel,A/T,Silver,Black,None Reported,Yes,22000.0,3.0,6.0,8,0.3086,7920.0,1,0,0,0.5702
Porsche,Panamera 2,2011,37200.0,Gasoline,300.0HP 3.6L V6 Cylinder Engine Gasoline Fuel,7-Speed A/T,Black,Beige,None Reported,Yes,27500.0,3.6,6.0,13,0.7392,2657.0,1,0,0,0.4836
Saturn,Sky Red Line,2008,94291.0,Gasoline,260.0HP 2.0L 4 Cylinder Engine Gasoline Fuel,A/T,White,–,None Reported,Yes,14500.0,2.0,4.0,16,0.1538,5547.0,0,0,0,1.5087
Maserati,Coupe Cambiocorsa,2006,54082.0,Gasoline,390.0HP 4.2L 8 Cylinder Engine Gasoline Fuel,Transmission W/Dual Shift Mode,Blue,Beige,None Reported,Yes,17000.0,4.2,8.0,18,0.3143,2846.0,0,0,0,0.9735
Volvo,Xc90 Recharge Plug-In Hybrid T8 Inscription 7 Passenger,2022,7800.0,Plug-In Hybrid,455.0HP 2.0L 4 Cylinder Engine Plug-In Electric/Gas,8-Speed A/T,Black,Beige,None Reported,Yes,66000.0,2.0,4.0,2,8.4605,2600.0,0,0,1,0.0156
Jeep,Wrangler Sport,2016,86250.0,Gasoline,285.0HP 3.6L V6 Cylinder Engine Gasoline Fuel,5-Speed A/T,White,Black,None Reported,Yes,22000.0,3.6,6.0,8,0.2551,9583.0,0,0,0,0.69
Bmw,X5 Xdrive50I,2016,75479.0,Gasoline,445.0HP 4.4L 8 Cylinder Engine Gasoline Fuel,Transmission W/Dual Shift Mode,Silver,Black,None Reported,Yes,27899.0,4.4,8.0,8,0.3696,8387.0,1,0,0,0.6038
Bmw,750 I,2017,24650.0,Gasoline,445.0HP 4.4L 8 Cylinder Engine Gasoline Fuel,A/T,Silver,Black,None Reported,Yes,50000.0,4.4,8.0,7,2.0283,3081.0,1,0,0,0.1726
Volkswagen,Golf R 4-Door,2013,102750.0,Gasoline,256.0HP 2.0L 4 Cylinder Engine Gasoline Fuel,6-Speed M/T,Black,Black,None Reported,Yes,20000.0,2.0,4.0,11,0.1946,8562.0,0,0,0,1.1302
Alfa,Romeo Stelvio Base,2018,50000.0,Gasoline,280.0HP 2.0L 4 Cylinder Engine Gasoline Fuel,A/T,Brown,Brown,None Reported,Yes,27500.0,2.0,4.0,6,0.55,7143.0,0,0,0,0.3
Bmw,X5 Xdrive35I,2017,72700.0,Gasoline,300.0HP 3.0L Straight 6 Cylinder Engine Gasoline Fuel,A/T,Gray,Black,None Reported,Yes,27499.0,3.0,6.0,7,0.3782,9088.0,1,0,0,0.5089
Bmw,X6 M Base,2018,54293.0,Gasoline,567.0HP 4.4L 8 Cylinder Engine Gasoline Fuel,8-Speed A/T,Black,Beige,At Least 1 Accident Or Damage Reported,Yes,49000.0,4.4,8.0,6,0.9025,7756.0,1,1,0,0.3258
Lexus,Is 300 Base,2018,16000.0,Gasoline,260.0HP 3.5L V6 Cylinder Engine Gasoline Fuel,6-Speed A/T,Blue,Brown,At Least 1 Accident Or Damage Reported,Yes,30500.0,3.5,6.0,6,1.9061,2286.0,1,1,0,0.096
Lamborghini,Gallardo Se,2006,19500.0,Gasoline,493.0HP 5.0L 10 Cylinder Engine Gasoline Fuel,6-Speed A/T,Green,Yellow,None Reported,Yes,129000.0,5.0,10.0,18,6.615,1026.0,0,0,0,0.351
Bmw,428 I,2014,71000.0,Gasoline,240.0HP 2.0L 4 Cylinder Engine Gasoline Fuel,Transmission W/Dual Shift Mode,White,Black,At Least 1 Accident Or Damage Reported,Yes,16700.0,2.0,4.0,10,0.2352,6455.0,1,1,0,0.71
Bmw,X5 Xdrive40I,2019,60000.0,Gasoline,335.0HP 3.0L Straight 6 Cylinder Engine Gasoline Fuel,8-Speed A/T,White,Beige,None Reported,Yes,36500.0,3.0,6.0,5,0.6083,10000.0,1,0,0,0.3
Porsche,Boxster Base,1998,75539.0,Gasoline,201.0HP 2.5L Flat 6 Cylinder Engine Gasoline Fuel,5-Speed M/T,Blue,Beige,None Reported,Yes,11995.0,2.5,6.0,26,0.1588,2798.0,1,0,0,1.964
Alfa,Romeo Giulia Base,2017,36000.0,Gasoline,280.0HP 2.0L 4 Cylinder Engine Gasoline Fuel,8-Speed A/T,White,Red,None Reported,Yes,21000.0,2.0,4.0,7,0.5833,4500.0,0,0,0,0.252
Mercedes-Benz,C-Class C 300,2019,76422.0,Gasoline,2.0 Liter Turbo,Automatic,Black,Black,None Reported,Unknown,28998.0,,,5,0.3794,12737.0,1,0,0,0.3821
Nissan,370Z Nismo Tech,2016,42600.0,Gasoline,350.0HP 3.7L V6 Cylinder Engine Gasoline Fuel,7-Speed A/T,Red,Black,At Least 1 Accident Or Damage Reported,Yes,31950.0,3.7,6.0,8,0.75,4733.0,0,1,0,0.3408
Rivian,R1S Adventure Package,2023,211.0,Gasoline,835.0HP Electric Motor Electric Fuel System,A/T,Blue,Black,None Reported,Yes,99000.0,,,1,466.9811,106.0,0,0,0,0.0002
Chevrolet,Suburban Lt,2017,98888.0,Gasoline,6.0L 8 Cylinder Engine Gasoline Fuel,A/T,White,Black,At Least 1 Accident Or Damage Reported,Yes,29000.0,6.0,8.0,7,0.2933,12361.0,0,1,0,0.6922
Ford,Fusion Hybrid Se,2019,64532.0,Hybrid,188.0HP 2.0L 4 Cylinder Engine Gas/Electric Hybrid,A/T,Silver,Gray,At Least 1 Accident Or Damage Reported,Yes,19395.0,2.0,4.0,5,0.3005,10755.0,0,1,1,0.3227
Bmw,X3 Xdrive35I,2011,75500.0,Gasoline,300.0HP 3.0L Straight 6 Cylinder Engine Gasoline Fuel,A/T,White,Black,None Reported,Yes,12975.0,3.0,6.0,13,0.1719,5393.0,1,0,0,0.9815
Buick,Envision Preferred,2019,32000.0,Gasoline,197.0HP 2.5L 4 Cylinder Engine Gasoline Fuel,A/T,Black,Beige,None Reported,Yes,27000.0,2.5,4.0,5,0.8437,5333.0,0,0,0,0.16
Buick,Envision Essence,2019,47839.0,Gasoline,2.5L I4 16V GDI DOHC,6-Speed Automatic,Summit White,Ebony,None Reported,Yes,24991.0,2.5,,5,0.5224,7973.0,0,0,0,0.2392
Porsche,Cayenne Gts,2013,98413.0,Gasoline,420.0HP 4.8L 8 Cylinder Engine Gasoline Fuel,Transmission W/Dual Shift Mode,Green,Black,At Least 1 Accident Or Damage Reported,Yes,34900.0,4.8,8.0,11,0.3546,8201.0,1,1,0,1.0825
Audi,Rs 5 2.9T,2022,9628.0,Gasoline,444.0HP 2.9L V6 Cylinder Engine Gasoline Fuel,8-Speed A/T,White,Black,None Reported,Yes,78500.0,2.9,6.0,2,8.1525,3209.0,1,0,0,0.0193
Jaguar,Xk8 Base,1999,15000.0,Gasoline,290.0HP 4.0L 8 Cylinder Engine Gasoline Fuel,5-Speed A/T,Green,Beige,None Reported,Yes,16370.0,4.0,8.0,25,1.0913,577.0,0,0,0,0.375
Audi,R8 5.2 V10,2021,6397.0,Gasoline,5.2L V10 40V PDI DOHC,7-Speed Automatic With Auto-Shift,Kemora Gray Metallic,Black / Express Red,None Reported,Unknown,172900.0,5.2,,3,27.0241,1599.0,1,0,0,0.0192
Honda,Pilot Black Edition,2022,22564.0,Gasoline,3.5 Liter,Automatic,Platinum White Pearl,Black,None Reported,Unknown,44998.0,,,2,1.9942,7521.0,0,0,0,0.0451
Lexus,Rx 350 Crafted Line F Sport,2015,110000.0,Gasoline,270.0HP 3.5L V6 Cylinder Engine Gasoline Fuel,Transmission W/Dual Shift Mode,White,Black,None Reported,Yes,28000.0,3.5,6.0,9,0.2545,11000.0,1,0,0,0.99
Mercedes-Benz,Sprinter 3500 High Roof,2022,105.0,Diesel,161.0HP 2.0L 4 Cylinder Engine Diesel Fuel,7-Speed A/T,Black,Orange,None Reported,Yes,200000.0,2.0,4.0,2,1886.7925,35.0,1,0,0,0.0002
Toyota,4Runner Limited,2004,186117.0,Gasoline,245.0HP 4.0L V6 Cylinder Engine Gasoline Fuel,A/T,Black,Beige,None Reported,Yes,13000.0,4.0,6.0,20,0.0698,8863.0,0,0,0,3.7223
Jeep,Wrangler Sport,2002,103500.0,Gasoline,190.0HP 4.0L Straight 6 Cylinder Engine Gasoline Fuel,M/T,Yellow,Gray,None Reported,Yes,12500.0,4.0,6.0,22,0.1208,4500.0,0,0,0,2.277
Cadillac,Ct6-V 4.2L Blackwing Twin Turbo,2019,8074.0,Gasoline,4.2L V8 32V GDI DOHC Twin Turbo,10-Speed Automatic,Manhattan Noir Metallic,Jet Black,None Reported,Unknown,76700.0,4.2,,5,9.4985,1346.0,1,0,0,0.0404
Bmw,M3 Base,2011,43000.0,Gasoline,414.0HP 4.0L 8 Cylinder Engine Gasoline Fuel,6-Speed M/T,Black,Black,None Reported,Yes,50900.0,4.0,8.0,13,1.1837,3071.0,1,0,0,0.559
Bmw,750 I,2015,70700.0,Gasoline,445.0HP 4.4L 8 Cylinder Engine Gasoline Fuel,8-Speed A/T,Blue,Black,At Least 1 Accident Or Damage Reported,Yes,23000.0,4.4,8.0,9,0.3253,7070.0,1,1,0,0.6363
Chevrolet,Trailblazer Rs,2022,42479.0,Gasoline,1.3L I3 12V GDI DOHC Turbo,9-Speed Automatic,Mosaic Black Metallic,Jet Black,None Reported,Yes,28495.0,1.3,,2,0.6708,14160.0,0,0,0,0.085
Ford,Excursion Xlt 4Wd,2000,205000.0,Gasoline,310.0HP 6.8L 10 Cylinder Engine Gasoline Fuel,A/T,Black,Gray,At Least 1 Accident Or Damage Reported,Yes,9950.0,6.8,10.0,24,0.0485,8200.0,0,1,0,4.92
Audi,Sq5 3.0T Premium Plus,2019,22300.0,Gasoline,349.0HP 3.0L V6 Cylinder Engine Gasoline Fuel,8-Speed A/T,Blue,Gray,None Reported,Yes,38999.0,3.0,6.0,5,1.7488,3717.0,1,0,0,0.1115
Ford,Expedition El Limited,2017,104000.0,Gasoline,365.0HP 3.5L V6 Cylinder Engine Gasoline Fuel,A/T,Black,Black,At Least 1 Accident Or Damage Reported,Yes,19995.0,3.5,6.0,7,0.1923,13000.0,0,1,0,0.728
Ford,Bronco Sport Base,2022,13865.0,Gasoline,1.5L I3 12V PDI DOHC Turbo,8-Speed Automatic,Shadow Black,Ebony,None Reported,Yes,29182.0,1.5,,2,2.1046,4622.0,0,0,0,0.0277
Bmw,M4 Competition Xdrive,2022,15882.0,Gasoline,503.0HP 3.0L Straight 6 Cylinder Engine Gasoline Fuel,8-Speed A/T,Red,Silver,None Reported,Yes,84995.0,3.0,6.0,2,5.3513,5294.0,1,0,0,0.0318
Land,Rover Defender,2022,12209.0,Gasoline,5.0L V8 32V GDI DOHC Supercharged,8-Speed Automatic,Black,Black,None Reported,Unknown,104900.0,5.0,,2,8.5913,4070.0,0,0,0,0.0244
Mercedes-Benz,Amg Glc 43 Amg Glc 43,2021,10483.0,Gasoline,3.0 Liter Twin Turbo,Automatic,Graphite Grey Metallic,Black W/Red Stitching,None Reported,Unknown,60998.0,,,3,5.8182,2621.0,1,0,0,0.0314
Nissan,Gt-R Premium,2017,31150.0,Gasoline,565.0HP 3.8L V6 Cylinder Engine Gasoline Fuel,Transmission W/Dual Shift Mode,Orange,Black,None Reported,Yes,113000.0,3.8,6.0,7,3.6275,3894.0,0,0,0,0.218
Chrysler,200 C,2015,44000.0,E85 Flex Fuel,295.0HP 3.6L V6 Cylinder Engine Flex Fuel Capability,A/T,White,Black,At Least 1 Accident Or Damage Reported,Yes,12700.0,3.6,6.0,9,0.2886,4400.0,0,1,0,0.396
Hummer,H2 Base,2003,109000.0,Gasoline,316.0HP 6.0L 8 Cylinder Engine Gasoline Fuel,A/T,Beige,Beige,None Reported,Yes,17500.0,6.0,8.0,21,0.1605,4955.0,0,0,0,2.289
Bmw,M4 Base,2020,31350.0,Gasoline,425.0HP 3.0L Straight 6 Cylinder Engine Gasoline Fuel,Transmission W/Dual Shift Mode,Gray,Orange,None Reported,Yes,62450.0,3.0,6.0,4,1.992,6270.0,1,0,0,0.1254
Audi,Q8 55 Premium Plus,2021,30000.0,Hybrid,335.0HP 3.0L V6 Cylinder Engine Gasoline/Mild Electric Hybrid,8-Speed A/T,Black,Black,None Reported,Yes,62000.0,3.0,6.0,3,2.0666,7500.0,1,0,1,0.09
Land,Rover Range Rover Hse,2012,66500.0,Gasoline,385.0HP 5.0L 8 Cylinder Engine Gasoline Fuel,A/T,Silver,Black,None Reported,Yes,19950.0,5.0,8.0,12,0.3,5115.0,0,0,0,0.798
Nissan,Frontier Sv,2012,96600.0,Gasoline,261.0HP 4.0L V6 Cylinder Engine Gasoline Fuel,A/T,Beige,Black,At Least 1 Accident Or Damage Reported,Yes,17000.0,4.0,6.0,12,0.176,7431.0,0,1,0,1.1592
Toyota,Highlander Le Plus,2015,198000.0,Gasoline,270.0HP 3.5L V6 Cylinder Engine Gasoline Fuel,A/T,White,Gray,None Reported,Yes,14000.0,3.5,6.0,9,0.0707,19800.0,0,0,0,1.782
Audi,S4 3.0T Premium Plus,2013,91877.0,Gasoline,333.0HP 3.0L V6 Cylinder Engine Gasoline Fuel,A/T,Black,Red,At Least 1 Accident Or Damage Reported,Yes,24000.0,3.0,6.0,11,0.2612,7656.0,1,1,0,1.0106
Ford,Expedition Max Limited,2018,45578.0,Gasoline,375.0HP 3.5L V6 Cylinder Engine Gasoline Fuel,10-Speed A/T,White,–,None Reported,Yes,45023.0,3.5,6.0,6,0.9878,6511.0,0,0,0,0.2735
Bmw,228 I,2015,54000.0,Gasoline,240.0HP 2.0L 4 Cylinder Engine Gasoline Fuel,6-Speed M/T,Black,Red,At Least 1 Accident Or Damage Reported,Yes,19996.0,2.0,4.0,9,0.3703,5400.0,1,1,0,0.486
Land,Rover Range Rover Sport Hst Mhev,2020,52000.0,Hybrid,395.0HP 3.0L Straight 6 Cylinder Engine Gasoline/Mild Electric Hybrid,8-Speed A/T,Gray,Black,None Reported,Yes,55000.0,3.0,6.0,4,1.0577,10400.0,0,0,1,0.208
Mercedes-Benz,E-Class Amg E 53,2020,23044.0,Hybrid,3.0 Liter Turbo,Automatic,Emerald Green Metallic,Black/Saddle Brown,None Reported,Unknown,72598.0,,,4,3.1503,4609.0,1,0,1,0.0922
Porsche,911 Carrera,2008,132500.0,Gasoline,325.0HP 3.6L Flat 6 Cylinder Engine Gasoline Fuel,6-Speed M/T,Black,Black,None Reported,Yes,35000.0,3.6,6.0,16,0.2641,7794.0,1,0,0,2.12
Dodge,Dakota Slt Quad Cab,2006,223089.60000000012,Gasoline,4.7L 8 Cylinder Engine Gasoline Fuel,A/T,Black,Gray,None Reported,Yes,4000.0,4.7,8.0,18,0.0179,11742.0,0,0,0,4.0156
Mercedes-Benz,Sl-Class Sl63 Amg Roadster,2009,31370.0,Gasoline,518.0HP 6.3L 8 Cylinder Engine Gasoline Fuel,Transmission W/Dual Shift Mode,White,Brown,None Reported,Yes,65700.0,6.3,8.0,15,2.0943,1961.0,1,0,0,0.4706
Chrysler,Sebring Lx,2008,67303.0,Gasoline,173.0HP 2.4L 4 Cylinder Engine Gasoline Fuel,A/T,Blue,Blue,None Reported,Yes,4900.0,2.4,4.0,16,0.0728,3959.0,0,0,0,1.0768
Chevrolet,Corvette Stingray W/3Lt,2021,12000.0,Gasoline,490.0HP 6.2L 8 Cylinder Engine Gasoline Fuel,A/T,Blue,Black,At Least 1 Accident Or Damage Reported,Yes,99900.0,6.2,8.0,3,8.3243,3000.0,0,1,0,0.036
Ford,Bronco Outer Banks,2023,16500.0,Gasoline,275.0HP 2.3L 4 Cylinder Engine Gasoline Fuel,A/T,Blue,Gray,None Reported,Yes,54000.0,2.3,4.0,1,3.2725,8250.0,0,0,0,0.0165
Toyota,Tacoma Trd Pro,2018,28800.0,Gasoline,"3.5L V-6 port/direct injection, DOHC, VVT-iE variable valve cont","Manual, 6-Spd",–,Black,None Reported,Unknown,42900.0,3.5,,6,1.4895,4114.0,0,0,0,0.1728
Ram,Promaster 2500 High Roof,2019,88000.0,Gasoline,280.0HP 3.6L V6 Cylinder Engine Gasoline Fuel,6-Speed A/T,White,Black,At Least 1 Accident Or Damage Reported,Yes,39900.0,3.6,6.0,5,0.4534,14667.0,0,1,0,0.44
Ford,Shelby Gt350 Base,2018,18515.0,Gasoline,526.0HP 5.2L 8 Cylinder Engine Gasoline Fuel,6-Speed M/T,White,Black,At Least 1 Accident Or Damage Reported,Yes,60867.0,5.2,8.0,6,3.2873,2645.0,0,1,0,0.1111
Tesla,Model 3 Performance,2018,92813.0,Gasoline,271.0HP Electric Motor Electric Fuel System,1-Speed A/T,Red,Black,None Reported,Yes,30499.0,,,6,0.3286,13259.0,0,0,0,0.5569
Land,Rover Range Rover P530 Se Lwb 7 Seat,2023,2100.0,Gasoline,523.0HP 4.4L 8 Cylinder Engine Gasoline Fuel,8-Speed A/T,Gray,Beige,None Reported,Yes,172000.0,4.4,8.0,1,81.8658,1050.0,0,0,0,0.0021
Volvo,Xc60 T6 Inscription,2019,58600.0,Gasoline,330.0HP 2.0L 4 Cylinder Engine Gasoline Fuel,A/T,White,White,At Least 1 Accident Or Damage Reported,Yes,29000.0,2.0,4.0,5,0.4949,9767.0,0,1,0,0.293
Lexus,Ls 460 Crafted Line,2015,74500.0,Gasoline,386.0HP 4.6L 8 Cylinder Engine Gasoline Fuel,Transmission W/Dual Shift Mode,White,Red,None Reported,Yes,33900.0,4.6,8.0,9,0.455,7450.0,1,0,0,0.6705
Tesla,Model S 100D,2018,33500.0,Gasoline,518.0HP Electric Motor Electric Fuel System,A/T,Gray,Black,None Reported,Yes,51900.0,,,6,1.5492,4786.0,0,0,0,0.201
Cadillac,Xt6 Premium Luxury Awd,2023,222.0,Gasoline,310.0HP 3.6L V6 Cylinder Engine Gasoline Fuel,A/T,White,Black,None Reported,Yes,69000.0,3.6,6.0,1,309.417,111.0,1,0,0,0.0002
Chevrolet,Avalanche 1500 Ltz,2007,75124.0,E85 Flex Fuel,310.0HP 5.3L 8 Cylinder Engine Flex Fuel Capability,A/T,Red,Gray,None Reported,Yes,16499.0,5.3,8.0,17,0.2196,4174.0,0,0,0,1.2771
Chevrolet,Corvette Grand Sport,2013,15500.0,Gasoline,430.0HP 6.2L 8 Cylinder Engine Gasoline Fuel,Transmission W/Dual Shift Mode,White,Blue,None Reported,Yes,45000.0,6.2,8.0,11,2.903,1292.0,0,0,0,0.1705
Audi,Q8 55 Premium,2020,34300.0,Hybrid,335.0HP 3.0L V6 Cylinder Engine Gasoline/Mild Electric Hybrid,8-Speed A/T,Gray,Brown,None Reported,Yes,52500.0,3.0,6.0,4,1.5306,6860.0,1,0,1,0.1372
Honda,Odyssey Elite,2019,82000.0,Gasoline,280.0HP 3.5L V6 Cylinder Engine Gasoline Fuel,10-Speed A/T,Silver,Black,None Reported,Yes,32471.0,3.5,6.0,5,0.396,13667.0,0,0,0,0.41
Acura,Tlx,2023,3389.0,Gasoline,2.0 Liter DOHC Turbo,Automatic,Platinum White Pearl,Black,None Reported,Unknown,38598.0,,,1,11.3858,1694.0,0,0,0,0.0034
Porsche,Cayenne Gts Coupe Awd,2023,10000.0,Gasoline,453.0HP 4.0L 8 Cylinder Engine Gasoline Fuel,8-Speed A/T,Gray,Black,None Reported,Yes,145000.0,4.0,8.0,1,14.4986,5000.0,1,0,0,0.01
Cadillac,Sts V6,2005,96000.0,Gasoline,260.0HP 3.6L V6 Cylinder Engine Gasoline Fuel,A/T,Beige,Brown,At Least 1 Accident Or Damage Reported,Yes,4999.0,3.6,6.0,19,0.0521,4800.0,1,1,0,1.824
Dodge,Charger R/T,2021,7751.0,Gasoline,370.0HP 5.7L 8 Cylinder Engine Gasoline Fuel,8-Speed A/T,Black,Black,None Reported,Yes,41950.0,5.7,8.0,3,5.4115,1938.0,0,0,0,0.0233
Audi,Rs 7 4.0T Performance Prestige,2017,66250.0,Gasoline,605.0HP 4.0L 8 Cylinder Engine Gasoline Fuel,8-Speed A/T,Gray,Gray,At Least 1 Accident Or Damage Reported,Yes,59200.0,4.0,8.0,7,0.8936,8281.0,1,1,0,0.4638
Lexus,Ct 200H Premium,2012,109000.0,Hybrid,134.0HP 1.8L 4 Cylinder Engine Gas/Electric Hybrid,A/T,White,Black,At Least 1 Accident Or Damage Reported,Yes,14945.0,1.8,4.0,12,0.1371,8385.0,1,1,1,1.308
Hyundai,Genesis Coupe 3.8 Base,2015,60000.0,Gasoline,348.0HP 3.8L V6 Cylinder Engine Gasoline Fuel,Transmission W/Dual Shift Mode,Black,Black,None Reported,Yes,17000.0,3.8,6.0,9,0.2833,6000.0,0,0,0,0.54
Tesla,Model S Performance,2020,14700.0,Gasoline,778.0HP Electric Motor Electric Fuel System,1-Speed A/T,Gray,Black,None Reported,Yes,63000.0,,,4,4.2854,2940.0,0,0,0,0.0588
Mercedes-Benz,E-Class E 350 4Matic,2022,9006.0,Gasoline,255.0HP 2.0L 4 Cylinder Engine Gasoline Fuel,9-Speed A/T,Black,Black,None Reported,Yes,56999.0,2.0,4.0,2,6.3283,3002.0,1,0,0,0.018
Toyota,Gr86 Base,2022,13400.0,Gasoline,228.0HP 2.4L 4 Cylinder Engine Gasoline Fuel,6-Speed A/T,Silver,Black,None Reported,Yes,33499.0,2.4,4.0,2,2.4997,4467.0,0,0,0,0.0268
Porsche,Macan S,2020,28570.0,Gasoline,3.0 Liter Turbo,Automatic,White,Black,None Reported,Unknown,55998.0,,,4,1.96,5714.0,1,0,0,0.1143
Dodge,Durango Srt,2018,78000.0,Gasoline,475.0HP 6.4L 8 Cylinder Engine Gasoline Fuel,Transmission W/Dual Shift Mode,White,Black,At Least 1 Accident Or Damage Reported,Yes,44700.0,6.4,8.0,6,0.5731,11143.0,0,1,0,0.468
Lexus,Lx 570 Base,2013,134000.0,Gasoline,383.0HP 5.7L 8 Cylinder Engine Gasoline Fuel,A/T,Gray,Black,At Least 1 Accident Or Damage Reported,Yes,29995.0,5.7,8.0,11,0.2238,11167.0,1,1,0,1.474
Kia,Optima Hybrid Ex,2013,104994.0,Hybrid,199.0HP 2.4L 4 Cylinder Engine Gas/Electric Hybrid,6-Speed A/T,Black,Beige,None Reported,Yes,9000.0,2.4,4.0,11,0.0857,8750.0,0,0,1,1.1549
Bentley,Continental Gt V8 S,2016,31500.0,Gasoline,521.0HP 4.0L 8 Cylinder Engine Gasoline Fuel,8-Speed A/T,Black,Beige,None Reported,Yes,103900.0,4.0,8.0,8,3.2983,3500.0,0,0,0,0.252
Alfa,Romeo Giulia Base,2020,30000.0,Gasoline,280.0HP 2.0L 4 Cylinder Engine Gasoline Fuel,8-Speed A/T,Black,–,None Reported,Yes,28900.0,2.0,4.0,4,0.9633,6000.0,0,0,0,0.12
Lexus,Lx 600 F Sport,2023,490.0,Gasoline,409.0HP 3.4L V6 Cylinder Engine Gasoline Fuel,A/T,Black,Black,None Reported,Yes,124999.0,3.4,6.0,1,254.5804,245.0,1,0,0,0.0005
Porsche,Taycan Turbo,2020,18000.0,Gasoline,616.0HP Electric Motor Electric Fuel System,A/T,Silver,Black,None Reported,Yes,105000.0,,,4,5.833,3600.0,1,0,0,0.072
Toyota,Sequoia Limited,2017,67000.0,E85 Flex Fuel,381.0HP 5.7L 8 Cylinder Engine Flex Fuel Capability,6-Speed A/T,Silver,Gray,None Reported,Yes,37999.0,5.7,8.0,7,0.5671,8375.0,0,0,0,0.469
Kia,K5 Ex,2021,8263.0,Gasoline,180.0HP 1.6L 4 Cylinder Engine Gasoline Fuel,A/T,Gray,White,None Reported,Yes,29000.0,1.6,4.0,3,3.5092,2066.0,0,0,0,0.0248
Ram,1500 Big Horn,2021,35003.0,Gasoline,5.7L V8 16V MPFI OHV,8-Speed Automatic,Bright White Clearcoat,Diesel Gray / Black,None Reported,Yes,40999.0,5.7,,3,1.1713,8751.0,0,0,0,0.105
Chevrolet,Corvette Base,2008,80000.0,Gasoline,430.0HP 6.2L 8 Cylinder Engine Gasoline Fuel,6-Speed A/T,Red,Beige,None Reported,Yes,31000.0,6.2,8.0,16,0.3875,4706.0,0,0,0,1.28
Chevrolet,Corvette Stingray W/1Lt,2022,6200.0,Gasoline,490.0HP 6.2L 8 Cylinder Engine Gasoline Fuel,Transmission W/Dual Shift Mode,Brown,Black,None Reported,Yes,99999.0,6.2,8.0,2,16.1263,2067.0,0,0,0,0.0124
Jaguar,F-Type S,2014,74595.0,Gasoline,495.0HP 5.0L 8 Cylinder Engine Gasoline Fuel,8-Speed A/T,Green,Black,At Least 1 Accident Or Damage Reported,Yes,32450.0,5.0,8.0,10,0.435,6781.0,0,1,0,0.746
Audi,A7 3.0T Prestige,2013,87066.0,Gasoline,310.0HP 3.0L V6 Cylinder Engine Gasoline Fuel,8-Speed A/T,Silver,Black,None Reported,Yes,20999.0,3.0,6.0,11,0.2412,7256.0,1,0,0,0.9577
Audi,Q8 3.0T Prestige,2019,38360.0,Gasoline,3.0L V6 24V GDI DOHC Turbo,8-Speed Automatic,Orca Black Metallic,Black,None Reported,Unknown,49936.0,3.0,,5,1.3017,6393.0,1,0,0,0.1918
Kia,Telluride Sx,2020,38000.0,Gasoline,291.0HP 3.8L V6 Cylinder Engine Gasoline Fuel,8-Speed A/T,Green,Beige,None Reported,Yes,41999.0,3.8,6.0,4,1.1052,7600.0,0,0,0,0.152
Toyota,Camry Hybrid Xle,2018,69641.0,Hybrid,208.0HP 2.5L 4 Cylinder Engine Gas/Electric Hybrid,Cvt Transmission,White,Black,At Least 1 Accident Or Damage Reported,Yes,23995.0,2.5,4.0,6,0.3445,9949.0,0,1,1,0.4178
Toyota,Gr86 Premium,2022,1275.0,Gasoline,228.0HP 2.4L 4 Cylinder Engine Gasoline Fuel,6-Speed A/T,Blue,Black,None Reported,Yes,47999.0,2.4,4.0,2,37.6168,425.0,0,0,0,0.0026
Bmw,M3 Base,2001,60000.0,Gasoline,333.0HP 3.2L Straight 6 Cylinder Engine Gasoline Fuel,6-Speed M/T,Black,Gray,None Reported,Yes,25000.0,3.2,6.0,23,0.4167,2500.0,1,0,0,1.38
Jeep,Wrangler Rubicon,2014,99450.0,Gasoline,285.0HP 3.6L V6 Cylinder Engine Gasoline Fuel,6-Speed M/T,Gray,Black,None Reported,Yes,21000.0,3.6,6.0,10,0.2112,9041.0,0,0,0,0.9945
Toyota,Tundra Hybrid Capstone,2023,200.0,Hybrid,437.0HP 3.4L V6 Cylinder Engine Gas/Electric Hybrid,10-Speed A/T,Blue,White,None Reported,Yes,82500.0,3.4,6.0,1,410.4478,100.0,0,0,1,0.0002
Porsche,Panamera 4 Edition,2016,68000.0,Gasoline,310.0HP 3.6L V6 Cylinder Engine Gasoline Fuel,Transmission W/Dual Shift Mode,Gray,Black,At Least 1 Accident Or Damage Reported,Yes,32950.0,3.6,6.0,8,0.4846,7556.0,1,1,0,0.544
Lexus,Gs 350 Base,2010,212000.0,Gasoline,303.0HP 3.5L V6 Cylinder Engine Gasoline Fuel,A/T,Gray,Black,At Least 1 Accident Or Damage Reported,Yes,9450.0,3.5,6.0,14,0.0446,14133.0,1,1,0,2.968
Gmc,Sierra 3500 Denali,2019,73091.0,Diesel,445.0HP 6.6L 8 Cylinder Engine Diesel Fuel,A/T,White,Black,At Least 1 Accident Or Damage Reported,Yes,58500.0,6.6,8.0,5,0.8004,12182.0,0,1,0,0.3655
Kia,Niro Plug-In Hybrid Ex,2023,9400.0,Plug-In Hybrid,180.0HP 1.6L 4 Cylinder Engine Plug-In Electric/Gas,A/T,Black,Black,None Reported,Yes,31500.0,1.6,4.0,1,3.3507,4700.0,0,0,1,0.0094
Porsche,Cayenne Base,2014,117697.0,Gasoline,300.0HP 3.6L V6 Cylinder Engine Gasoline Fuel,8-Speed A/T,Black,Black,At Least 1 Accident Or Damage Reported,Yes,16975.0,3.6,6.0,10,0.1442,10700.0,1,1,0,1.177
Mercedes-Benz,S-Class S 65 Amg,2015,95428.0,Gasoline,621.0HP 6.0L 12 Cylinder Engine Gasoline Fuel,A/T,Silver,Silver,None Reported,Yes,55000.0,6.0,12.0,9,0.5763,9543.0,1,0,0,0.8589
Lexus,Gx 460 Premium,2017,116300.0,Gasoline,301.0HP 4.6L 8 Cylinder Engine Gasoline Fuel,6-Speed A/T,Gray,Beige,None Reported,Yes,31950.0,4.6,8.0,7,0.2747,14538.0,1,0,0,0.8141
Acura,Mdx Sport Hybrid 3.0L W/Technology Package,2019,56778.0,Hybrid,321.0HP 3.0L V6 Cylinder Engine Gas/Electric Hybrid,7-Speed A/T,Black,Black,None Reported,Yes,41899.0,3.0,6.0,5,0.7379,9463.0,0,0,1,0.2839
Audi,Q5 S Line Premium Plus,2023,5682.0,Hybrid,2.0 Liter TFSI,Automatic,Chronos Gray,Gray,None Reported,Unknown,48698.0,,,1,8.5691,2841.0,1,0,1,0.0057
Bmw,530 I,2017,37000.0,Gasoline,248.0HP 2.0L 4 Cylinder Engine Gasoline Fuel,A/T,Gray,Black,None Reported,Yes,31000.0,2.0,4.0,7,0.8378,4625.0,1,0,0,0.259
Kia,Forte Koup Ex,2015,103748.0,Gasoline,173.0HP 2.0L 4 Cylinder Engine Gasoline Fuel,A/T,Gray,Gray,None Reported,Yes,8500.0,2.0,4.0,9,0.0819,10375.0,0,0,0,0.9337
Toyota,Sequoia Limited,2005,86000.0,Gasoline,282.0HP 4.7L 8 Cylinder Engine Gasoline Fuel,A/T,Silver,–,None Reported,Yes,22500.0,4.7,8.0,19,0.2616,4300.0,0,0,0,1.634
Land,Rover Lr4 Hse,2013,125900.0,Gasoline,375.0HP 5.0L 8 Cylinder Engine Gasoline Fuel,A/T,Black,Beige,None Reported,Yes,21000.0,5.0,8.0,11,0.1668,10492.0,0,0,0,1.3849
Nissan,Titan Sv,2023,6200.0,Gasoline,400.0HP 5.6L 8 Cylinder Engine Gasoline Fuel,9-Speed A/T,Black,Gray,None Reported,Yes,48000.0,5.6,8.0,1,7.7407,3100.0,0,0,0,0.0062
Ford,F-250 Lariat,2019,85000.0,Diesel,450.0HP 6.7L 8 Cylinder Engine Diesel Fuel,6-Speed A/T,Black,Black,At Least 1 Accident Or Damage Reported,Yes,52500.0,6.7,8.0,5,0.6176,14167.0,0,1,0,0.425
Mercedes-Benz,Amg Gt Amg Gt,2017,19324.0,Gasoline,456.0HP 4.0L 8 Cylinder Engine Gasoline Fuel,Transmission W/Dual Shift Mode,Gray,Beige,None Reported,Yes,75000.0,4.0,8.0,7,3.881,2416.0,1,0,0,0.1353
Cadillac,Escalade Platinum,2018,49273.0,Gasoline,420.0HP 6.2L 8 Cylinder Engine Gasoline Fuel,A/T,Red,Black,None Reported,Yes,54000.0,6.2,8.0,6,1.0959,7039.0,1,0,0,0.2956
Tesla,Model 3 Standard Range Plus,2019,42094.0,Gasoline,Electric Motor Electric Fuel System,A/T,White,White,None Reported,Yes,32000.0,,,5,0.7602,7016.0,0,0,0,0.2105
Bmw,M3 Base,2017,44000.0,Gasoline,425.0HP 3.0L Straight 6 Cylinder Engine Gasoline Fuel,7-Speed A/T,Blue,Black,None Reported,Yes,55000.0,3.0,6.0,7,1.25,5500.0,1,0,0,0.308
Chevrolet,Cruze Lt,2012,148377.0,Gasoline,138.0HP 1.4L 4 Cylinder Engine Gasoline Fuel,6-Speed A/T,Blue,Black,Unknown,Unknown,5500.0,1.4,4.0,12,0.0371,11414.0,0,0,0,1.7805
Dodge,Challenger Srt8,2010,70000.0,Gasoline,425.0HP 6.1L 8 Cylinder Engine Gasoline Fuel,6-Speed M/T,Orange,Black,None Reported,Yes,22000.0,6.1,8.0,14,0.3143,4667.0,0,0,0,0.98
Mercedes-Benz,Sprinter 2500,2016,143290.0,Diesel,161.0HP 2.1L 4 Cylinder Engine Diesel Fuel,A/T,White,Black,None Reported,Yes,33490.0,2.1,4.0,8,0.2337,15921.0,1,0,0,1.1463
Ford,F-350 Platinum,2019,69205.0,Diesel,450.0HP 6.7L 8 Cylinder Engine Diesel Fuel,Transmission W/Dual Shift Mode,White,Black,None Reported,Yes,73500.0,6.7,8.0,5,1.062,11534.0,0,0,0,0.346
Chevrolet,Tahoe Ltz,2015,123500.0,Gasoline,355.0HP 5.3L 8 Cylinder Engine Gasoline Fuel,6-Speed A/T,White,Brown,None Reported,Yes,25650.0,5.3,8.0,9,0.2077,12350.0,0,0,0,1.1115
Audi,Q7 3.0T Prestige,2018,70773.0,Gasoline,333.0HP 3.0L V6 Cylinder Engine Gasoline Fuel,A/T,White,Black,None Reported,Yes,30950.0,3.0,6.0,6,0.4373,10110.0,1,0,0,0.4246
Jeep,Patriot Latitude,2015,109000.0,Gasoline,158.0HP 2.0L 4 Cylinder Engine Gasoline Fuel,A/T,Gray,Gray,At Least 1 Accident Or Damage Reported,Yes,7599.0,2.0,4.0,9,0.0697,10900.0,0,1,0,0.981
Infiniti,Qx70 Base,2014,71097.0,Gasoline,325.0HP 3.7L V6 Cylinder Engine Gasoline Fuel,7-Speed A/T,Black,Black,None Reported,Yes,18995.0,3.7,6.0,10,0.2672,6463.0,0,0,0,0.711
Bmw,X5 Xdrive35I,2013,76309.0,Gasoline,300.0HP 3.0L Straight 6 Cylinder Engine Gasoline Fuel,A/T,Silver,Black,Unknown,Unknown,12000.0,3.0,6.0,11,0.1573,6359.0,1,0,0,0.8394
Tesla,Model 3,2018,26609.0,Gasoline,Electric,Automatic,Gray,–,None Reported,Unknown,36998.0,,,6,1.3904,3801.0,0,0,0,0.1597
Land,Rover Range Rover P400 Se Lwb 7 Seat,2023,4126.0,Hybrid,395.0HP 3.0L Straight 6 Cylinder Engine Gasoline/Mild Electric Hybrid,A/T,Black,Beige,Unknown,Unknown,155000.0,3.0,6.0,1,37.5575,2063.0,0,0,1,0.0041
Nissan,240Sx Base,1996,160490.0,–,–,5-Speed M/T,Gray,Black,None Reported,Yes,15500.0,,,28,0.0966,5534.0,0,0,0,4.4937
Cadillac,Ats 2.5L,2014,80400.0,Gasoline,202.0HP 2.5L 4 Cylinder Engine Gasoline Fuel,A/T,Silver,Black,At Least 1 Accident Or Damage Reported,Yes,15000.0,2.5,4.0,10,0.1866,7309.0,1,1,0,0.804
Toyota,Rav4 Base,2010,123620.0,Gasoline,179.0HP 2.5L 4 Cylinder Engine Gasoline Fuel,4-Speed A/T,Black,Black,At Least 1 Accident Or Damage Reported,Yes,9900.0,2.5,4.0,14,0.0801,8241.0,0,1,0,1.7307
Acura,Tsx Technology,2011,187883.0,Gasoline,201.0HP 2.4L 4 Cylinder Engine Gasoline Fuel,A/T,Red,Beige,None Reported,Yes,5500.0,2.4,4.0,13,0.0293,13420.0,0,0,0,2.4425
Mercedes-Benz,G-Class G 550 4Matic,2020,45000.0,Gasoline,416.0HP 4.0L 8 Cylinder Engine Gasoline Fuel,A/T,Black,Black,None Reported,Yes,133000.0,4.0,8.0,4,2.9555,9000.0,1,0,0,0.18
Honda,Civic Sport,2022,25420.0,Gasoline,158.0HP 2.0L 4 Cylinder Engine Gasoline Fuel,Cvt Transmission,Red,Gray,None Reported,Yes,24500.0,2.0,4.0,2,0.9638,8473.0,0,0,0,0.0508
Bmw,M3 Base,2011,129999.0,Gasoline,414.0HP 4.0L 8 Cylinder Engine Gasoline Fuel,6-Speed M/T,White,Black,None Reported,Yes,29999.0,4.0,8.0,13,0.2308,9286.0,1,0,0,1.69
Bmw,M3 Base,2008,41048.0,Gasoline,414.0HP 4.0L 8 Cylinder Engine Gasoline Fuel,Transmission W/Dual Shift Mode,Gray,Beige,None Reported,Yes,38490.0,4.0,8.0,16,0.9377,2415.0,1,0,0,0.6568
Nissan,Cube 1.8 S,2010,72500.0,Gasoline,122.0HP 1.8L 4 Cylinder Engine Gasoline Fuel,6-Speed M/T,Brown,Black,None Reported,Yes,6750.0,1.8,4.0,14,0.0931,4833.0,0,0,0,1.015
Ram,Promaster 3500 Tradesman,2014,143390.0,Gasoline,280.0HP 3.6L V6 Cylinder Engine Gasoline Fuel,6-Speed A/T,White,–,None Reported,Yes,13000.0,3.6,6.0,10,0.0907,13035.0,0,0,0,1.4339
Acura,Rdx Base,2018,68425.0,Gasoline,279.0HP 3.5L V6 Cylinder Engine Gasoline Fuel,6-Speed A/T,Gray,–,At Least 1 Accident Or Damage Reported,Yes,23500.0,3.5,6.0,6,0.3434,9775.0,0,1,0,0.4106
Toyota,4Runner Limited,2018,95000.0,Gasoline,270.0HP 4.0L V6 Cylinder Engine Gasoline Fuel,A/T,Silver,Brown,None Reported,Yes,33000.0,4.0,6.0,6,0.3474,13571.0,0,0,0,0.57
Ram,1500 Limited,2019,29000.0,Gasoline,395.0HP 5.7L 8 Cylinder Engine Gasoline Fuel,8-Speed A/T,Gray,Black,At Least 1 Accident Or Damage Reported,Yes,49500.0,5.7,8.0,5,1.7068,4833.0,0,1,0,0.145
Chevrolet,Corvette Base,2003,145000.0,Gasoline,350.0HP 5.7L 8 Cylinder Engine Gasoline Fuel,A/T,Blue,Black,None Reported,Yes,22000.0,5.7,8.0,21,0.1517,6591.0,0,0,0,3.045
Land,Rover Defender 110 Se,2020,29700.0,Hybrid,395.0HP 3.0L Straight 6 Cylinder Engine Gasoline/Mild Electric Hybrid,8-Speed A/T,Green,Black,Unknown,Unknown,68000.0,3.0,6.0,4,2.2895,5940.0,0,0,1,0.1188
Jeep,Grand Cherokee Laredo,2011,98658.0,Gasoline,360.0HP 5.7L 8 Cylinder Engine Gasoline Fuel,5-Speed A/T,White,Gray,None Reported,Yes,14995.0,5.7,8.0,13,0.152,7047.0,0,0,0,1.2826
Volvo,S80 T6,2009,97615.0,Gasoline,281.0HP 3.0L Straight 6 Cylinder Engine Gasoline Fuel,6-Speed A/T,Black,Gray,None Reported,Yes,10500.0,3.0,6.0,15,0.1076,6101.0,0,0,0,1.4642
Porsche,Cayenne S,2014,36000.0,Gasoline,400.0HP 4.8L 8 Cylinder Engine Gasoline Fuel,8-Speed A/T,Black,Beige,None Reported,Yes,37000.0,4.8,8.0,10,1.0277,3273.0,1,0,0,0.36
Mazda,Cx-30 Select,2021,61874.0,Gasoline,2.5L I4 16V GDI DOHC,6-Speed Automatic,Jet Black Mica,Black,None Reported,Yes,22389.0,2.5,,3,0.3618,15468.0,0,0,0,0.1856
Chrysler,Town & Country Touring,2012,74582.0,E85 Flex Fuel,283.0HP 3.6L V6 Cylinder Engine Flex Fuel Capability,6-Speed A/T,Black,–,None Reported,Yes,8500.0,3.6,6.0,12,0.114,5737.0,0,0,0,0.895
Infiniti,Fx37 Base,2013,51500.0,Gasoline,325.0HP 3.7L V6 Cylinder Engine Gasoline Fuel,A/T,Gray,Black,None Reported,Yes,23900.0,3.7,6.0,11,0.4641,4292.0,0,0,0,0.5665
Toyota,Fj Cruiser Base,2007,193827.0,Gasoline,239.0HP 4.0L V6 Cylinder Engine Gasoline Fuel,A/T,Silver,Black,None Reported,Yes,14950.0,4.0,6.0,17,0.0771,10768.0,0,0,0,3.2951
Chevrolet,Silverado 1500 Lt,2019,53433.0,Gasoline,355.0HP 5.3L 8 Cylinder Engine Gasoline Fuel,A/T,Blue,Gray,None Reported,Yes,36950.0,5.3,8.0,5,0.6915,8906.0,0,0,0,0.2672
Mercedes-Benz,C-Class C 63 Amg,2012,103000.0,Gasoline,451.0HP 6.3L 8 Cylinder Engine Gasoline Fuel,7-Speed A/T,Silver,Black,At Least 1 Accident Or Damage Reported,Yes,40000.0,6.3,8.0,12,0.3883,7923.0,1,1,0,1.236
Bmw,428 Gran Coupe I Xdrive,2016,59000.0,Gasoline,240.0HP 2.0L 4 Cylinder Engine Gasoline Fuel,Transmission W/Dual Shift Mode,Black,Brown,At Least 1 Accident Or Damage Reported,Yes,20999.0,2.0,4.0,8,0.3559,6556.0,1,1,0,0.472
Lexus,Gx 460 Premium,2017,82000.0,Gasoline,301.0HP 4.6L 8 Cylinder Engine Gasoline Fuel,A/T,Gray,Brown,None Reported,Yes,32900.0,4.6,8.0,7,0.4012,10250.0,1,0,0,0.574
Porsche,Panamera Edition,2016,60000.0,Gasoline,310.0HP 3.6L V6 Cylinder Engine Gasoline Fuel,A/T,Gray,Black,None Reported,Yes,45000.0,3.6,6.0,8,0.75,6667.0,1,0,0,0.48
Cadillac,Escalade Esv Platinum,2017,93971.0,Gasoline,420.0HP 6.2L 8 Cylinder Engine Gasoline Fuel,A/T,White,Beige,None Reported,Yes,47000.0,6.2,8.0,7,0.5001,11746.0,1,0,0,0.6578
Lexus,Is 350 Base,2015,62600.0,Gasoline,306.0HP 3.5L V6 Cylinder Engine Gasoline Fuel,Transmission W/Dual Shift Mode,Gray,Red,None Reported,Yes,27500.0,3.5,6.0,9,0.4393,6260.0,1,0,0,0.5634
Mercedes-Benz,E-Class E 350 4Matic,2014,84450.0,Gasoline,302.0HP 3.5L V6 Cylinder Engine Gasoline Fuel,7-Speed A/T,Gray,Beige,None Reported,Yes,19000.0,3.5,6.0,10,0.225,7677.0,1,0,0,0.8445
Audi,Q5 S Line Premium,2022,18099.0,Hybrid,2.0 Liter TFSI,Automatic,Daytona Gray,Gray,None Reported,Unknown,40798.0,,,2,2.254,6033.0,1,0,1,0.0362
Mercedes-Benz,E-Class E 350 4Matic,2014,76500.0,Gasoline,302.0HP 3.5L V6 Cylinder Engine Gasoline Fuel,7-Speed A/T,Silver,Black,None Reported,Yes,17999.0,3.5,6.0,10,0.2353,6955.0,1,0,0,0.765
Chevrolet,Camaro 1Lt,2017,74000.0,Gasoline,275.0HP 2.0L 4 Cylinder Engine Gasoline Fuel,A/T,Yellow,Black,None Reported,Yes,19800.0,2.0,4.0,7,0.2676,9250.0,0,0,0,0.518
Ram,1500 Laramie,2022,15607.0,Gasoline,5.7L V8 16V MPFI OHV,8-Speed Automatic,Billet Silver Metallic Clearcoat,Black,None Reported,Unknown,45999.0,5.7,,2,2.9471,5202.0,0,0,0,0.0312
Chevrolet,Silverado 1500 1Lz,2014,111095.0,E85 Flex Fuel,355.0HP 5.3L 8 Cylinder Engine Flex Fuel Capability,6-Speed A/T,White,Black,At Least 1 Accident Or Damage Reported,Yes,26000.0,5.3,8.0,10,0.234,10100.0,0,1,0,1.111
Toyota,Camry Solara Sle,2007,37216.0,Gasoline,210.0HP 3.3L V6 Cylinder Engine Gasoline Fuel,A/T,Red,Beige,At Least 1 Accident Or Damage Reported,Yes,14995.0,3.3,6.0,17,0.4029,2068.0,0,1,0,0.6327
Jaguar,F-Type S,2015,25786.0,Gasoline,380.0HP 3.0L V6 Cylinder Engine Gasoline Fuel,8-Speed A/T,Blue,Gray,None Reported,Yes,38500.0,3.0,6.0,9,1.493,2579.0,0,0,0,0.2321
Jeep,Gladiator Sport,2021,15520.0,Gasoline,3.6L V6 24V MPFI DOHC,8-Speed Automatic,Sting Gray Clearcoat,Black,None Reported,Yes,40459.0,3.6,,3,2.6067,3880.0,0,0,0,0.0466
Ram,1500 Big Horn,2021,49583.0,Gasoline,5.7L V8 16V MPFI OHV,8-Speed Automatic,Billet Silver Metallic Clearcoat,Black,None Reported,Unknown,42816.0,5.7,,3,0.8635,12396.0,0,0,0,0.1487
Porsche,Cayenne Diesel,2015,97300.0,Diesel,240.0HP 3.0L V6 Cylinder Engine Diesel Fuel,8-Speed A/T,Black,Black,None Reported,Yes,29995.0,3.0,6.0,9,0.3083,9730.0,1,0,0,0.8757
Chevrolet,Camaro Base,2002,89000.0,Gasoline,200.0HP 3.8L V6 Cylinder Engine Gasoline Fuel,A/T,Silver,Black,None Reported,Yes,10400.0,3.8,6.0,22,0.1169,3870.0,0,0,0,1.958
Porsche,Cayenne S,2015,52111.0,Gasoline,420.0HP 3.6L V6 Cylinder Engine Gasoline Fuel,8-Speed A/T,Black,Black,At Least 1 Accident Or Damage Reported,Yes,37500.0,3.6,6.0,9,0.7196,5211.0,1,1,0,0.469
Dodge,Challenger R/T Scat Pack,2019,75800.0,Gasoline,6.4 Liter,Automatic,Gray,Black,None Reported,Unknown,35998.0,,,5,0.4749,12633.0,0,0,0,0.379
Lexus,Es 350 Base,2010,113500.0,Gasoline,272.0HP 3.5L V6 Cylinder Engine Gasoline Fuel,A/T,Red,Beige,At Least 1 Accident Or Damage Reported,Yes,11000.0,3.5,6.0,14,0.0969,7567.0,1,1,0,1.589
Audi,Q3 2.0T Premium Plus,2015,155382.0,Gasoline,200.0HP 2.0L 4 Cylinder Engine Gasoline Fuel,A/T,Brown,Gray,At Least 1 Accident Or Damage Reported,Yes,13500.0,2.0,4.0,9,0.0869,15538.0,1,1,0,1.3984
Mercedes-Benz,E-Class E 550,2016,49643.0,Gasoline,402.0HP 4.7L 8 Cylinder Engine Gasoline Fuel,7-Speed A/T,White,Black,At Least 1 Accident Or Damage Reported,Yes,33995.0,4.7,8.0,8,0.6848,5516.0,1,1,0,0.3971
Bmw,650 I Xdrive,2015,76474.0,Gasoline,445.0HP 4.4L 8 Cylinder Engine Gasoline Fuel,Transmission W/Dual Shift Mode,White,Black,None Reported,Yes,32000.0,4.4,8.0,9,0.4184,7647.0,1,0,0,0.6883
Porsche,Cayman Base,2016,10431.0,Gasoline,275.0HP 2.7L Flat 6 Cylinder Engine Gasoline Fuel,7-Speed A/T,Red,Black,None Reported,Yes,50999.0,2.7,6.0,8,4.8887,1159.0,1,0,0,0.0834
Infiniti,Fx50 Base,2009,190120.0,Gasoline,390.0HP 5.0L 8 Cylinder Engine Gasoline Fuel,7-Speed A/T,Gray,Black,At Least 1 Accident Or Damage Reported,Yes,12500.0,5.0,8.0,15,0.0657,11882.0,0,1,0,2.8518
Ford,F-150 Xlt,2020,92000.0,Gasoline,375.0HP 3.5L V6 Cylinder Engine Gasoline Fuel,10-Speed A/T,Gray,Black,None Reported,Yes,29999.0,3.5,6.0,4,0.3261,18400.0,0,0,0,0.368
Chevrolet,Camaro 2Lt,2017,24000.0,Gasoline,335.0HP 3.6L V6 Cylinder Engine Gasoline Fuel,6-Speed M/T,Yellow,Black,None Reported,Yes,32000.0,3.6,6.0,7,1.3333,3000.0,0,0,0,0.168
Ram,1500 Big Horn,2020,25396.0,Gasoline,5.7L V8 16V MPFI OHV,8-Speed Automatic,Maximum Steel Metallic,Black,None Reported,Yes,43250.0,5.7,,4,1.703,5079.0,0,0,0,0.1016
Chevrolet,Silverado 2500 H/D,2001,167000.0,Gasoline,300.0HP 6.0L 8 Cylinder Engine Gasoline Fuel,4-Speed A/T,White,Gray,At Least 1 Accident Or Damage Reported,Yes,6500.0,6.0,8.0,23,0.0389,6958.0,0,1,0,3.841
Ram,1500 Laramie,2022,18645.0,Gasoline,5.7L V8 16V MPFI OHV,Automatic,Diamond Black,Black,None Reported,Yes,49700.0,5.7,,2,2.6655,6215.0,0,0,0,0.0373
Porsche,911 Turbo,2018,28470.0,Gasoline,540.0HP 3.8L Flat 6 Cylinder Engine Gasoline Fuel,Transmission W/Dual Shift Mode,White,Black,At Least 1 Accident Or Damage Reported,Yes,147500.0,3.8,6.0,6,5.1807,4067.0,1,1,0,0.1708
Ford,Mustang V6,2016,54000.0,Gasoline,300.0HP 3.7L V6 Cylinder Engine Gasoline Fuel,6-Speed A/T,White,Black,None Reported,Yes,23999.0,3.7,6.0,8,0.4444,6000.0,0,0,0,0.432
Hyundai,Accent Gl,2003,83000.0,Gasoline,104.0HP 1.6L 4 Cylinder Engine Gasoline Fuel,M/T,Blue,Gray,None Reported,Yes,2900.0,1.6,4.0,21,0.0349,3773.0,0,0,0,1.743
Audi,Q5 S Line Premium Plus,2022,10071.0,Hybrid,2.0 Liter TFSI,Automatic,Mythos Black Metallic,Black,None Reported,Unknown,40598.0,,,2,4.0308,3357.0,1,0,1,0.0201
Ford,F-150 Xlt,2021,43329.0,Gasoline,3.5L V6 24V PDI DOHC Twin Turbo,10-Speed Automatic,Carbonized Gray Metallic,Black,None Reported,Yes,43642.0,3.5,,3,1.0072,10832.0,0,0,0,0.13
Lexus,Rc F Base,2015,51400.0,Gasoline,467.0HP 5.0L 8 Cylinder Engine Gasoline Fuel,8-Speed A/T,Silver,Gray,None Reported,Yes,43000.0,5.0,8.0,9,0.8366,5140.0,1,0,0,0.4626
Chevrolet,Suburban 1500 Lt,2015,153800.0,E85 Flex Fuel,355.0HP 5.3L 8 Cylinder Engine Flex Fuel Capability,6-Speed A/T,Silver,Black,At Least 1 Accident Or Damage Reported,Yes,23000.0,5.3,8.0,9,0.1495,15380.0,0,1,0,1.3842
Land,Rover Range Rover Sport Svr Carbon Edition,2022,9000.0,Gasoline,575.0HP 5.0L 8 Cylinder Engine Gasoline Fuel,A/T,Green,Gray,None Reported,Yes,115000.0,5.0,8.0,2,12.7764,3000.0,0,0,0,0.018
Dodge,Viper Srt-10,2003,10800.0,Gasoline,500.0HP 8.3L 10 Cylinder Engine Gasoline Fuel,6-Speed M/T,Silver,Black,None Reported,Yes,65499.0,8.3,10.0,21,6.0642,491.0,0,0,0,0.2268
Ram,1500 Laramie,2020,10458.0,Gasoline,5.7L V8 16V MPFI OHV,8-Speed Automatic,Delmonico Red Pearlcoat,Black,None Reported,Yes,48815.0,5.7,,4,4.6673,2092.0,0,0,0,0.0418
Bmw,328 I,2014,84709.0,Gasoline,240.0HP 2.0L 4 Cylinder Engine Gasoline Fuel,8-Speed A/T,Silver,Gray,None Reported,Yes,13800.0,2.0,4.0,10,0.1629,7701.0,1,0,0,0.8471
Mercedes-Benz,Amg C 43 Amg C 43 4Matic,2019,33500.0,Gasoline,385.0HP 3.0L V6 Cylinder Engine Gasoline Fuel,9-Speed A/T,Red,Black,None Reported,Yes,45770.0,3.0,6.0,5,1.3662,5583.0,1,0,0,0.1675
Bmw,M4 Base,2015,98000.0,Gasoline,425.0HP 3.0L Straight 6 Cylinder Engine Gasoline Fuel,Transmission W/Dual Shift Mode,Black,Orange,None Reported,Yes,32999.0,3.0,6.0,9,0.3367,9800.0,1,0,0,0.882
Bmw,750 I,2008,94653.0,Gasoline,360.0HP 4.8L 8 Cylinder Engine Gasoline Fuel,A/T,Green,Green,At Least 1 Accident Or Damage Reported,Yes,7300.0,4.8,8.0,16,0.0771,5568.0,1,1,0,1.5144
Ford,Expedition Limited,2023,9281.0,Gasoline,440.0HP 3.5L V6 Cylinder Engine Gasoline Fuel,A/T,Black,Black,None Reported,Yes,85000.0,3.5,6.0,1,9.1575,4640.0,0,0,0,0.0093
Chevrolet,Traverse Premier,2023,11806.0,Gasoline,310.0HP 3.6L V6 Cylinder Engine Gasoline Fuel,9-Speed A/T,White,Black,None Reported,Yes,47000.0,3.6,6.0,1,3.9807,5903.0,0,0,0,0.0118
Mercedes-Benz,E-Class D 2.5 Turbo,1993,70015.0,–,–,4-Speed A/T,Gray,Gray,None Reported,Yes,22500.0,,,31,0.3214,2188.0,1,0,0,2.1705
Cadillac,Escalade Platinum,2020,48613.0,Gasoline,420.0HP 6.2L 8 Cylinder Engine Gasoline Fuel,A/T,Black,Black,At Least 1 Accident Or Damage Reported,Yes,61500.0,6.2,8.0,4,1.2651,9723.0,1,1,0,0.1945
Ram,3500 Tradesman,2023,2990.0,Diesel,400.0HP 6.7L Straight 6 Cylinder Engine Diesel Fuel,A/T,White,Black,At Least 1 Accident Or Damage Reported,Yes,69900.0,6.7,6.0,1,23.3701,1495.0,0,1,0,0.003
Audi,Tt 1.8L,2005,124747.0,Gasoline,180.0HP 1.8L 4 Cylinder Engine Gasoline Fuel,Transmission W/Dual Shift Mode,Silver,Black,None Reported,Yes,6900.0,1.8,4.0,19,0.0553,6237.0,1,0,0,2.3702
Ram,1500 Big Horn,2021,24000.0,Hybrid,395.0HP 5.7L 8 Cylinder Engine Gasoline/Mild Electric Hybrid,A/T,Silver,Black,None Reported,Yes,42000.0,5.7,8.0,3,1.7499,6000.0,0,0,1,0.072
Mazda,Cx-7 Sport,2009,113000.0,Gasoline,244.0HP 2.3L 4 Cylinder Engine Gasoline Fuel,6-Speed A/T,Gray,Black,None Reported,Yes,5499.0,2.3,4.0,15,0.0487,7062.0,0,0,0,1.695
Infiniti,Qx60 Base,2017,89106.0,Gasoline,295.0HP 3.5L V6 Cylinder Engine Gasoline Fuel,Transmission W/Dual Shift Mode,White,Beige,None Reported,Yes,18000.0,3.5,6.0,7,0.202,11138.0,0,0,0,0.6237
Ford,F-250 Platinum,2017,22000.0,E85 Flex Fuel,385.0HP 6.2L 8 Cylinder Engine Flex Fuel Capability,6-Speed A/T,Beige,Black,At Least 1 Accident Or Damage Reported,Yes,53000.0,6.2,8.0,7,2.409,2750.0,0,1,0,0.154
Jeep,Compass Limited,2022,20472.0,Gasoline,2.4L I4 16V MPFI SOHC,9-Speed Automatic,Red,Black,None Reported,Unknown,28298.0,2.4,,2,1.3822,6824.0,0,0,0,0.0409
Infiniti,Qx80 Sensory,2023,8600.0,Gasoline,400.0HP 5.6L 8 Cylinder Engine Gasoline Fuel,7-Speed A/T,Black,Brown,Unknown,Unknown,78990.0,5.6,8.0,1,9.1838,4300.0,0,0,0,0.0086
Chevrolet,Silverado 1500 Limited Lt Trail Boss,2022,4753.0,Gasoline,355.0HP 5.3L 8 Cylinder Engine Gasoline Fuel,10-Speed A/T,White,Black,None Reported,Yes,57000.0,5.3,8.0,2,11.9899,1584.0,0,0,0,0.0095
Hyundai,Genesis Coupe 2.0T,2010,65000.0,Gasoline,210.0HP 2.0L 4 Cylinder Engine Gasoline Fuel,A/T,Gray,Black,Unknown,Unknown,8900.0,2.0,4.0,14,0.1369,4333.0,0,0,0,0.91
Chevrolet,Camaro 1Ss,2021,15000.0,Gasoline,455.0HP 6.2L 8 Cylinder Engine Gasoline Fuel,6-Speed M/T,Blue,Gray,None Reported,Yes,43500.0,6.2,8.0,3,2.8998,3750.0,0,0,0,0.045
Chevrolet,Tahoe Base,1997,223089.60000000012,Diesel,180.0HP 6.5L 8 Cylinder Engine Diesel Fuel,A/T,Green,Beige,At Least 1 Accident Or Damage Reported,Yes,19500.0,6.5,8.0,27,0.0874,7967.0,0,1,0,6.0234
Audi,A6 3.0 Tdi Premium Plus,2014,42400.0,Diesel,240.0HP 3.0L V6 Cylinder Engine Diesel Fuel,8-Speed A/T,Silver,Black,None Reported,Yes,26500.0,3.0,6.0,10,0.625,3855.0,1,0,0,0.424
Land,Rover Defender S,2023,15840.0,Gasoline,296.0HP 2.0L 4 Cylinder Engine Gasoline Fuel,8-Speed A/T,White,Black,None Reported,Yes,69900.0,2.0,4.0,1,4.4126,7920.0,0,0,0,0.0158
Porsche,Cayenne S,2016,76200.0,Gasoline,420.0HP 3.6L V6 Cylinder Engine Gasoline Fuel,Transmission W/Dual Shift Mode,Gray,Beige,None Reported,Yes,42000.0,3.6,6.0,8,0.5512,8467.0,1,0,0,0.6096
Chevrolet,Suburban Premier,2019,105667.0,Gasoline,355.0HP 5.3L 8 Cylinder Engine Gasoline Fuel,6-Speed A/T,Black,Beige,None Reported,Yes,39000.0,5.3,8.0,5,0.3691,17611.0,0,0,0,0.5283
Chevrolet,Suburban Premier,2019,51338.0,Gasoline,355.0HP 5.3L 8 Cylinder Engine Gasoline Fuel,6-Speed A/T,White,Black,None Reported,Yes,49900.0,5.3,8.0,5,0.972,8556.0,0,0,0,0.2567
Dodge,Dart Se,2016,76857.0,Gasoline,160.0HP 2.0L 4 Cylinder Engine Gasoline Fuel,M/T,Black,Black,At Least 1 Accident Or Damage Reported,Yes,8100.0,2.0,4.0,8,0.1054,8540.0,0,1,0,0.6149
Ford,F-250 Lariat,2019,80200.0,E85 Flex Fuel,385.0HP 6.2L 8 Cylinder Engine Flex Fuel Capability,A/T,White,Black,None Reported,Yes,42500.0,6.2,8.0,5,0.5299,13367.0,0,0,0,0.401
Toyota,Sequoia Sr5,2002,223089.60000000012,Gasoline,240.0HP 4.7L 8 Cylinder Engine Gasoline Fuel,A/T,White,–,At Least 1 Accident Or Damage Reported,Yes,3950.0,4.7,8.0,22,0.0177,9700.0,0,1,0,4.908
Ford,Mustang Gt,2014,38560.0,Gasoline,420.0HP 5.0L 8 Cylinder Engine Gasoline Fuel,6-Speed M/T,Black,Black,At Least 1 Accident Or Damage Reported,Yes,28500.0,5.0,8.0,10,0.7391,3505.0,0,1,0,0.3856
Chevrolet,Corvette Stingray W/2Lt,2020,12500.0,Gasoline,490.0HP 6.2L 8 Cylinder Engine Gasoline Fuel,Transmission W/Dual Shift Mode,Yellow,Black,None Reported,Yes,84999.0,6.2,8.0,4,6.7994,2500.0,0,0,0,0.05
Hyundai,Genesis Coupe 3.8 Base,2016,45303.0,Gasoline,348.0HP 3.8L V6 Cylinder Engine Gasoline Fuel,8-Speed A/T,White,Black,None Reported,Yes,20999.0,3.8,6.0,8,0.4635,5034.0,0,0,0,0.3624
Ford,Focus St Base,2014,110000.0,Gasoline,252.0HP 2.0L 4 Cylinder Engine Gasoline Fuel,6-Speed M/T,Silver,Gray,None Reported,Yes,9495.0,2.0,4.0,10,0.0863,10000.0,0,0,0,1.1
Cadillac,Cts Luxury,2011,66200.0,Gasoline,270.0HP 3.0L V6 Cylinder Engine Gasoline Fuel,6-Speed A/T,Black,Black,None Reported,Yes,16499.0,3.0,6.0,13,0.2492,4729.0,1,0,0,0.8606
Subaru,Baja Base,2003,71000.0,Gasoline,165.0HP 2.5L 4 Cylinder Engine Gasoline Fuel,5-Speed M/T,Red,Black,None Reported,Yes,14900.0,2.5,4.0,21,0.2099,3227.0,0,0,0,1.491
Toyota,Highlander Xle,2019,81301.0,Gasoline,3.5L V6 24V PDI DOHC,8-Speed Automatic,Black,Black,None Reported,Yes,30275.0,3.5,,5,0.3724,13550.0,0,0,0,0.4065
Chevrolet,Corvette Stingray Z51,2019,7033.0,Gasoline,460.0HP 6.2L 8 Cylinder Engine Gasoline Fuel,8-Speed A/T,White,Black,None Reported,Yes,63900.0,6.2,8.0,5,9.0844,1172.0,0,0,0,0.0352
Dodge,Durango Srt,2020,36000.0,Gasoline,475.0HP 6.4L 8 Cylinder Engine Gasoline Fuel,8-Speed A/T,Gray,Red,None Reported,Yes,62000.0,6.4,8.0,4,1.7222,7200.0,0,0,0,0.144
Acura,Tsx 2.4,2010,116000.0,Gasoline,201.0HP 2.4L 4 Cylinder Engine Gasoline Fuel,6-Speed M/T,Silver,Black,At Least 1 Accident Or Damage Reported,Yes,9000.0,2.4,4.0,14,0.0776,7733.0,0,1,0,1.624
Chevrolet,Camaro 2Ss,2018,42780.0,Gasoline,455.0HP 6.2L 8 Cylinder Engine Gasoline Fuel,Transmission W/Dual Shift Mode,Black,Black,At Least 1 Accident Or Damage Reported,Yes,41100.0,6.2,8.0,6,0.9607,6111.0,0,1,0,0.2567
Bmw,640 Gran Coupe I,2014,39886.0,Gasoline,315.0HP 3.0L Straight 6 Cylinder Engine Gasoline Fuel,Transmission W/Dual Shift Mode,Black,Red,At Least 1 Accident Or Damage Reported,Yes,26000.0,3.0,6.0,10,0.6518,3626.0,1,1,0,0.3989
Audi,S5 3.0T Premium Plus,2014,151400.0,Gasoline,333.0HP 3.0L V6 Cylinder Engine Gasoline Fuel,Transmission W/Dual Shift Mode,Gray,Black,None Reported,Yes,15400.0,3.0,6.0,10,0.1017,13764.0,1,0,0,1.514
Alfa,Romeo Giulia Base,2017,48000.0,Gasoline,280.0HP 2.0L 4 Cylinder Engine Gasoline Fuel,A/T,Red,Black,None Reported,Yes,20500.0,2.0,4.0,7,0.4271,6000.0,0,0,0,0.336
Toyota,Highlander Xle,2023,8727.0,Gasoline,2.4L I4 16V PDI DOHC Turbo,8-Speed Automatic,Ruby Flare Pearl,Black,None Reported,Unknown,44596.0,2.4,,1,5.1095,4364.0,0,0,0,0.0087
Rolls-Royce,Ghost Base,2011,79000.0,Gasoline,563.0HP 6.6L 12 Cylinder Engine Gasoline Fuel,8-Speed A/T,Black,White,At Least 1 Accident Or Damage Reported,Yes,80300.0,6.6,12.0,13,1.0164,5643.0,0,1,0,1.027
Dodge,Challenger R/T,2020,54000.0,Gasoline,372.0HP 5.7L 8 Cylinder Engine Gasoline Fuel,8-Speed A/T,Gray,Black,None Reported,Yes,34000.0,5.7,8.0,4,0.6296,10800.0,0,0,0,0.216
Porsche,Cayenne Base,2016,110000.0,Gasoline,300.0HP 3.6L V6 Cylinder Engine Gasoline Fuel,A/T,White,White,At Least 1 Accident Or Damage Reported,Yes,25900.0,3.6,6.0,8,0.2355,12222.0,1,1,0,0.88
Chevrolet,Bolt Ev Lt,2020,49688.0,Gasoline,200.0HP Electric Motor Electric Fuel System,A/T,Blue,Gray,None Reported,Yes,24900.0,,,4,0.5011,9938.0,0,0,0,0.1988
Mercedes-Benz,Metris Base,2020,14000.0,Gasoline,208.0HP 2.0L 4 Cylinder Engine Gasoline Fuel,7-Speed A/T,Black,Beige,None Reported,Yes,48000.0,2.0,4.0,4,3.4283,2800.0,1,0,0,0.056
Dodge,Charger Srt Hellcat Widebody,2023,5000.0,Gasoline,717.0HP 6.2L 8 Cylinder Engine Gasoline Fuel,Transmission W/Dual Shift Mode,Gray,Black,None Reported,Yes,110000.0,6.2,8.0,1,21.9956,2500.0,0,0,0,0.005
Chevrolet,Silverado 1500 Zr2,2022,11597.0,Gasoline,6.2L V8 16V GDI OHV,Automatic,Silver Ice Metallic,Jet Black,None Reported,Unknown,68590.0,6.2,,2,5.914,3866.0,0,0,0,0.0232
Mercedes-Benz,Amg S 63 Base 4Matic,2017,86101.0,Gasoline,577.0HP 5.5L 8 Cylinder Engine Gasoline Fuel,A/T,Gray,Red,At Least 1 Accident Or Damage Reported,Yes,72777.0,5.5,8.0,7,0.8452,10763.0,1,1,0,0.6027
Chevrolet,Silverado 1500 Lt,2017,58816.0,Gasoline,5.3L V8 16V GDI OHV,6-Speed Electronically Controlled Automatic With O,Black,Jet Black,None Reported,Unknown,36590.0,5.3,,7,0.6221,7352.0,0,0,0,0.4117
Lexus,Rc 350 Base,2016,77856.0,Gasoline,3.5L V6 24V PDI DOHC,6-Speed Automatic,Atomic Silver,Black,None Reported,Yes,30919.0,3.5,,8,0.3971,8651.0,1,0,0,0.6228
Lamborghini,Urus Base,2021,20069.0,Gasoline,4.0L V8 32V GDI DOHC Twin Turbo,8-Speed Automatic,Rosso Mars Metallic,Nero Ade,None Reported,Unknown,229900.0,4.0,,3,11.4549,5017.0,0,0,0,0.0602
Gmc,Acadia Sle-1,2015,115282.0,Gasoline,3.6L V6 24V GDI DOHC,6-Speed Automatic,Crimson Red Tintcoat,Ebony,At Least 1 Accident Or Damage Reported,Yes,12433.0,3.6,,9,0.1078,11528.0,0,1,0,1.0375
Porsche,911 Gt3,2016,30700.0,Gasoline,475.0HP 3.8L Flat 6 Cylinder Engine Gasoline Fuel,7-Speed A/T,White,Black,None Reported,Yes,138999.0,3.8,6.0,8,4.5275,3411.0,1,0,0,0.2456
Mini,Cooper Base,2003,103726.0,Gasoline,115.0HP 1.6L 4 Cylinder Engine Gasoline Fuel,5-Speed M/T,Red,Gray,At Least 1 Accident Or Damage Reported,Yes,5995.0,1.6,4.0,21,0.0578,4715.0,0,1,0,2.1782
Mazda,Mx-5 Miata Sport,2008,39800.0,Gasoline,158.0HP 2.0L 4 Cylinder Engine Gasoline Fuel,Transmission W/Dual Shift Mode,Blue,Black,None Reported,Yes,13250.0,2.0,4.0,16,0.3329,2341.0,0,0,0,0.6368
Toyota,4Runner Trd Off Road,2019,79500.0,Gasoline,270.0HP 4.0L V6 Cylinder Engine Gasoline Fuel,A/T,White,Black,None Reported,Yes,33333.0,4.0,6.0,5,0.4193,13250.0,0,0,0,0.3975
Toyota,Highlander Limited,2008,165520.0,Gasoline,270.0HP 3.5L V6 Cylinder Engine Gasoline Fuel,A/T,Gray,Gray,At Least 1 Accident Or Damage Reported,Yes,9000.0,3.5,6.0,16,0.0544,9736.0,0,1,0,2.6483
Bmw,650 Gran Coupe I,2014,92000.0,Gasoline,445.0HP 4.4L 8 Cylinder Engine Gasoline Fuel,Transmission W/Dual Shift Mode,Black,Black,At Least 1 Accident Or Damage Reported,Yes,24000.0,4.4,8.0,10,0.2609,8364.0,1,1,0,0.92
Hyundai,Palisade Calligraphy,2023,1500.0,Gasoline,291.0HP 3.8L V6 Cylinder Engine Gasoline Fuel,Transmission W/Dual Shift Mode,Green,Black,None Reported,Yes,55000.0,3.8,6.0,1,36.6422,750.0,0,0,0,0.0015
Pontiac,Solstice Gxp,2008,38100.0,Gasoline,260.0HP 2.0L 4 Cylinder Engine Gasoline Fuel,5-Speed M/T,Orange,Black,None Reported,Yes,19950.0,2.0,4.0,16,0.5236,2241.0,0,0,0,0.6096
Land,Rover Range Rover Evoque Se Premium,2018,42125.0,Gasoline,237.0HP 2.0L 4 Cylinder Engine Gasoline Fuel,Transmission W/Dual Shift Mode,White,Black,None Reported,Yes,38999.0,2.0,4.0,6,0.9258,6018.0,0,0,0,0.2527
Porsche,Cayenne Diesel,2014,86818.0,Diesel,240.0HP 3.0L V6 Cylinder Engine Diesel Fuel,Transmission W/Dual Shift Mode,Silver,Black,None Reported,Yes,33500.0,3.0,6.0,10,0.3859,7893.0,1,0,0,0.8682
Bmw,M3 Competition Xdrive,2023,3490.0,Gasoline,503.0HP 3.0L Straight 6 Cylinder Engine Gasoline Fuel,8-Speed A/T,Gray,Black,None Reported,Yes,95580.0,3.0,6.0,1,27.379,1745.0,1,0,0,0.0035
Toyota,Avalon Limited,2008,111300.0,Gasoline,268.0HP 3.5L V6 Cylinder Engine Gasoline Fuel,Transmission W/Dual Shift Mode,Gold,Beige,None Reported,Yes,7900.0,3.5,6.0,16,0.071,6547.0,0,0,0,1.7808
Bmw,M3 Base,2011,98200.0,Gasoline,414.0HP 4.0L 8 Cylinder Engine Gasoline Fuel,7-Speed A/T,White,Black,None Reported,Yes,27000.0,4.0,8.0,13,0.2749,7014.0,1,0,0,1.2766
Porsche,Panamera Base,2018,42500.0,Gasoline,330.0HP 3.0L V6 Cylinder Engine Gasoline Fuel,8-Speed A/T,Black,Beige,At Least 1 Accident Or Damage Reported,Yes,53999.0,3.0,6.0,6,1.2705,6071.0,1,1,0,0.255
Jeep,Wrangler Sport,2001,171000.0,Gasoline,181.0HP 4.0L Straight 6 Cylinder Engine Gasoline Fuel,5-Speed M/T,White,Black,At Least 1 Accident Or Damage Reported,Yes,15000.0,4.0,6.0,23,0.0877,7125.0,0,1,0,3.933
Honda,Passport Trailsport,2023,11649.0,Gasoline,280.0HP 3.5L V6 Cylinder Engine Gasoline Fuel,9-Speed A/T,Black,Black,Unknown,Unknown,39999.0,3.5,6.0,1,3.4334,5824.0,0,0,0,0.0116
Mercedes-Benz,Sl-Class Sl 550,2013,24933.0,Gasoline,429.0HP 4.6L 8 Cylinder Engine Gasoline Fuel,Transmission W/Dual Shift Mode,Silver,Red,At Least 1 Accident Or Damage Reported,Yes,40250.0,4.6,8.0,11,1.6143,2078.0,1,1,0,0.2743
Audi,Rs 4 Base,2007,99769.0,Gasoline,420.0HP 4.2L 8 Cylinder Engine Gasoline Fuel,6-Speed M/T,Gray,White,None Reported,Yes,29995.0,4.2,8.0,17,0.3006,5543.0,1,0,0,1.6961
Toyota,Avalon Limited,2022,16156.0,Gasoline,3.5L V6 24V PDI DOHC,8-Speed Automatic,Blueprint,Graphite,None Reported,Unknown,39390.0,3.5,,2,2.438,5385.0,0,0,0,0.0323
Mercedes-Benz,E-Class E 350 4Matic,2008,67250.0,Gasoline,268.0HP 3.5L V6 Cylinder Engine Gasoline Fuel,A/T,White,Beige,None Reported,Yes,11900.0,3.5,6.0,16,0.1769,3956.0,1,0,0,1.076
Gmc,Yukon Denali,2021,30022.0,Gasoline,420.0HP 6.2L 8 Cylinder Engine Gasoline Fuel,A/T,Blue,Black,At Least 1 Accident Or Damage Reported,Yes,74500.0,6.2,8.0,3,2.4814,7506.0,0,1,0,0.0901
Porsche,Panamera 4S,2017,42596.0,Gasoline,440.0HP 2.9L V6 Cylinder Engine Gasoline Fuel,Transmission W/Dual Shift Mode,Black,Black,None Reported,Yes,78000.0,2.9,6.0,7,1.8311,5324.0,1,0,0,0.2982
Ford,Explorer Xlt,2021,33705.0,Gasoline,2.3L I4 16V GDI DOHC Turbo,10-Speed Automatic,White,Light Slate,At Least 1 Accident Or Damage Reported,Yes,36995.0,2.3,,3,1.0976,8426.0,0,1,0,0.1011
Land,Rover Lr4 Hse Lux Landmark Edition,2016,63300.0,Gasoline,340.0HP 3.0L V6 Cylinder Engine Gasoline Fuel,8-Speed A/T,White,Brown,None Reported,Yes,31000.0,3.0,6.0,8,0.4897,7033.0,0,0,0,0.5064
Acura,Tlx Type S W/Performance Tire,2023,4700.0,Gasoline,355.0HP 3.0L V6 Cylinder Engine Gasoline Fuel,10-Speed A/T,Red,Black,None Reported,Yes,52000.0,3.0,6.0,1,11.0615,2350.0,0,0,0,0.0047
Toyota,Tacoma Base,2020,27256.0,Gasoline,3.5 Liter,6 Speed At/Mt,Midnight Black Metallic,Black/Gun Metal,None Reported,Unknown,42998.0,,,4,1.5775,5451.0,0,0,0,0.109
Hummer,H3 Base,2010,107481.0,Gasoline,239.0HP 3.7L 5 Cylinder Engine Gasoline Fuel,A/T,White,Black,None Reported,Yes,13500.0,3.7,5.0,14,0.1256,7165.0,0,0,0,1.5047
Tesla,Model 3 Long Range,2018,61700.0,Gasoline,271.0HP Electric Motor Electric Fuel System,A/T,White,Black,None Reported,Yes,25900.0,,,6,0.4198,8814.0,0,0,0,0.3702
Volvo,850 Turbo,1995,94000.0,–,–,A/T,White,Black,None Reported,Yes,4500.0,,,29,0.0479,3133.0,0,0,0,2.726
Jeep,Wrangler Unlimited Sahara,2017,128000.0,Gasoline,285.0HP 3.6L V6 Cylinder Engine Gasoline Fuel,5-Speed A/T,Gray,Black,None Reported,Yes,26800.0,3.6,6.0,7,0.2094,16000.0,0,0,0,0.896
Chevrolet,Camaro 2Ss,2018,26000.0,Gasoline,455.0HP 6.2L 8 Cylinder Engine Gasoline Fuel,8-Speed A/T,White,Black,None Reported,Yes,39000.0,6.2,8.0,6,1.4999,3714.0,0,0,0,0.156
Audi,S6 4.0T,2015,74000.0,Gasoline,420.0HP 4.0L 8 Cylinder Engine Gasoline Fuel,7-Speed A/T,Blue,Gray,None Reported,Yes,29950.0,4.0,8.0,9,0.4047,7400.0,1,0,0,0.666
Audi,Tt Rs Base,2012,54900.0,Gasoline,360.0HP 2.5L 5 Cylinder Engine Gasoline Fuel,6-Speed M/T,White,Brown,Unknown,Unknown,28900.0,2.5,5.0,12,0.5264,4223.0,1,0,0,0.6588
Infiniti,Qx56 Base,2012,141775.0,Gasoline,400.0HP 5.6L 8 Cylinder Engine Gasoline Fuel,Transmission W/Dual Shift Mode,White,Beige,None Reported,Yes,11500.0,5.6,8.0,12,0.0811,10906.0,0,0,0,1.7013
Volkswagen,New Beetle Gls,2001,63250.0,Gasoline,115.0HP 2.0L 4 Cylinder Engine Gasoline Fuel,4-Speed A/T,Yellow,Yellow,None Reported,Yes,12000.0,2.0,4.0,23,0.1897,2635.0,0,0,0,1.4548
Audi,Q5 S Line Premium Plus,2022,13895.0,Hybrid,2.0 Liter TFSI,Automatic,Daytona Gray,Black,None Reported,Unknown,44998.0,,,2,3.2382,4632.0,1,0,1,0.0278
Ford,F-250 Xl,2014,35900.0,E85 Flex Fuel,385.0HP 6.2L 8 Cylinder Engine Flex Fuel Capability,Transmission W/Dual Shift Mode,Blue,Gray,At Least 1 Accident Or Damage Reported,Yes,27900.0,6.2,8.0,10,0.7771,3264.0,0,1,0,0.359
Gmc,Yukon Xl Denali,2022,48306.0,Gasoline,6.2L V8 16V GDI OHV,10-Speed Automatic,Summit White,Jet Black,At Least 1 Accident Or Damage Reported,Yes,71999.0,6.2,,2,1.4904,16102.0,0,1,0,0.0966
Audi,A4 2.0T Premium,2012,125000.0,Gasoline,211.0HP 2.0L 4 Cylinder Engine Gasoline Fuel,8-Speed A/T,Black,Black,None Reported,Yes,10500.0,2.0,4.0,12,0.084,9615.0,1,0,0,1.5
Dodge,Challenger Srt 392,2016,37700.0,–,–,8-Speed A/T,Black,Black,At Least 1 Accident Or Damage Reported,Yes,38000.0,,,8,1.0079,4189.0,0,1,0,0.3016
Tesla,Model S P100D,2017,103000.0,Gasoline,Electric Motor Electric Fuel System,1-Speed A/T,Black,White,None Reported,Yes,36000.0,,,7,0.3495,12875.0,0,0,0,0.721
Mazda,Cx-30 Premium Package,2021,45303.0,Gasoline,2.5L I4 16V GDI DOHC,6-Speed Automatic,Snowflake White Pearl,White / Brown,None Reported,Unknown,25382.0,2.5,,3,0.5603,11326.0,0,0,0,0.1359
Lexus,Es 350 Base,2016,53900.0,Gasoline,268.0HP 3.5L V6 Cylinder Engine Gasoline Fuel,A/T,Red,Beige,None Reported,Yes,27500.0,3.5,6.0,8,0.5102,5989.0,1,0,0,0.4312
Jeep,Wrangler Sahara,2008,54000.0,Gasoline,202.0HP 3.8L V6 Cylinder Engine Gasoline Fuel,A/T,Green,Gray,None Reported,Yes,20000.0,3.8,6.0,16,0.3704,3176.0,0,0,0,0.864
Chevrolet,Avalanche 1500 Ltz,2007,129000.0,Gasoline,366.0HP 6.0L 8 Cylinder Engine Gasoline Fuel,A/T,White,Beige,None Reported,Yes,17950.0,6.0,8.0,17,0.1391,7167.0,0,0,0,2.193
Jeep,Grand Cherokee L Laredo,2022,10232.0,Gasoline,3.6L V6 24V MPFI DOHC,Automatic,Diamond Black,Global Black,None Reported,Yes,44646.0,3.6,,2,4.3629,3411.0,0,0,0,0.0205
Acura,Mdx W/Advance Package,2023,3708.0,Gasoline,3.5 Liter SOHC,Automatic,White,Espresso,None Reported,Unknown,58998.0,,,1,15.9067,1854.0,0,0,0,0.0037
Nissan,Pathfinder Sl,2018,167000.0,Gasoline,284.0HP 3.5L V6 Cylinder Engine Gasoline Fuel,A/T,Black,Beige,Unknown,Unknown,14500.0,3.5,6.0,6,0.0868,23857.0,0,0,0,1.002
Tesla,Model X Long Range,2019,37000.0,Gasoline,518.0HP Electric Motor Electric Fuel System,1-Speed A/T,Gray,Black,None Reported,Yes,58000.0,,,5,1.5675,6167.0,0,0,0,0.185
Subaru,Impreza Premium,2022,10419.0,Gasoline,"2L H-4 gasoline direct injection, DOHC, variable valve control,",Variable,Crystal White Pearl,Black,At Least 1 Accident Or Damage Reported,Unknown,24998.0,2.0,,2,2.399,3473.0,0,1,0,0.0208
Audi,A8 4.0T,2014,96238.0,Gasoline,420.0HP 4.0L 8 Cylinder Engine Gasoline Fuel,Transmission W/Dual Shift Mode,Black,Black,At Least 1 Accident Or Damage Reported,Yes,22500.0,4.0,8.0,10,0.2338,8749.0,1,1,0,0.9624
Subaru,Ascent Limited 7-Passenger,2022,12700.0,Gasoline,260.0HP 2.4L 4 Cylinder Engine Gasoline Fuel,Cvt Transmission,White,Beige,None Reported,Yes,38500.0,2.4,4.0,2,3.0313,4233.0,0,0,0,0.0254
Chevrolet,Avalanche 1500 Lt,2007,223089.60000000012,E85 Flex Fuel,320.0HP 5.3L 8 Cylinder Engine Flex Fuel Capability,A/T,Gray,Gray,None Reported,Yes,16900.0,5.3,8.0,17,0.0758,12394.0,0,0,0,3.7925
Porsche,Cayenne S,2015,124000.0,Gasoline,420.0HP 3.6L V6 Cylinder Engine Gasoline Fuel,8-Speed A/T,White,Beige,None Reported,Yes,25000.0,3.6,6.0,9,0.2016,12400.0,1,0,0,1.116
Bmw,335 I,2009,123000.0,Gasoline,300.0HP 3.0L Straight 6 Cylinder Engine Gasoline Fuel,A/T,Purple,Black,None Reported,Yes,15000.0,3.0,6.0,15,0.122,7688.0,1,0,0,1.845
Gmc,Sierra 1500 Limited Elevation,2022,24900.0,Gasoline,310.0HP 2.7L 4 Cylinder Engine Gasoline Fuel,8-Speed A/T,Black,Black,None Reported,Yes,49900.0,2.7,4.0,2,2.0039,8300.0,0,0,0,0.0498
Ford,Explorer Sport,2016,95500.0,Gasoline,365.0HP 3.5L V6 Cylinder Engine Gasoline Fuel,Transmission W/Dual Shift Mode,Black,Black,None Reported,Yes,20000.0,3.5,6.0,8,0.2094,10611.0,0,0,0,0.764
Lexus,Lx 570 Three-Row,2021,48300.0,Gasoline,383.0HP 5.7L 8 Cylinder Engine Gasoline Fuel,A/T,White,Red,None Reported,Yes,82000.0,5.7,8.0,3,1.6977,12075.0,1,0,0,0.1449
Bmw,M3 Base,2008,94000.0,Gasoline,414.0HP 4.0L 8 Cylinder Engine Gasoline Fuel,6-Speed M/T,Gray,Red,None Reported,Yes,25999.0,4.0,8.0,16,0.2766,5529.0,1,0,0,1.504
Nissan,Xterra Pro-4X,2011,183000.0,Gasoline,261.0HP 4.0L V6 Cylinder Engine Gasoline Fuel,A/T,Black,Gray,At Least 1 Accident Or Damage Reported,Yes,12000.0,4.0,6.0,13,0.0656,13071.0,0,1,0,2.379
Ford,Fusion Hybrid Se Hybrid,2013,126225.0,Hybrid,188.0HP 2.0L 4 Cylinder Engine Gas/Electric Hybrid,Cvt Transmission,Silver,Black,At Least 1 Accident Or Damage Reported,Yes,11500.0,2.0,4.0,11,0.0911,10519.0,0,1,1,1.3885
Volkswagen,Golf Gti 2.0T Se 4-Door,2016,87892.0,Gasoline,210.0HP 2.0L 4 Cylinder Engine Gasoline Fuel,6-Speed M/T,Gray,Black,None Reported,Yes,16000.0,2.0,4.0,8,0.182,9766.0,0,0,0,0.7031
Cadillac,Cts-V Base,2012,45000.0,Gasoline,556.0HP 6.2L 8 Cylinder Engine Gasoline Fuel,6-Speed A/T,Red,Black,None Reported,Yes,41500.0,6.2,8.0,12,0.9222,3462.0,1,0,0,0.54
Aston,Martin Vantage Base,2022,1023.0,Gasoline,503.0HP 4.0L 8 Cylinder Engine Gasoline Fuel,8-Speed A/T,Blue,Brown,None Reported,Yes,156900.0,4.0,8.0,2,153.2227,341.0,0,0,0,0.002
Lexus,Gx 460 Base,2015,106000.0,Gasoline,301.0HP 4.6L 8 Cylinder Engine Gasoline Fuel,A/T,Black,Beige,None Reported,Yes,37500.0,4.6,8.0,9,0.3538,10600.0,1,0,0,0.954
Gmc,Acadia Slt-1,2019,51300.0,Gasoline,193.0HP 2.5L 4 Cylinder Engine Gasoline Fuel,6-Speed A/T,Black,Black,At Least 1 Accident Or Damage Reported,Yes,25500.0,2.5,4.0,5,0.4971,8550.0,0,1,0,0.2565
Ford,Bronco Sport Big Bend,2021,30176.0,Gasoline,1.5L I3 12V PDI DOHC Turbo,8-Speed Automatic,Black,Medium Dark Slate,None Reported,Yes,28979.0,1.5,,3,0.9603,7544.0,0,0,0,0.0905
Nissan,Titan Sv,2021,27598.0,Gasoline,5.6L V8 32V GDI DOHC,9-Speed Automatic,Black,Black,None Reported,Unknown,39884.0,5.6,,3,1.4451,6900.0,0,0,0,0.0828
Volkswagen,Jetta Sportwagen Se,2012,107000.0,Gasoline,170.0HP 2.5L 5 Cylinder Engine Gasoline Fuel,A/T,Black,Beige,None Reported,Yes,9499.0,2.5,5.0,12,0.0888,8231.0,0,0,0,1.284
Land,Rover Range Rover 5.0L V8 Supercharged,2019,17500.0,Gasoline,518.0HP 5.0L 8 Cylinder Engine Gasoline Fuel,8-Speed A/T,Black,Black,None Reported,Yes,65000.0,5.0,8.0,5,3.7141,2917.0,0,0,0,0.0875
Ram,2500 Laramie,2017,117878.0,Diesel,350.0HP 6.7L Straight 6 Cylinder Engine Diesel Fuel,Transmission W/Dual Shift Mode,Red,Black,None Reported,Yes,42000.0,6.7,6.0,7,0.3563,14735.0,0,0,0,0.8251
Nissan,Murano Sl,2010,138700.0,Gasoline,265.0HP 3.5L V6 Cylinder Engine Gasoline Fuel,Cvt Transmission,Gray,Black,At Least 1 Accident Or Damage Reported,Yes,7000.0,3.5,6.0,14,0.0505,9247.0,0,1,0,1.9418
Cadillac,Escalade Esv Base,2009,152068.0,E85 Flex Fuel,403.0HP 6.2L 8 Cylinder Engine Flex Fuel Capability,6-Speed A/T,White,Black,At Least 1 Accident Or Damage Reported,Yes,12350.0,6.2,8.0,15,0.0812,9504.0,1,1,0,2.281
Bmw,428 I Xdrive Sulev,2016,77000.0,Gasoline,240.0HP 2.0L 4 Cylinder Engine Gasoline Fuel,Transmission W/Dual Shift Mode,White,Red,At Least 1 Accident Or Damage Reported,Yes,26999.0,2.0,4.0,8,0.3506,8556.0,1,1,0,0.616
Ford,Focus Rs Base,2017,26000.0,Gasoline,350.0HP 2.3L 4 Cylinder Engine Gasoline Fuel,6-Speed M/T,Gray,Black,None Reported,Yes,37000.0,2.3,4.0,7,1.423,3250.0,0,0,0,0.182
Lexus,Ct 200H Premium,2014,131200.0,Hybrid,134.0HP 1.8L 4 Cylinder Engine Gas/Electric Hybrid,A/T,Brown,Brown,None Reported,Yes,14000.0,1.8,4.0,10,0.1067,11927.0,1,0,1,1.312
Buick,Enclave Leather,2017,83280.0,Gasoline,3.6L V6 24V GDI DOHC,6-Speed Automatic,Quicksilver Metallic,Ebony,None Reported,Unknown,20599.0,3.6,,7,0.2473,10410.0,0,0,0,0.583
Bmw,M3 Base,2015,59000.0,Gasoline,425.0HP 3.0L Straight 6 Cylinder Engine Gasoline Fuel,6-Speed M/T,Gray,Black,None Reported,Yes,53500.0,3.0,6.0,9,0.9068,5900.0,1,0,0,0.531
Volkswagen,Arteon 2.0T Sel R-Line,2020,15500.0,Gasoline,268.0HP 2.0L 4 Cylinder Engine Gasoline Fuel,8-Speed A/T,Silver,Black,None Reported,Yes,30000.0,2.0,4.0,4,1.9354,3100.0,0,0,0,0.062
Bmw,X6 Xdrive35I,2013,90000.0,Gasoline,300.0HP 3.0L Straight 6 Cylinder Engine Gasoline Fuel,8-Speed A/T,White,Red,None Reported,Yes,19950.0,3.0,6.0,11,0.2217,7500.0,1,0,0,0.99
Infiniti,G35 Base,2006,94000.0,Gasoline,280.0HP 3.5L V6 Cylinder Engine Gasoline Fuel,Transmission W/Dual Shift Mode,White,Gray,At Least 1 Accident Or Damage Reported,Yes,10995.0,3.5,6.0,18,0.117,4947.0,0,1,0,1.692
Hummer,H2 Base,2008,63750.0,Gasoline,393.0HP 6.2L 8 Cylinder Engine Gasoline Fuel,6-Speed A/T,White,Black,At Least 1 Accident Or Damage Reported,Yes,55000.0,6.2,8.0,16,0.8627,3750.0,0,1,0,1.02
Mercedes-Benz,C-Class C 300 4Matic Luxury,2011,95500.0,Gasoline,228.0HP 3.0L V6 Cylinder Engine Gasoline Fuel,A/T,Black,Beige,At Least 1 Accident Or Damage Reported,Yes,15990.0,3.0,6.0,13,0.1674,6821.0,1,1,0,1.2415
Acura,Ilx Premium Package,2019,37900.0,Gasoline,201.0HP 2.4L 4 Cylinder Engine Gasoline Fuel,A/T,White,Black,None Reported,Yes,26000.0,2.4,4.0,5,0.686,6317.0,0,0,0,0.1895
Porsche,911 Gt3,2015,13250.0,Gasoline,475.0HP 3.8L Flat 6 Cylinder Engine Gasoline Fuel,7-Speed A/T,Brown,Gray,None Reported,Yes,154900.0,3.8,6.0,9,11.6897,1325.0,1,0,0,0.1192
Ram,1500 Longhorn,2019,76249.0,Gasoline,5.7L V8 16V MPFI OHV,8-Speed Automatic,Diamond Black,Mountain Brown,At Least 1 Accident Or Damage Reported,Unknown,40995.0,5.7,,5,0.5376,12708.0,0,1,0,0.3812
Bmw,M3 Base,2001,81000.0,Gasoline,333.0HP 3.2L Straight 6 Cylinder Engine Gasoline Fuel,6-Speed M/T,Blue,Gray,None Reported,Yes,39000.0,3.2,6.0,23,0.4815,3375.0,1,0,0,1.863
Chevrolet,Suburban Lt,2022,37806.0,Gasoline,355.0HP 5.3L 8 Cylinder Engine Gasoline Fuel,10-Speed A/T,Black,Black,None Reported,Yes,60894.0,5.3,8.0,2,1.6107,12602.0,0,0,0,0.0756
Dodge,Ram 2500 St,2010,151544.0,Gasoline,355.0HP 5.7L 8 Cylinder Engine Gasoline Fuel,5-Speed A/T,Brown,Gray,At Least 1 Accident Or Damage Reported,Yes,17700.0,5.7,8.0,14,0.1168,10103.0,0,1,0,2.1216
Chevrolet,Camaro 2Ss,2012,60345.0,Gasoline,400.0HP 6.2L 8 Cylinder Engine Gasoline Fuel,6-Speed A/T,Yellow,Black,None Reported,Yes,26950.0,6.2,8.0,12,0.4466,4642.0,0,0,0,0.7241
Dodge,Challenger Se,2010,90305.0,Gasoline,250.0HP 3.5L V6 Cylinder Engine Gasoline Fuel,A/T,Gray,Black,None Reported,Yes,12000.0,3.5,6.0,14,0.1329,6020.0,0,0,0,1.2643
Jeep,Grand Cherokee L Limited,2022,13275.0,Gasoline,3.6L V6 24V MPFI DOHC,8-Speed Automatic,Velvet Red Pearlcoat,Global Black,None Reported,Unknown,42599.0,3.6,,2,3.2087,4425.0,0,0,0,0.0266
Chevrolet,Camaro 2Ss,2018,8660.0,Gasoline,455.0HP 6.2L 8 Cylinder Engine Gasoline Fuel,8-Speed A/T,White,Black,None Reported,Yes,45000.0,6.2,8.0,6,5.1957,1237.0,0,0,0,0.052
Ford,F-350 Lariat,2021,28220.0,Diesel,475.0HP 6.7L 8 Cylinder Engine Diesel Fuel,10-Speed A/T,Silver,Black,None Reported,Yes,73600.0,6.7,8.0,3,2.608,7055.0,0,0,0,0.0847
Ford,F-250 King Ranch,2015,97700.0,Diesel,440.0HP 6.7L 8 Cylinder Engine Diesel Fuel,6-Speed A/T,Black,–,None Reported,Yes,39950.0,6.7,8.0,9,0.4089,9770.0,0,0,0,0.8793
Chevrolet,Corvette Stingray W/3Lt,2023,4200.0,Gasoline,490.0HP 6.2L 8 Cylinder Engine Gasoline Fuel,A/T,White,Black,None Reported,Yes,98000.0,6.2,8.0,1,23.3278,2100.0,0,0,0,0.0042
Bentley,Continental Gt V8 First Edition,2020,27404.0,Gasoline,"4L V-8 gasoline direct injection, DOHC, variable valve control,",Automatic,Dark Sapphire,Linen,None Reported,Unknown,199991.0,4.0,,4,7.2976,5481.0,0,0,0,0.1096
Lincoln,Mkc Reserve,2016,100000.0,Gasoline,240.0HP 2.0L 4 Cylinder Engine Gasoline Fuel,Transmission W/Dual Shift Mode,White,White,None Reported,Yes,24000.0,2.0,4.0,8,0.24,11111.0,1,0,0,0.8
Ford,Excursion Limited,2001,223089.60000000012,Diesel,250.0HP 7.3L 8 Cylinder Engine Diesel Fuel,A/T,Black,Beige,At Least 1 Accident Or Damage Reported,Yes,17000.0,7.3,8.0,23,0.0762,9295.0,0,1,0,5.1311
Land,Rover Discovery Se,2018,63295.0,Gasoline,340.0HP 3.0L V6 Cylinder Engine Gasoline Fuel,8-Speed A/T,Blue,White,None Reported,Yes,29993.0,3.0,6.0,6,0.4739,9042.0,0,0,0,0.3798
Land,Rover Defender V8,2022,3000.0,Gasoline,518.0HP 5.0L 8 Cylinder Engine Gasoline Fuel,8-Speed A/T,Black,Black,None Reported,Yes,96500.0,5.0,8.0,2,32.1559,1000.0,0,0,0,0.006
Chevrolet,Silverado 1500 2Lt,2014,102604.0,E85 Flex Fuel,355.0HP 5.3L 8 Cylinder Engine Flex Fuel Capability,6-Speed A/T,Gray,Gray,None Reported,Yes,25500.0,5.3,8.0,10,0.2485,9328.0,0,0,0,1.026
Mercedes-Benz,Amg G 63 Base,2017,39800.0,Gasoline,563.0HP 5.5L 8 Cylinder Engine Gasoline Fuel,7-Speed A/T,White,Red,None Reported,Yes,99000.0,5.5,8.0,7,2.4874,4975.0,1,0,0,0.2786
Ford,F-250 Xlt,2019,124000.0,E85 Flex Fuel,385.0HP 6.2L 8 Cylinder Engine Flex Fuel Capability,6-Speed A/T,White,Gray,None Reported,Yes,40100.0,6.2,8.0,5,0.3234,20667.0,0,0,0,0.62
Tesla,Model 3 Base,2022,12080.0,Gasoline,271.0HP Electric Motor Electric Fuel System,A/T,Black,Black,None Reported,Yes,36750.0,,,2,3.042,4027.0,0,0,0,0.0242
Lexus,Lx 570 Three-Row,2018,39300.0,Gasoline,383.0HP 5.7L 8 Cylinder Engine Gasoline Fuel,Transmission W/Dual Shift Mode,Black,Black,None Reported,Yes,69500.0,5.7,8.0,6,1.7684,5614.0,1,0,0,0.2358
Infiniti,Qx60 Luxe,2019,51000.0,Gasoline,295.0HP 3.5L V6 Cylinder Engine Gasoline Fuel,Cvt Transmission,Gray,–,At Least 1 Accident Or Damage Reported,Yes,29000.0,3.5,6.0,5,0.5686,8500.0,0,1,0,0.255
Rivian,R1S Adventure Package,2023,250.0,Gasoline,835.0HP Electric Motor Electric Fuel System,1-Speed A/T,Green,Black,Unknown,Unknown,97500.0,,,1,388.4462,125.0,0,0,0,0.0002
Land,Rover Range Rover Sport 3.0L Supercharged Hse,2017,67000.0,Gasoline,340.0HP 3.0L V6 Cylinder Engine Gasoline Fuel,8-Speed A/T,Gray,Beige,None Reported,Yes,35999.0,3.0,6.0,7,0.5373,8375.0,0,0,0,0.469
Infiniti,Qx60 Base,2014,95400.0,Gasoline,265.0HP 3.5L V6 Cylinder Engine Gasoline Fuel,A/T,White,Beige,Unknown,Unknown,14195.0,3.5,6.0,10,0.1488,8673.0,0,0,0,0.954
Hyundai,Sonata Gls,2013,136991.0,Gasoline,198.0HP 2.4L 4 Cylinder Engine Gasoline Fuel,6-Speed A/T,Gray,Gray,None Reported,Yes,11000.0,2.4,4.0,11,0.0803,11416.0,0,0,0,1.5069
Toyota,Tundra Limited,2022,3959.0,Gasoline,389.0HP 3.4L V6 Cylinder Engine Gasoline Fuel,10-Speed A/T,Blue,Gray,None Reported,Yes,55000.0,3.4,6.0,2,13.8889,1320.0,0,0,0,0.0079
Jeep,Grand Cherokee Limited,2020,47500.0,Gasoline,293.0HP 3.6L V6 Cylinder Engine Gasoline Fuel,A/T,Purple,Black,None Reported,Yes,31000.0,3.6,6.0,4,0.6526,9500.0,0,0,0,0.19
Ford,F-350 Lariat Crew Cab Super Duty Drw,2005,176691.0,Diesel,325.0HP 6.0L 8 Cylinder Engine Diesel Fuel,A/T,White,Beige,At Least 1 Accident Or Damage Reported,Yes,13000.0,6.0,8.0,19,0.0736,8835.0,0,1,0,3.3571
Tesla,Model 3 Performance,2021,33000.0,Gasoline,455.0HP Electric Motor Electric Fuel System,1-Speed A/T,Red,White,None Reported,Yes,55000.0,,,3,1.6666,8250.0,0,0,0,0.099
Mercedes-Benz,Cls-Class Cls 550,2014,34600.0,Gasoline,402.0HP 4.7L 8 Cylinder Engine Gasoline Fuel,Transmission W/Dual Shift Mode,Black,Black,None Reported,Yes,27500.0,4.7,8.0,10,0.7948,3145.0,1,0,0,0.346
Ram,2500 Slt,2014,84500.0,Gasoline,410.0HP 6.4L 8 Cylinder Engine Gasoline Fuel,A/T,Black,Gray,None Reported,Yes,34000.0,6.4,8.0,10,0.4024,7682.0,0,0,0,0.845
Kia,Sorento Hybrid Ex,2022,36100.0,Hybrid,227.0HP 1.6L 4 Cylinder Engine Gas/Electric Hybrid,6-Speed A/T,Black,White,None Reported,Yes,37500.0,1.6,4.0,2,1.0388,12033.0,0,0,1,0.0722
Hyundai,Genesis 3.8,2015,92225.0,Gasoline,311.0HP 3.8L V6 Cylinder Engine Gasoline Fuel,A/T,Black,Black,At Least 1 Accident Or Damage Reported,Yes,17000.0,3.8,6.0,9,0.1843,9222.0,0,1,0,0.83
Jeep,Compass Latitude,2020,17500.0,Gasoline,180.0HP 2.4L 4 Cylinder Engine Gasoline Fuel,9-Speed A/T,Silver,Black,None Reported,Yes,25695.0,2.4,4.0,4,1.4682,3500.0,0,0,0,0.07
Ford,Fusion Se,2011,114323.0,Gasoline,175.0HP 2.5L 4 Cylinder Engine Gasoline Fuel,6-Speed A/T,Black,Black,None Reported,Yes,6000.0,2.5,4.0,13,0.0525,8166.0,0,0,0,1.4862
Toyota,Fj Cruiser Base,2014,92000.0,Gasoline,260.0HP 4.0L V6 Cylinder Engine Gasoline Fuel,A/T,Beige,Black,None Reported,Yes,27500.0,4.0,6.0,10,0.2989,8364.0,0,0,0,0.92
Bmw,430 Gran Coupe I Xdrive,2018,29025.0,Gasoline,2.0 Liter DOHC T/C,Automatic,Carbon Black Metallic,Black,None Reported,Unknown,29998.0,,,6,1.0335,4146.0,1,0,0,0.1742
Dodge,Durango Srt 392,2021,17000.0,Gasoline,475.0HP 6.4L 8 Cylinder Engine Gasoline Fuel,Transmission W/Dual Shift Mode,Blue,Black,None Reported,Yes,65000.0,6.4,8.0,3,3.8233,4250.0,0,0,0,0.051
Hyundai,Santa Fe Gls,2015,96476.0,Gasoline,290.0HP 3.3L V6 Cylinder Engine Gasoline Fuel,6-Speed A/T,White,Gray,None Reported,Yes,13000.0,3.3,6.0,9,0.1347,9648.0,0,0,0,0.8683
Volkswagen,Atlas 3.6L Sel Premium,2021,36311.0,Gasoline,3.6L V6 24V GDI DOHC,8-Speed Automatic,Deep Black Pearl Effect,Titan Black / Quarzit,None Reported,Yes,39127.0,3.6,,3,1.0775,9078.0,0,0,0,0.1089
Land,Rover Range Rover Sport 5.0L Supercharged Dynamic,2016,56842.0,Gasoline,510.0HP 5.0L 8 Cylinder Engine Gasoline Fuel,Transmission W/Dual Shift Mode,Silver,Black,None Reported,Yes,35000.0,5.0,8.0,8,0.6157,6316.0,0,0,0,0.4547
Nissan,Murano Sv,2021,23677.0,Gasoline,3.5L V6 24V MPFI DOHC,Automatic Cvt,Sunset Drift Chromaflair,Graphite,None Reported,Unknown,29510.0,3.5,,3,1.2463,5919.0,0,0,0,0.071
Buick,Envision Essence,2020,27340.0,Gasoline,2.5L I4 16V GDI DOHC,6-Speed Automatic,Summit White,Ebony,None Reported,Unknown,31700.0,2.5,,4,1.1594,5468.0,0,0,0,0.1094
Chevrolet,Silverado 1500 Rst,2020,26177.0,Gasoline,5.3L V8 16V GDI OHV,Automatic,Shadow Gray Metallic,Jet Black,Unknown,Unknown,41986.0,5.3,,4,1.6039,5235.0,0,0,0,0.1047
Pontiac,Solstice Gxp,2009,122348.0,Gasoline,260.0HP 2.0L 4 Cylinder Engine Gasoline Fuel,A/T,Red,Black,At Least 1 Accident Or Damage Reported,Yes,10000.0,2.0,4.0,15,0.0817,7647.0,0,1,0,1.8352
Bmw,640 Gran Coupe I Xdrive,2015,98000.0,Gasoline,315.0HP 3.0L Straight 6 Cylinder Engine Gasoline Fuel,Transmission W/Dual Shift Mode,Black,Beige,None Reported,Yes,22500.0,3.0,6.0,9,0.2296,9800.0,1,0,0,0.882
Tesla,Model 3 Standard Range Plus,2019,32300.0,Gasoline,Electric Motor Electric Fuel System,A/T,Black,Black,None Reported,Yes,29000.0,,,5,0.8978,5383.0,0,0,0,0.1615
Mini,Countryman Cooper S,2019,18997.0,Gasoline,189.0HP 2.0L 4 Cylinder Engine Gasoline Fuel,Transmission W/Dual Shift Mode,Red,Black,None Reported,Yes,26750.0,2.0,4.0,5,1.408,3166.0,0,0,0,0.095
Porsche,Boxster Gts,2016,40350.0,Gasoline,330.0HP 3.4L Flat 6 Cylinder Engine Gasoline Fuel,7-Speed A/T,Gray,Black,None Reported,Yes,67995.0,3.4,6.0,8,1.6851,4483.0,1,0,0,0.3228
Ford,Expedition El King Ranch,2011,156856.0,E85 Flex Fuel,310.0HP 5.4L 8 Cylinder Engine Flex Fuel Capability,6-Speed A/T,Black,Brown,None Reported,Yes,14300.0,5.4,8.0,13,0.0912,11204.0,0,0,0,2.0391
Bmw,X5 M Base,2017,61773.0,Gasoline,567.0HP 4.4L 8 Cylinder Engine Gasoline Fuel,Transmission W/Dual Shift Mode,Gray,Black,None Reported,Yes,46000.0,4.4,8.0,7,0.7446,7722.0,1,0,0,0.4324
Ford,Mustang Gt Premium,2011,74500.0,Gasoline,412.0HP 5.0L 8 Cylinder Engine Gasoline Fuel,6-Speed M/T,Black,Black,None Reported,Yes,22000.0,5.0,8.0,13,0.2953,5321.0,0,0,0,0.9685
Jeep,Compass Sport,2016,99000.0,Gasoline,172.0HP 2.4L 4 Cylinder Engine Gasoline Fuel,6-Speed A/T,White,Gray,At Least 1 Accident Or Damage Reported,Yes,5000.0,2.4,4.0,8,0.0505,11000.0,0,1,0,0.792
Infiniti,G37 Sport,2008,63496.0,Gasoline,330.0HP 3.7L V6 Cylinder Engine Gasoline Fuel,6-Speed M/T,Black,Black,None Reported,Yes,15000.0,3.7,6.0,16,0.2362,3735.0,0,0,0,1.0159
Ford,F-150 Xlt,2022,18465.0,Gasoline,400.0HP 3.5L V6 Cylinder Engine Gasoline Fuel,10-Speed A/T,Black,Gray,None Reported,Yes,47500.0,3.5,6.0,2,2.5723,6155.0,0,0,0,0.0369
Porsche,911 Carrera 4S,2007,42635.0,Gasoline,355.0HP 3.8L Flat 6 Cylinder Engine Gasoline Fuel,Transmission W/Dual Shift Mode,Blue,Blue,None Reported,Yes,72995.0,3.8,6.0,17,1.7121,2369.0,1,0,0,0.7248
Infiniti,G35 Base,2005,99000.0,Gasoline,298.0HP 3.5L V6 Cylinder Engine Gasoline Fuel,6-Speed M/T,Silver,Black,None Reported,Yes,18900.0,3.5,6.0,19,0.1909,4950.0,0,0,0,1.881
Chrysler,300C Base,2013,87500.0,Gasoline,292.0HP 3.6L V6 Cylinder Engine Gasoline Fuel,8-Speed A/T,White,Beige,None Reported,Yes,13750.0,3.6,6.0,11,0.1571,7292.0,0,0,0,0.9625
Toyota,Camry Solara Sle,2007,138000.0,Gasoline,210.0HP 3.3L V6 Cylinder Engine Gasoline Fuel,5-Speed A/T,White,Beige,None Reported,Yes,6800.0,3.3,6.0,17,0.0493,7667.0,0,0,0,2.346
Lexus,Is 300 Base,2018,70891.0,Gasoline,260.0HP 3.5L V6 Cylinder Engine Gasoline Fuel,Transmission W/Dual Shift Mode,White,Black,None Reported,Yes,28995.0,3.5,6.0,6,0.409,10127.0,1,0,0,0.4253
Buick,Enclave Essence,2020,55403.0,Gasoline,310.0HP 3.6L V6 Cylinder Engine Gasoline Fuel,9-Speed A/T,Red,Gray,At Least 1 Accident Or Damage Reported,Yes,29444.0,3.6,6.0,4,0.5314,11081.0,0,1,0,0.2216
Bmw,M4 Competition Xdrive,2022,3213.0,Gasoline,503.0HP 3.0L Straight 6 Cylinder Engine Gasoline Fuel,8-Speed A/T,Black,Red,None Reported,Yes,89995.0,3.0,6.0,2,28.0009,1071.0,1,0,0,0.0064
Pontiac,Gto Base,2005,142314.0,Gasoline,400.0HP 6.0L 8 Cylinder Engine Gasoline Fuel,6-Speed M/T,Red,Red,At Least 1 Accident Or Damage Reported,Yes,21999.0,6.0,8.0,19,0.1546,7116.0,0,1,0,2.704
Toyota,Fj Cruiser Base,2013,53000.0,Gasoline,260.0HP 4.0L V6 Cylinder Engine Gasoline Fuel,A/T,Blue,Black,None Reported,Yes,36740.0,4.0,6.0,11,0.6932,4417.0,0,0,0,0.583
Hyundai,Elantra Se,2014,120250.0,Gasoline,145.0HP 1.8L 4 Cylinder Engine Gasoline Fuel,A/T,Blue,Gray,None Reported,Yes,7500.0,1.8,4.0,10,0.0624,10932.0,0,0,0,1.2025
Porsche,Macan S,2015,72329.0,Gasoline,340.0HP 3.0L V6 Cylinder Engine Gasoline Fuel,7-Speed A/T,Silver,Black,None Reported,Yes,29500.0,3.0,6.0,9,0.4079,7233.0,1,0,0,0.651
Hummer,H3 Base,2007,153692.0,Gasoline,242.0HP 3.7L 5 Cylinder Engine Gasoline Fuel,4-Speed A/T,Beige,Black,None Reported,Yes,9995.0,3.7,5.0,17,0.065,8538.0,0,0,0,2.6128
Tesla,Model 3 Long Range,2021,32670.0,Gasoline,Electric Motor Electric Fuel System,A/T,White,Black,None Reported,Yes,37000.0,,,3,1.1325,8168.0,0,0,0,0.098
Ford,Transit-350 Base,2018,223089.60000000012,Gasoline,275.0HP 3.7L V6 Cylinder Engine Gasoline Fuel,A/T,White,Gray,Unknown,Unknown,18000.0,3.7,6.0,6,0.0807,31870.0,0,0,0,1.3385
Rivian,R1T Launch Edition,2022,8681.0,Gasoline,835.0HP Electric Motor Electric Fuel System,A/T,Gray,Black,None Reported,Yes,82000.0,,,2,9.4448,2894.0,0,0,0,0.0174
Audi,S4 3.0 Prestige,2012,98400.0,Gasoline,333.0HP 3.0L V6 Cylinder Engine Gasoline Fuel,7-Speed A/T,White,White,None Reported,Yes,18000.0,3.0,6.0,12,0.1829,7569.0,1,0,0,1.1808
Toyota,4Runner Sr5 Premium,2023,1400.0,Gasoline,270.0HP 4.0L V6 Cylinder Engine Gasoline Fuel,A/T,White,Black,None Reported,Yes,46500.0,4.0,6.0,1,33.1906,700.0,0,0,0,0.0014
Tesla,Model 3 Mid Range,2018,32000.0,Gasoline,271.0HP Electric Motor Electric Fuel System,A/T,Black,Black,None Reported,Yes,29999.0,,,6,0.9374,4571.0,0,0,0,0.192
Ford,F-250 Base,1997,92800.0,Gasoline,210.0HP 5.8L 8 Cylinder Engine Gasoline Fuel,4-Speed A/T,White,Gray,None Reported,Yes,9000.0,5.8,8.0,27,0.097,3314.0,0,0,0,2.5056
Mercedes-Benz,G-Class G 550 4Matic,2021,75151.0,Gasoline,416.0HP 4.0L 8 Cylinder Engine Gasoline Fuel,A/T,Black,Black,None Reported,Yes,130000.0,4.0,8.0,3,1.7298,18788.0,1,0,0,0.2255
Subaru,Legacy 2.5 Gt Spec.B,2008,94000.0,Gasoline,243.0HP 2.5L 4 Cylinder Engine Gasoline Fuel,6-Speed M/T,Gray,Blue,None Reported,Yes,12500.0,2.5,4.0,16,0.133,5529.0,0,0,0,1.504
Mercedes-Benz,E-Class E 350,2014,67350.0,Gasoline,302.0HP 3.5L V6 Cylinder Engine Gasoline Fuel,7-Speed A/T,Silver,–,At Least 1 Accident Or Damage Reported,Yes,18700.0,3.5,6.0,10,0.2776,6123.0,1,1,0,0.6735
Bmw,M3 Base,2001,66500.0,Gasoline,333.0HP 3.2L Straight 6 Cylinder Engine Gasoline Fuel,6-Speed M/T,Red,Black,None Reported,Yes,21000.0,3.2,6.0,23,0.3158,2771.0,1,0,0,1.5295
Mercedes-Benz,C-Class C 250 Sport,2014,70612.0,Gasoline,201.0HP 1.8L 4 Cylinder Engine Gasoline Fuel,7-Speed A/T,White,Beige,None Reported,Yes,14500.0,1.8,4.0,10,0.2053,6419.0,1,0,0,0.7061
Toyota,Sienna Xle Limited,2007,112630.0,Gasoline,266.0HP 3.5L V6 Cylinder Engine Gasoline Fuel,5-Speed A/T,Silver,Gray,At Least 1 Accident Or Damage Reported,Yes,11500.0,3.5,6.0,17,0.1021,6257.0,0,1,0,1.9147
Dodge,Avenger Se,2014,124705.0,E85 Flex Fuel,283.0HP 3.6L V6 Cylinder Engine Flex Fuel Capability,A/T,Black,Black,None Reported,Yes,6499.0,3.6,6.0,10,0.0521,11337.0,0,0,0,1.247
Bmw,M240 I,2018,61000.0,Gasoline,335.0HP 3.0L Straight 6 Cylinder Engine Gasoline Fuel,6-Speed M/T,Blue,Black,At Least 1 Accident Or Damage Reported,Yes,34000.0,3.0,6.0,6,0.5574,8714.0,1,1,0,0.366
Ram,3500 Slt,2017,157272.0,Diesel,350.0HP 6.7L Straight 6 Cylinder Engine Diesel Fuel,6-Speed A/T,White,Gray,At Least 1 Accident Or Damage Reported,Yes,32999.0,6.7,6.0,7,0.2098,19659.0,0,1,0,1.1009
Mercedes-Benz,Gl-Class Gl 450 4Matic,2015,84000.0,Gasoline,362.0HP 3.0L V6 Cylinder Engine Gasoline Fuel,7-Speed A/T,Blue,Gray,None Reported,Yes,20399.0,3.0,6.0,9,0.2428,8400.0,1,0,0,0.756
Jeep,Gladiator Rubicon,2020,27981.0,Gasoline,285.0HP 3.6L V6 Cylinder Engine Gasoline Fuel,A/T,Red,Black,None Reported,Yes,47500.0,3.6,6.0,4,1.6975,5596.0,0,0,0,0.1119
Bentley,Continental Gt Base,2009,18000.0,Gasoline,552.0HP 6.0L 12 Cylinder Engine Gasoline Fuel,A/T,Blue,Beige,None Reported,Yes,63000.0,6.0,12.0,15,3.4998,1125.0,0,0,0,0.27
Tesla,Model 3 Long Range,2019,27123.0,Gasoline,425.0HP Electric Motor Electric Fuel System,A/T,Red,Black,None Reported,Yes,38200.0,,,5,1.4083,4520.0,0,0,0,0.1356
Chevrolet,Corvette Stingray W/2Lt,2021,3053.0,Gasoline,490.0HP 6.2L 8 Cylinder Engine Gasoline Fuel,Transmission W/Dual Shift Mode,Silver,Gray,None Reported,Yes,83900.0,6.2,8.0,3,27.4722,763.0,0,0,0,0.0092
Audi,Q5 3.0T Premium Plus,2015,60251.0,Gasoline,272.0HP 3.0L V6 Cylinder Engine Gasoline Fuel,A/T,Black,Black,At Least 1 Accident Or Damage Reported,Yes,19000.0,3.0,6.0,9,0.3153,6025.0,1,1,0,0.5423
Mazda,Mx-5 Miata Club,2021,5093.0,Gasoline,181.0HP 2.0L 4 Cylinder Engine Gasoline Fuel,6-Speed M/T,Gray,Black,None Reported,Yes,28000.0,2.0,4.0,3,5.4967,1273.0,0,0,0,0.0153
Bentley,Bentayga W12 Signature,2018,31875.0,Gasoline,600.0HP 6.0L 12 Cylinder Engine Gasoline Fuel,8-Speed A/T,White,Black,None Reported,Yes,115785.0,6.0,12.0,6,3.6324,4554.0,0,0,0,0.1912
Mercedes-Benz,S-Class S500,2005,175722.0,Gasoline,302.0HP 5.0L 8 Cylinder Engine Gasoline Fuel,A/T,White,Beige,None Reported,Yes,7000.0,5.0,8.0,19,0.0398,8786.0,1,0,0,3.3387
Bmw,M6 Base,2015,17900.0,Gasoline,560.0HP 4.4L 8 Cylinder Engine Gasoline Fuel,Transmission W/Dual Shift Mode,Black,Black,None Reported,Yes,59900.0,4.4,8.0,9,3.3462,1790.0,1,0,0,0.1611
Gmc,Yukon Slt,2015,142792.0,Gasoline,355.0HP 5.3L 8 Cylinder Engine Gasoline Fuel,6-Speed A/T,White,Brown,None Reported,Yes,22999.0,5.3,8.0,9,0.1611,14279.0,0,0,0,1.2851
Bmw,750 Il,2001,53814.0,Gasoline,326.0HP 5.4L 12 Cylinder Engine Gasoline Fuel,5-Speed A/T,Gray,Gray,Unknown,Unknown,11800.0,5.4,12.0,23,0.2193,2242.0,1,0,0,1.2377
Toyota,Tundra Limited,2010,89400.0,Gasoline,381.0HP 5.7L 8 Cylinder Engine Gasoline Fuel,A/T,White,Gray,None Reported,Yes,26900.0,5.7,8.0,14,0.3009,5960.0,0,0,0,1.2516
Chrysler,300C Base,2007,86000.0,Gasoline,340.0HP 5.7L 8 Cylinder Engine Gasoline Fuel,5-Speed A/T,Gray,Black,None Reported,Yes,15000.0,5.7,8.0,17,0.1744,4778.0,0,0,0,1.462
Smart,Fortwo Pure,2008,61595.0,Gasoline,70.0HP 1.0L 3 Cylinder Engine Gasoline Fuel,5-Speed A/T,Blue,Gray,None Reported,Yes,5000.0,1.0,3.0,16,0.0812,3623.0,0,0,0,0.9855
Toyota,Tundra Sr,2018,74000.0,E85 Flex Fuel,381.0HP 5.7L 8 Cylinder Engine Flex Fuel Capability,6-Speed A/T,Beige,Black,At Least 1 Accident Or Damage Reported,Yes,38000.0,5.7,8.0,6,0.5135,10571.0,0,1,0,0.444
Hummer,H2 Base,2004,130000.0,Gasoline,316.0HP 6.0L 8 Cylinder Engine Gasoline Fuel,4-Speed A/T,Black,Black,At Least 1 Accident Or Damage Reported,Yes,16500.0,6.0,8.0,20,0.1269,6190.0,0,1,0,2.6
Bmw,Alpina B7 Base,2015,86000.0,Gasoline,540.0HP 4.4L 8 Cylinder Engine Gasoline Fuel,8-Speed A/T,Black,White,At Least 1 Accident Or Damage Reported,Yes,29000.0,4.4,8.0,9,0.3372,8600.0,1,1,0,0.774
Land,Rover Range Rover Sport Supercharged,2008,140600.0,Gasoline,390.0HP 4.2L 8 Cylinder Engine Gasoline Fuel,6-Speed A/T,Red,Beige,None Reported,Yes,7500.0,4.2,8.0,16,0.0533,8271.0,0,0,0,2.2496
Audi,A4 2.0T Tech Premium,2018,27532.0,Gasoline,252.0HP 2.0L 4 Cylinder Engine Gasoline Fuel,7-Speed A/T,Gray,Black,None Reported,Yes,27900.0,2.0,4.0,6,1.0133,3933.0,1,0,0,0.1652
Ford,Focus Se,2017,91000.0,E85 Flex Fuel,160.0HP 2.0L 4 Cylinder Engine Flex Fuel Capability,6-Speed A/T,Gray,Black,None Reported,Yes,12500.0,2.0,4.0,7,0.1374,11375.0,0,0,0,0.637
Mercedes-Benz,E-Class E 550 4Matic,2014,63000.0,Gasoline,402.0HP 4.7L 8 Cylinder Engine Gasoline Fuel,7-Speed A/T,Silver,Black,None Reported,Yes,28500.0,4.7,8.0,10,0.4524,5727.0,1,0,0,0.63
Jeep,Wrangler Unlimited 4Xe Sahara,2022,10500.0,Plug-In Hybrid,375.0HP 2.0L 4 Cylinder Engine Plug-In Electric/Gas,8-Speed A/T,Green,Beige,None Reported,Yes,49999.0,2.0,4.0,2,4.7614,3500.0,0,0,1,0.021
Mercedes-Benz,M-Class Ml 350 4Matic,2014,75073.0,E85 Flex Fuel,302.0HP 3.5L V6 Cylinder Engine Flex Fuel Capability,7-Speed A/T,Gray,Black,None Reported,Yes,21500.0,3.5,6.0,10,0.2864,6825.0,1,0,0,0.7507
Jeep,Wrangler Sahara,2008,140000.0,Gasoline,202.0HP 3.8L V6 Cylinder Engine Gasoline Fuel,A/T,Silver,–,At Least 1 Accident Or Damage Reported,Yes,9000.0,3.8,6.0,16,0.0643,8235.0,0,1,0,2.24
Mercedes-Benz,A-Class A 220 4Matic,2019,30300.0,Gasoline,188.0HP 2.0L 4 Cylinder Engine Gasoline Fuel,7-Speed A/T,Silver,Black,None Reported,Yes,30500.0,2.0,4.0,5,1.0066,5050.0,1,0,0,0.1515
Chevrolet,Malibu 1Lt,2009,139000.0,Gasoline,169.0HP 2.4L 4 Cylinder Engine Gasoline Fuel,A/T,White,Black,None Reported,Yes,4200.0,2.4,4.0,15,0.0302,8688.0,0,0,0,2.085
Hummer,H3 Base,2006,118000.0,Gasoline,220.0HP 3.5L 5 Cylinder Engine Gasoline Fuel,A/T,Gray,Black,None Reported,Yes,17900.0,3.5,5.0,18,0.1517,6211.0,0,0,0,2.124
Bmw,I8 Base,2015,51000.0,Plug-In Hybrid,357.0HP 1.5L 3 Cylinder Engine Plug-In Electric/Gas,Transmission W/Dual Shift Mode,Gray,Brown,None Reported,Yes,53000.0,1.5,3.0,9,1.0392,5100.0,1,0,1,0.459
Cadillac,Xlr Base,2009,69423.0,Gasoline,320.0HP 4.6L 8 Cylinder Engine Gasoline Fuel,A/T,Red,Beige,None Reported,Yes,36500.0,4.6,8.0,15,0.5258,4339.0,1,0,0,1.0413
Lincoln,Mkz Select,2017,52284.0,Gasoline,240.0HP 2.0L 4 Cylinder Engine Gasoline Fuel,6-Speed A/T,Blue,Beige,At Least 1 Accident Or Damage Reported,Yes,12500.0,2.0,4.0,7,0.2391,6536.0,1,1,0,0.366
Chevrolet,Silverado 1500 W/T,2006,111228.0,Gasoline,195.0HP 4.3L V6 Cylinder Engine Gasoline Fuel,A/T,Blue,Gray,At Least 1 Accident Or Damage Reported,Yes,4000.0,4.3,6.0,18,0.036,5854.0,0,1,0,2.0021
Land,Rover Range Rover Sport Hse,2019,52300.0,Gasoline,340.0HP 3.0L V6 Cylinder Engine Gasoline Fuel,Transmission W/Dual Shift Mode,Black,Black,None Reported,Yes,49900.0,3.0,6.0,5,0.9541,8717.0,0,0,0,0.2615
Nissan,Titan Sl,2021,95993.0,Gasoline,5.6L V8 32V GDI DOHC,9-Speed Automatic,White,Black,None Reported,Yes,32612.0,5.6,,3,0.3397,23998.0,0,0,0,0.288
Kia,Telluride Sx,2022,26716.0,Gasoline,"LAMBDA II 3.8L V-6 gasoline direct injection, DOHC, D-CVVT varia",Automatic,Dark Moss,Black,None Reported,Unknown,47541.0,3.8,,2,1.7794,8905.0,0,0,0,0.0534
Chevrolet,Tahoe Rst,2023,39517.0,Gasoline,5.3L V8 16V GDI OHV,10-Speed Automatic,Black,Jet Black,At Least 1 Accident Or Damage Reported,Unknown,67190.0,5.3,,1,1.7002,19758.0,0,1,0,0.0395
Ford,Mustang Gt Premium,2019,31600.0,Gasoline,460.0HP 5.0L 8 Cylinder Engine Gasoline Fuel,6-Speed M/T,Blue,Gray,None Reported,Yes,41000.0,5.0,8.0,5,1.2974,5267.0,0,0,0,0.158
Bmw,330 I,2017,83298.0,Gasoline,248.0HP 2.0L 4 Cylinder Engine Gasoline Fuel,A/T,Black,Black,None Reported,Yes,18300.0,2.0,4.0,7,0.2197,10412.0,1,0,0,0.5831
Land,Rover Range Rover Sport 3.0L Supercharged Hse,2017,95212.0,Gasoline,340.0HP 3.0L V6 Cylinder Engine Gasoline Fuel,8-Speed A/T,Brown,Beige,None Reported,Yes,31599.0,3.0,6.0,7,0.3319,11902.0,0,0,0,0.6665
Porsche,911 Carrera,2010,61600.0,Gasoline,345.0HP 3.6L Flat 6 Cylinder Engine Gasoline Fuel,7-Speed A/T,Black,Black,None Reported,Yes,51750.0,3.6,6.0,14,0.8401,4107.0,1,0,0,0.8624
Infiniti,Qx56 Base,2011,130921.0,Gasoline,400.0HP 5.6L 8 Cylinder Engine Gasoline Fuel,Transmission Overdrive Switch,White,Beige,None Reported,Yes,12000.0,5.6,8.0,13,0.0917,9352.0,0,0,0,1.702
Ram,2500 Tradesman,2020,41000.0,Gasoline,410.0HP 6.4L 8 Cylinder Engine Gasoline Fuel,8-Speed A/T,White,Gray,Unknown,Unknown,45515.0,6.4,8.0,4,1.1101,8200.0,0,0,0,0.164
Bmw,840 I Xdrive,2024,1500.0,Gasoline,335.0HP 3.0L Straight 6 Cylinder Engine Gasoline Fuel,A/T,Gray,Brown,None Reported,Yes,90000.0,3.0,6.0,0,59.96,1500.0,1,0,0,0.0
Mini,Clubman Cooper S All4,2017,79950.0,Gasoline,189.0HP 2.0L 4 Cylinder Engine Gasoline Fuel,A/T,Blue,Black,None Reported,Yes,17390.0,2.0,4.0,7,0.2175,9994.0,0,0,0,0.5596
Cadillac,Escalade Esv Premium Luxury Platinum,2021,31500.0,Gasoline,420.0HP 6.2L 8 Cylinder Engine Gasoline Fuel,A/T,White,Beige,None Reported,Yes,95000.0,6.2,8.0,3,3.0158,7875.0,1,0,0,0.0945
Audi,R8 5.2 V10 Plus,2017,61000.0,Gasoline,610.0HP 5.2L 10 Cylinder Engine Gasoline Fuel,Transmission W/Dual Shift Mode,Gray,Black,None Reported,Yes,140000.0,5.2,10.0,7,2.295,7625.0,1,0,0,0.427
Ram,2500 Big Horn,2021,45867.0,Gasoline,6.4L V8 16V MPFI OHV,Automatic,Billet Silver Metallic Clearcoat,Diesel Gray / Black,None Reported,Yes,43449.0,6.4,,3,0.9473,11467.0,0,0,0,0.1376
Porsche,911 Carrera 4,2014,22700.0,Gasoline,350.0HP 3.4L Flat 6 Cylinder Engine Gasoline Fuel,7-Speed M/T,Silver,Black,At Least 1 Accident Or Damage Reported,Yes,85500.0,3.4,6.0,10,3.7664,2064.0,1,1,0,0.227
Bentley,Continental Gt Base,2009,43000.0,Gasoline,552.0HP 6.0L 12 Cylinder Engine Gasoline Fuel,A/T,Black,Black,None Reported,Yes,48500.0,6.0,12.0,15,1.1279,2688.0,0,0,0,0.645
Toyota,Tundra Sr5,2015,99000.0,Gasoline,310.0HP 4.6L 8 Cylinder Engine Gasoline Fuel,6-Speed A/T,Gray,Gray,None Reported,Yes,27000.0,4.6,8.0,9,0.2727,9900.0,0,0,0,0.891
Toyota,4Runner Sr5,2006,135000.0,Gasoline,236.0HP 4.0L V6 Cylinder Engine Gasoline Fuel,A/T,White,Gray,None Reported,Yes,16900.0,4.0,6.0,18,0.1252,7105.0,0,0,0,2.43
Cadillac,Cts 2.0L Turbo Luxury,2019,46000.0,Gasoline,265.0HP 2.0L 4 Cylinder Engine Gasoline Fuel,8-Speed A/T,Black,Beige,At Least 1 Accident Or Damage Reported,Yes,29000.0,2.0,4.0,5,0.6304,7667.0,1,1,0,0.23
Ford,Focus Se,2014,79615.0,Gasoline,2.0L I4 16V GDI DOHC,6-Speed Automatic With Auto-Shift,Black,Charcoal Black,None Reported,Yes,10995.0,2.0,,10,0.1381,7238.0,0,0,0,0.7962
Bmw,M5 Base,2021,13250.0,Gasoline,4.4L V8 32V GDI DOHC Twin Turbo,8-Speed Automatic,Alpine White,Aragon Brown,None Reported,Unknown,86900.0,4.4,,3,6.558,3312.0,1,0,0,0.0398
Land,Rover Range Rover 3.0L V6 Supercharged Hse,2019,41200.0,Gasoline,380.0HP 3.0L V6 Cylinder Engine Gasoline Fuel,Transmission W/Dual Shift Mode,Black,Black,None Reported,Yes,60500.0,3.0,6.0,5,1.4684,6867.0,0,0,0,0.206
Cadillac,Escalade Esv Luxury,2016,116500.0,Gasoline,420.0HP 6.2L 8 Cylinder Engine Gasoline Fuel,8-Speed A/T,Black,Brown,At Least 1 Accident Or Damage Reported,Yes,30500.0,6.2,8.0,8,0.2618,12944.0,1,1,0,0.932
Acura,Nsx Base,1993,75980.0,–,–,A/T,Silver,Black,None Reported,Yes,90200.0,,,31,1.1871,2374.0,0,0,0,2.3554
Chevrolet,Corvette Z06,2018,24059.0,Gasoline,650.0HP 6.2L 8 Cylinder Engine Gasoline Fuel,8-Speed A/T,Gray,Black,None Reported,Yes,87150.0,6.2,8.0,6,3.6222,3437.0,0,0,0,0.1444
Audi,Q5 2.0T Premium Plus,2015,118500.0,E85 Flex Fuel,220.0HP 2.0L 4 Cylinder Engine Flex Fuel Capability,A/T,Silver,Black,At Least 1 Accident Or Damage Reported,Yes,15400.0,2.0,4.0,9,0.13,11850.0,1,1,0,1.0665
Bmw,Alpina B7 Alpina B7 Xdrive,2020,15097.0,Gasoline,4.4 Liter Twin Turbo,Automatic,Frozen Dark Silver Metallic,Black,None Reported,Unknown,99998.0,,,4,6.6233,3019.0,1,0,0,0.0604
Maserati,Ghibli S Q4,2018,20000.0,Gasoline,424.0HP 3.0L V6 Cylinder Engine Gasoline Fuel,A/T,White,Brown,None Reported,Yes,43000.0,3.0,6.0,6,2.1499,2857.0,0,0,0,0.12
Bmw,228 Gran Coupe I Xdrive,2020,10426.0,Gasoline,2.0 Liter Turbo,Automatic,Black Sapphire Metallic,Oyster/Black,None Reported,Unknown,30798.0,,,4,2.9537,2085.0,1,0,0,0.0417
Ford,Expedition Limited,2023,9500.0,Gasoline,400.0HP 3.5L V6 Cylinder Engine Gasoline Fuel,10-Speed A/T,Black,Red,At Least 1 Accident Or Damage Reported,Yes,63500.0,3.5,6.0,1,6.6835,4750.0,0,1,0,0.0095
Nissan,Frontier Se Crew Cab,2006,134000.0,Gasoline,265.0HP 4.0L V6 Cylinder Engine Gasoline Fuel,A/T,Gray,Gray,At Least 1 Accident Or Damage Reported,Yes,8500.0,4.0,6.0,18,0.0634,7053.0,0,1,0,2.412
Subaru,Brz Limited,2022,10500.0,Gasoline,228.0HP 2.4L 4 Cylinder Engine Gasoline Fuel,Transmission W/Dual Shift Mode,Gray,–,None Reported,Yes,32500.0,2.4,4.0,2,3.0949,3500.0,0,0,0,0.021
Chevrolet,Malibu Lt,2018,53100.0,Gasoline,160.0HP 1.5L 4 Cylinder Engine Gasoline Fuel,6-Speed A/T,Red,Black,None Reported,Yes,17500.0,1.5,4.0,6,0.3296,7586.0,0,0,0,0.3186
Ford,Focus Sel,2017,80134.0,E85 Flex Fuel,2.0L I4 16V GDI DOHC Flexible Fuel,6-Speed Automatic With Auto-Shift,White,Charcoal Black,None Reported,Yes,13895.0,2.0,,7,0.1734,10017.0,0,0,0,0.5609
Nissan,Rogue Sport S,2021,24000.0,Gasoline,141.0HP 2.0L 4 Cylinder Engine Gasoline Fuel,A/T,Gray,Black,None Reported,Yes,25500.0,2.0,4.0,3,1.0625,6000.0,0,0,0,0.072
Volvo,C70 T5,2006,61000.0,Gasoline,218.0HP 2.5L 5 Cylinder Engine Gasoline Fuel,6-Speed M/T,Blue,Beige,None Reported,Yes,10299.0,2.5,5.0,18,0.1688,3211.0,0,0,0,1.098
Lincoln,Nautilus Reserve,2021,19700.0,Gasoline,335.0HP 2.7L V6 Cylinder Engine Gasoline Fuel,A/T,White,Beige,None Reported,Yes,48000.0,2.7,6.0,3,2.4364,4925.0,1,0,0,0.0591
Mercedes-Benz,Amg Gt Base,2018,28182.0,Gasoline,469.0HP 4.0L 8 Cylinder Engine Gasoline Fuel,7-Speed A/T,White,Brown,At Least 1 Accident Or Damage Reported,Yes,84500.0,4.0,8.0,6,2.9983,4026.0,1,1,0,0.1691
Ford,Mustang Ecoboost Premium,2017,59500.0,Gasoline,310.0HP 2.3L 4 Cylinder Engine Gasoline Fuel,A/T,Black,Black,At Least 1 Accident Or Damage Reported,Yes,21000.0,2.3,4.0,7,0.3529,7438.0,0,1,0,0.4165
Ford,Ranger Xlt,1999,115402.0,E85 Flex Fuel,152.0HP 3.0L V6 Cylinder Engine Flex Fuel Capability,A/T,Gold,Beige,None Reported,Yes,8000.0,3.0,6.0,25,0.0693,4439.0,0,0,0,2.885
Gmc,Yukon Slt,2018,85500.0,Gasoline,355.0HP 5.3L 8 Cylinder Engine Gasoline Fuel,A/T,Black,Black,At Least 1 Accident Or Damage Reported,Yes,35899.0,5.3,8.0,6,0.4199,12214.0,0,1,0,0.513
Ram,2500 Big Horn,2020,51000.0,Gasoline,410.0HP 6.4L 8 Cylinder Engine Gasoline Fuel,6-Speed A/T,Red,Black,None Reported,Yes,44900.0,6.4,8.0,4,0.8804,10200.0,0,0,0,0.204
Tesla,Model Y Performance,2021,17500.0,Gasoline,455.0HP Electric Motor Electric Fuel System,A/T,Gray,White,None Reported,Yes,45000.0,,,3,2.5713,4375.0,0,0,0,0.0525
Lexus,Es 350 Base,2011,132000.0,Gasoline,272.0HP 3.5L V6 Cylinder Engine Gasoline Fuel,A/T,Black,Beige,None Reported,Yes,9999.0,3.5,6.0,13,0.0757,9429.0,1,0,0,1.716
Jeep,Wrangler Rubicon Hard Rock,2016,67882.0,Gasoline,3.6 Liter,Automatic,White,Black,None Reported,Unknown,32798.0,,,8,0.4832,7542.0,0,0,0,0.5431
Volvo,Xc90 T6 Momentum,2018,62000.0,Gasoline,316.0HP 2.0L 4 Cylinder Engine Gasoline Fuel,8-Speed A/T,Silver,Black,None Reported,Yes,30500.0,2.0,4.0,6,0.4919,8857.0,0,0,0,0.372
Porsche,911 R,2016,12454.0,Gasoline,500.0HP 4.0L Flat 6 Cylinder Engine Gasoline Fuel,6-Speed M/T,Purple,Black,None Reported,Yes,210000.0,4.0,6.0,8,16.8607,1384.0,1,0,0,0.0996
Bmw,M6 Gran Coupe Base,2017,27965.0,Gasoline,560.0HP 4.4L 8 Cylinder Engine Gasoline Fuel,7-Speed A/T,Green,Black,None Reported,Yes,58000.0,4.4,8.0,7,2.0739,3496.0,1,0,0,0.1958
Cadillac,Escalade Esv Platinum Edition,2013,119000.0,E85 Flex Fuel,403.0HP 6.2L 8 Cylinder Engine Flex Fuel Capability,A/T,Black,Black,Unknown,Unknown,20500.0,6.2,8.0,11,0.1723,9917.0,1,0,0,1.309
Bmw,X5 Xdrive35I,2018,48000.0,Gasoline,300.0HP 3.0L Straight 6 Cylinder Engine Gasoline Fuel,8-Speed A/T,Black,Black,None Reported,Yes,32000.0,3.0,6.0,6,0.6667,6857.0,1,0,0,0.288
Bmw,X5 Xdrive40I,2020,5541.0,Gasoline,3.0 Liter Turbo,Automatic,White,Black,None Reported,Unknown,56598.0,,,4,10.2126,1108.0,1,0,0,0.0222
Mitsubishi,Outlander Sel,2018,29000.0,Gasoline,166.0HP 2.4L 4 Cylinder Engine Gasoline Fuel,A/T,Red,Beige,None Reported,Yes,19500.0,2.4,4.0,6,0.6724,4143.0,0,0,0,0.174
Dodge,Ram 1500 St,2010,131100.0,E85 Flex Fuel,310.0HP 4.7L 8 Cylinder Engine Flex Fuel Capability,A/T,White,Gray,At Least 1 Accident Or Damage Reported,Yes,12995.0,4.7,8.0,14,0.0991,8740.0,0,1,0,1.8354
Subaru,Impreza 2.0I,2015,102242.0,Gasoline,"2L H-4 DOHC, variable valve control, regular unleaded, engine wi",Manual,Quartz Blue Pearl,Black,At Least 1 Accident Or Damage Reported,Unknown,11498.0,2.0,,9,0.1125,10224.0,0,1,0,0.9202
Mercedes-Benz,Maybach S S 600,2016,18069.0,Gasoline,523.0HP 6.0L 12 Cylinder Engine Gasoline Fuel,7-Speed A/T,Black,Black,None Reported,Yes,79999.0,6.0,12.0,8,4.4272,2008.0,1,0,0,0.1446
Kia,Sportage Lx,2023,13000.0,Gasoline,187.0HP 2.5L 4 Cylinder Engine Gasoline Fuel,A/T,White,Black,None Reported,Yes,31900.0,2.5,4.0,1,2.4537,6500.0,0,0,0,0.013
Porsche,911 Turbo Cabriolet,2008,51000.0,Gasoline,480.0HP 3.6L Flat 6 Cylinder Engine Gasoline Fuel,Transmission W/Dual Shift Mode,Silver,Black,At Least 1 Accident Or Damage Reported,Yes,69500.0,3.6,6.0,16,1.3627,3000.0,1,1,0,0.816
Hummer,H3 Base,2007,137333.0,Gasoline,242.0HP 3.7L 5 Cylinder Engine Gasoline Fuel,4-Speed A/T,Blue,Black,At Least 1 Accident Or Damage Reported,Yes,10000.0,3.7,5.0,17,0.0728,7630.0,0,1,0,2.3347
Buick,Lacrosse Leather,2014,125559.0,Gasoline,304.0HP 3.6L V6 Cylinder Engine Gasoline Fuel,A/T,White,Beige,At Least 1 Accident Or Damage Reported,Yes,11200.0,3.6,6.0,10,0.0892,11414.0,0,1,0,1.2556
Chevrolet,Silverado 1500 High Country,2020,88161.0,Gasoline,6.2L V8 16V GDI OHV,Automatic,Iridescent Pearl Tricoat,Jet Black,At Least 1 Accident Or Damage Reported,Yes,48889.0,6.2,,4,0.5545,17632.0,0,1,0,0.3526
Toyota,4Runner Sr5,2016,101900.0,Gasoline,270.0HP 4.0L V6 Cylinder Engine Gasoline Fuel,5-Speed A/T,Black,Black,None Reported,Yes,29000.0,4.0,6.0,8,0.2846,11322.0,0,0,0,0.8152
Cadillac,Escalade Esv Luxury,2015,159500.0,Gasoline,420.0HP 6.2L 8 Cylinder Engine Gasoline Fuel,6-Speed A/T,Black,Black,At Least 1 Accident Or Damage Reported,Yes,18800.0,6.2,8.0,9,0.1179,15950.0,1,1,0,1.4355
Subaru,Legacy 2.5I Premium,2015,68860.0,Gasoline,175.0HP 2.5L 4 Cylinder Engine Gasoline Fuel,Cvt Transmission,Silver,Beige,At Least 1 Accident Or Damage Reported,Yes,15000.0,2.5,4.0,9,0.2178,6886.0,0,1,0,0.6197
Tesla,Model 3 Long Range,2018,43000.0,Gasoline,271.0HP Electric Motor Electric Fuel System,1-Speed A/T,Red,Black,At Least 1 Accident Or Damage Reported,Yes,30499.0,,,6,0.7093,6143.0,0,1,0,0.258
Ford,Expedition El Xlt,2017,182000.0,Gasoline,365.0HP 3.5L V6 Cylinder Engine Gasoline Fuel,A/T,Black,Black,At Least 1 Accident Or Damage Reported,Yes,16500.0,3.5,6.0,7,0.0907,22750.0,0,1,0,1.274
Tesla,Model Y Long Range,2022,21404.0,Gasoline,425.0HP Electric Motor Electric Fuel System,A/T,White,White,None Reported,Yes,49500.0,,,2,2.3125,7135.0,0,0,0,0.0428
Ford,Expedition El Limited,2017,81000.0,Gasoline,365.0HP 3.5L V6 Cylinder Engine Gasoline Fuel,Transmission W/Dual Shift Mode,Black,Black,None Reported,Yes,27000.0,3.5,6.0,7,0.3333,10125.0,0,0,0,0.567
Chevrolet,Silverado 1500 Ltz,2021,62257.0,Gasoline,5.3L V8 16V GDI OHV,8-Speed Automatic,Satin Steel Metallic,Gideon,None Reported,Unknown,42590.0,5.3,,3,0.6841,15564.0,0,0,0,0.1868
Bmw,X5 Xdrive40E,2016,91798.0,Hybrid,Electric,Automatic,Alpine White,Black,None Reported,Unknown,22998.0,,,8,0.2505,10200.0,1,0,1,0.7344
Bmw,335 Is,2011,82000.0,Gasoline,320.0HP 3.0L Straight 6 Cylinder Engine Gasoline Fuel,7-Speed A/T,Gray,Black,At Least 1 Accident Or Damage Reported,Yes,20000.0,3.0,6.0,13,0.2439,5857.0,1,1,0,1.066
Ford,F-150 Xlt,2012,207100.0,Gasoline,365.0HP 3.5L V6 Cylinder Engine Gasoline Fuel,6-Speed A/T,Black,Gray,At Least 1 Accident Or Damage Reported,Yes,15000.0,3.5,6.0,12,0.0724,15931.0,0,1,0,2.4852
Land,Rover Range Rover Sport P400 Se Dynamic,2023,450.0,Hybrid,395.0HP 3.0L Straight 6 Cylinder Engine Gasoline/Mild Electric Hybrid,8-Speed A/T,Blue,Black,None Reported,Yes,124000.0,3.0,6.0,1,274.9446,225.0,0,0,1,0.0004
Porsche,Panamera Edition,2016,77945.0,Gasoline,310.0HP 3.6L V6 Cylinder Engine Gasoline Fuel,A/T,Blue,Beige,At Least 1 Accident Or Damage Reported,Yes,30000.0,3.6,6.0,8,0.3849,8661.0,1,1,0,0.6236
Kia,Sorento Plug-In Hybrid Sx,2022,15583.0,Hybrid,1.6L I4 16V GDI DOHC Turbo Hybrid,6-Speed Automatic,Aurora Black,Gray,None Reported,Unknown,40599.0,1.6,,2,2.6052,5194.0,0,0,1,0.0312
Bmw,M240 I,2017,37100.0,Gasoline,335.0HP 3.0L Straight 6 Cylinder Engine Gasoline Fuel,8-Speed A/T,White,Black,At Least 1 Accident Or Damage Reported,Yes,26125.0,3.0,6.0,7,0.7042,4638.0,1,1,0,0.2597
Maserati,Quattroporte Base,2006,51000.0,Gasoline,394.0HP 4.2L 8 Cylinder Engine Gasoline Fuel,Transmission W/Dual Shift Mode,Blue,Beige,At Least 1 Accident Or Damage Reported,Yes,18000.0,4.2,8.0,18,0.3529,2684.0,0,1,0,0.918
Ford,F-150 Xlt,2017,94000.0,Gasoline,325.0HP 2.7L V6 Cylinder Engine Gasoline Fuel,6-Speed A/T,White,Black,None Reported,Yes,26000.0,2.7,6.0,7,0.2766,11750.0,0,0,0,0.658
Land,Rover Discovery S,2003,121886.0,Gasoline,217.0HP 4.6L 8 Cylinder Engine Gasoline Fuel,A/T,White,Beige,At Least 1 Accident Or Damage Reported,Yes,6000.0,4.6,8.0,21,0.0492,5540.0,0,1,0,2.5596
Ford,F-250 Xlt Crew Cab Super Duty,2008,157500.0,Gasoline,300.0HP 5.4L 8 Cylinder Engine Gasoline Fuel,5-Speed A/T,Green,Gray,At Least 1 Accident Or Damage Reported,Yes,15000.0,5.4,8.0,16,0.0952,9265.0,0,1,0,2.52
Ford,Taurus Sho,2014,138415.0,Gasoline,365.0HP 3.5L V6 Cylinder Engine Gasoline Fuel,A/T,Silver,Black,At Least 1 Accident Or Damage Reported,Yes,15500.0,3.5,6.0,10,0.112,12583.0,0,1,0,1.3842
Land,Rover Range Rover Sport Hse,2012,110000.0,Gasoline,375.0HP 5.0L 8 Cylinder Engine Gasoline Fuel,A/T,Silver,Black,None Reported,Yes,10200.0,5.0,8.0,12,0.0927,8462.0,0,0,0,1.32
Cadillac,Escalade Sport,2023,8532.0,Diesel,3.0L I6 24V DDI DOHC Turbo Diesel,10-Speed Automatic With Overdrive,Black Raven,Jet Black,None Reported,Unknown,109900.0,3.0,,1,12.8794,4266.0,1,0,0,0.0085
Gmc,Sierra 1500 Slt,2021,12941.0,Gasoline,355.0HP 5.3L 8 Cylinder Engine Gasoline Fuel,A/T,White,Black,At Least 1 Accident Or Damage Reported,Yes,51500.0,5.3,8.0,3,3.9793,3235.0,0,1,0,0.0388
Bmw,335 I Xdrive,2009,69764.0,Gasoline,300.0HP 3.0L Straight 6 Cylinder Engine Gasoline Fuel,6-Speed M/T,Black,Black,None Reported,Yes,19500.0,3.0,6.0,15,0.2795,4360.0,1,0,0,1.0465
Porsche,911 Carrera 4S,2003,90000.0,Gasoline,315.0HP 3.6L Flat 6 Cylinder Engine Gasoline Fuel,6-Speed M/T,Silver,Black,Unknown,Unknown,24000.0,3.6,6.0,21,0.2667,4091.0,1,0,0,1.89
Audi,Q5 S Line Premium,2022,8193.0,Hybrid,2.0 Liter TFSI,Automatic,Florett Silver,Black,None Reported,Unknown,42598.0,,,2,5.1987,2731.0,1,0,1,0.0164
Lexus,Rx 350 F Sport Performance,2020,43277.0,Gasoline,3.5L V6 24V PDI DOHC,8-Speed Automatic,Caviar,Black,None Reported,Unknown,43599.0,3.5,,4,1.0074,8655.0,1,0,0,0.1731
Audi,S4 3.0T Premium Plus,2018,26500.0,Gasoline,354.0HP 3.0L V6 Cylinder Engine Gasoline Fuel,8-Speed A/T,Gray,Black,At Least 1 Accident Or Damage Reported,Yes,38000.0,3.0,6.0,6,1.4339,3786.0,1,1,0,0.159
Chevrolet,Silverado 1500 Lt,2019,36021.0,Gasoline,2.7L I4 16V GDI DOHC Turbo,Automatic,Cajun Red Tintcoat,Jet Black,Unknown,Unknown,35670.0,2.7,,5,0.9902,6004.0,0,0,0,0.1801
Chevrolet,Colorado Z71,2019,25462.0,Gasoline,3.6L V6 24V GDI DOHC,Automatic,Shadow Gray Metallic,Jet Black,None Reported,Unknown,36139.0,3.6,,5,1.4193,4244.0,0,0,0,0.1273
Audi,A5 2.0T Prestige,2018,35850.0,Gasoline,252.0HP 2.0L 4 Cylinder Engine Gasoline Fuel,7-Speed A/T,White,Black,None Reported,Yes,33000.0,2.0,4.0,6,0.9205,5121.0,1,0,0,0.2151
Mazda,Mazda3 S Sport,2008,77700.0,Gasoline,156.0HP 2.3L 4 Cylinder Engine Gasoline Fuel,5-Speed M/T,Red,Black,None Reported,Yes,6300.0,2.3,4.0,16,0.0811,4571.0,0,0,0,1.2432
Jaguar,E-Pace 300 Sport,2021,23600.0,Hybrid,296.0HP 2.0L 4 Cylinder Engine Gasoline/Mild Electric Hybrid,9-Speed A/T,Black,Black,None Reported,Yes,42999.0,2.0,4.0,3,1.8219,5900.0,0,0,1,0.0708
Ferrari,Gtc4Lusso T,2019,8870.0,Gasoline,3.9L V8 32V GDI DOHC Twin Turbo,7-Speed Dct Automatic,Nero Daytona,–,None Reported,Yes,215000.0,3.9,,5,24.2363,1478.0,0,0,0,0.0444
Toyota,Celica Gt,2001,122000.0,Gasoline,140.0HP 1.8L 4 Cylinder Engine Gasoline Fuel,5-Speed M/T,Blue,Gray,None Reported,Yes,7800.0,1.8,4.0,23,0.0639,5083.0,0,0,0,2.806
Ford,Excursion Limited 4Wd,2003,223089.60000000012,Diesel,325.0HP 6.0L 8 Cylinder Engine Diesel Fuel,A/T,Black,Beige,At Least 1 Accident Or Damage Reported,Yes,17999.0,6.0,8.0,21,0.0807,10140.0,0,1,0,4.6849
Porsche,718 Spyder Base,2022,4700.0,Gasoline,414.0HP 4.0L Flat 6 Cylinder Engine Gasoline Fuel,6-Speed M/T,White,Black,None Reported,Yes,134000.0,4.0,6.0,2,28.5046,1567.0,1,0,0,0.0094
Subaru,Wrx Sti Base,2016,84100.0,Gasoline,305.0HP 2.5L 4 Cylinder Engine Gasoline Fuel,M/T,Gray,Black,None Reported,Yes,34000.0,2.5,4.0,8,0.4043,9344.0,0,0,0,0.6728
Audi,A6 45 Premium Plus,2021,33000.0,Hybrid,248.0HP 2.0L 4 Cylinder Engine Gasoline/Mild Electric Hybrid,A/T,Black,Black,None Reported,Yes,40000.0,2.0,4.0,3,1.2121,8250.0,1,0,1,0.099
Tesla,Model S P100D,2018,10065.0,Gasoline,Electric,1-Speed Automatic,Red Multi,White,None Reported,Unknown,59999.0,,,6,5.9606,1438.0,0,0,0,0.0604
Mercedes-Benz,Amg Gt R,2018,3811.0,Gasoline,577.0HP 4.0L 8 Cylinder Engine Gasoline Fuel,7-Speed A/T,Black,Black,None Reported,Yes,148500.0,4.0,8.0,6,38.9559,544.0,1,0,0,0.0229
Acura,Rdx Pmc Edition,2021,44457.0,Gasoline,2.0 Liter Turbo,2,Majestic Black Pearl,Ebony,None Reported,Unknown,40598.0,,,3,0.9132,11114.0,0,0,0,0.1334
Audi,S4 3.0T Premium Plus,2013,139355.0,Gasoline,333.0HP 3.0L V6 Cylinder Engine Gasoline Fuel,7-Speed A/T,Black,Black,None Reported,Yes,20900.0,3.0,6.0,11,0.15,11613.0,1,0,0,1.5329
Lotus,Evora Base,2010,9100.0,Gasoline,276.0HP 3.5L V6 Cylinder Engine Gasoline Fuel,6-Speed M/T,Black,White,None Reported,Yes,55000.0,3.5,6.0,14,6.0433,607.0,0,0,0,0.1274
Mercedes-Benz,S-Class S 560 4Matic,2019,10500.0,Gasoline,463.0HP 4.0L 8 Cylinder Engine Gasoline Fuel,9-Speed A/T,Silver,Brown,None Reported,Yes,77900.0,4.0,8.0,5,7.4183,1750.0,1,0,0,0.0525
Chevrolet,Silverado 1500 Rst,2023,5006.0,Gasoline,5.3L V8 16V GDI OHV,10-Speed Automatic,Dark Ash Metallic,Black,None Reported,Unknown,59590.0,5.3,,1,11.9013,2503.0,0,0,0,0.005
Hyundai,Genesis Coupe 2.0T R-Spec,2013,55000.0,Gasoline,260.0HP 2.0L 4 Cylinder Engine Gasoline Fuel,6-Speed M/T,White,Red,Unknown,Unknown,18000.0,2.0,4.0,11,0.3273,4583.0,0,0,0,0.605
Bmw,M3 Competition,2021,33500.0,Gasoline,503.0HP 3.0L Straight 6 Cylinder Engine Gasoline Fuel,8-Speed A/T,Gray,Black,None Reported,Yes,71000.0,3.0,6.0,3,2.1193,8375.0,1,0,0,0.1005
Bmw,435 I,2014,126500.0,Gasoline,300.0HP 3.0L Straight 6 Cylinder Engine Gasoline Fuel,A/T,White,Black,None Reported,Yes,15000.0,3.0,6.0,10,0.1186,11500.0,1,0,0,1.265
Land,Rover Range Rover Evoque Hse Dynamic,2016,79000.0,Gasoline,240.0HP 2.0L 4 Cylinder Engine Gasoline Fuel,9-Speed A/T,Red,Red,None Reported,Yes,24000.0,2.0,4.0,8,0.3038,8778.0,0,0,0,0.632
Porsche,911 Targa 4 Gts,2018,19000.0,Gasoline,450.0HP 3.0L Flat 6 Cylinder Engine Gasoline Fuel,7-Speed A/T,Gray,Black,None Reported,Yes,145000.0,3.0,6.0,6,7.6312,2714.0,1,0,0,0.114
Ram,3500 Tradesman,2021,57000.0,Diesel,400.0HP 6.7L Straight 6 Cylinder Engine Diesel Fuel,6-Speed A/T,Blue,Gray,None Reported,Yes,52000.0,6.7,6.0,3,0.9123,14250.0,0,0,0,0.171
Bmw,X5 Xdrive40I,2020,4880.0,Gasoline,3.0 Liter Turbo,Automatic,White,Black,None Reported,Unknown,57998.0,,,4,11.8824,976.0,1,0,0,0.0195
Acura,Nsx Base,2018,6523.0,Hybrid,3.5L V6 24V PDI DOHC Twin Turbo Hybrid,9-Speed Automatic With Auto-Shift,White,Ebony,None Reported,Unknown,143900.0,3.5,,6,22.057,932.0,0,0,1,0.0391
Mercedes-Benz,Sl-Class Sl500 Roadster,2005,127000.0,Gasoline,302.0HP 5.0L 8 Cylinder Engine Gasoline Fuel,7-Speed A/T,White,Beige,None Reported,Yes,14000.0,5.0,8.0,19,0.1102,6350.0,1,0,0,2.413
Lexus,Sc 430 Base,2002,89500.0,Gasoline,300.0HP 4.3L 8 Cylinder Engine Gasoline Fuel,A/T,Black,Black,None Reported,Yes,15999.0,4.3,8.0,22,0.1788,3891.0,1,0,0,1.969
Chevrolet,Silverado 1500 Base,2000,97000.0,Gasoline,200.0HP 4.3L V6 Cylinder Engine Gasoline Fuel,A/T,White,Gray,None Reported,Yes,27500.0,4.3,6.0,24,0.2835,3880.0,0,0,0,2.328
Buick,Enclave Avenir,2021,31181.0,Gasoline,3.6L V6 24V GDI DOHC,9-Speed Automatic,Rich Garnet Metallic,Chestnut,At Least 1 Accident Or Damage Reported,Yes,42442.0,3.6,,3,1.3611,7795.0,0,1,0,0.0935
Lexus,Nx 300H Base,2020,16425.0,Hybrid,2.5L I4 16V MPFI DOHC Hybrid,Automatic Cvt,Gray,Black,At Least 1 Accident Or Damage Reported,Unknown,33200.0,2.5,,4,2.0212,3285.0,1,1,1,0.0657
Lexus,Rx 350 Rx 350 F Sport Handling,2022,11238.0,Gasoline,3.5 Liter DOHC,Automatic,Atomic Silver,Black,None Reported,Unknown,54798.0,,,2,4.8757,3746.0,1,0,0,0.0225
Chevrolet,Avalanche 1500 Ls,2005,97146.0,E85 Flex Fuel,295.0HP 5.3L 8 Cylinder Engine Flex Fuel Capability,Transmission Overdrive Switch,Black,Gray,At Least 1 Accident Or Damage Reported,Yes,7999.0,5.3,8.0,19,0.0823,4857.0,0,1,0,1.8458
Mercedes-Benz,Sl-Class Sl400,2015,36670.0,Gasoline,3.0 Liter,Automatic,White,Tan,None Reported,Unknown,39998.0,,,9,1.0907,3667.0,1,0,0,0.33
Chevrolet,Suburban Premier,2019,44800.0,Gasoline,420.0HP 6.2L 8 Cylinder Engine Gasoline Fuel,6-Speed A/T,Black,Black,None Reported,Yes,52500.0,6.2,8.0,5,1.1718,7467.0,0,0,0,0.224
Ford,Transit-350 Base,2015,150000.0,Gasoline,310.0HP 3.5L V6 Cylinder Engine Gasoline Fuel,A/T,Black,Gray,At Least 1 Accident Or Damage Reported,Yes,17100.0,3.5,6.0,9,0.114,15000.0,0,1,0,1.35
Infiniti,Qx60 Luxe,2020,38400.0,Gasoline,295.0HP 3.5L V6 Cylinder Engine Gasoline Fuel,A/T,Blue,Beige,None Reported,Yes,32100.0,3.5,6.0,4,0.8359,7680.0,0,0,0,0.1536
Bentley,Continental Gtc Base,2008,7960.0,Gasoline,552.0HP 6.0L 12 Cylinder Engine Gasoline Fuel,6-Speed A/T,White,White,None Reported,Yes,81500.0,6.0,12.0,16,10.2374,468.0,0,0,0,0.1274
Nissan,350Z Enthusiast,2007,117000.0,Gasoline,306.0HP 3.5L V6 Cylinder Engine Gasoline Fuel,A/T,Silver,Black,At Least 1 Accident Or Damage Reported,Yes,9975.0,3.5,6.0,17,0.0853,6500.0,0,1,0,1.989
Rivian,R1S Adventure Package,2023,159.0,Gasoline,533.0HP Electric Motor Electric Fuel System,A/T,White,Black,None Reported,Yes,95500.0,,,1,596.875,80.0,0,0,0,0.0002
Mclaren,570S Base,2017,30200.0,Gasoline,562.0HP 3.8L 8 Cylinder Engine Gasoline Fuel,Transmission W/Dual Shift Mode,Orange,Black,None Reported,Yes,139000.0,3.8,8.0,7,4.6025,3775.0,0,0,0,0.2114
Nissan,Altima 2.5 Sl,2012,91545.0,Gasoline,175.0HP 2.5L 4 Cylinder Engine Gasoline Fuel,Cvt Transmission,Silver,Black,None Reported,Yes,8999.0,2.5,4.0,12,0.0983,7042.0,0,0,0,1.0985
Land,Rover Range Rover 5.0L Supercharged,2015,110000.0,E85 Flex Fuel,510.0HP 5.0L 8 Cylinder Engine Flex Fuel Capability,A/T,Black,–,At Least 1 Accident Or Damage Reported,Yes,26499.0,5.0,8.0,9,0.2409,11000.0,0,1,0,0.99
Bmw,X5 Xdrive35I,2017,105100.0,Gasoline,300.0HP 3.0L Straight 6 Cylinder Engine Gasoline Fuel,8-Speed A/T,Gray,Black,At Least 1 Accident Or Damage Reported,Yes,23300.0,3.0,6.0,7,0.2217,13138.0,1,1,0,0.7357
Infiniti,Qx56 Base,2012,110000.0,Gasoline,400.0HP 5.6L 8 Cylinder Engine Gasoline Fuel,Transmission W/Dual Shift Mode,White,Beige,None Reported,Yes,15600.0,5.6,8.0,12,0.1418,8462.0,0,0,0,1.32
Ford,F-150 Xlt,2019,81778.0,Gasoline,3.5L V6 24V PDI DOHC Twin Turbo,Automatic,Black,Medium Earth Gray,None Reported,Yes,32769.0,3.5,,5,0.4007,13630.0,0,0,0,0.4089
Lexus,Rx 450H Base,2010,168422.0,Hybrid,245.0HP 3.5L V6 Cylinder Engine Gas/Electric Hybrid,A/T,Black,Beige,At Least 1 Accident Or Damage Reported,Yes,10900.0,3.5,6.0,14,0.0647,11228.0,1,1,1,2.3579
Maserati,Ghibli S Q4 Gransport,2018,80500.0,Gasoline,424.0HP 3.0L V6 Cylinder Engine Gasoline Fuel,8-Speed A/T,Black,Black,None Reported,Yes,34900.0,3.0,6.0,6,0.4335,11500.0,0,0,0,0.483
Volvo,Xc90 T6 Momentum,2018,81200.0,Gasoline,316.0HP 2.0L 4 Cylinder Engine Gasoline Fuel,8-Speed A/T,Black,Black,At Least 1 Accident Or Damage Reported,Yes,28825.0,2.0,4.0,6,0.355,11600.0,0,1,0,0.4872
Jeep,Wrangler Unlimited Rubicon,2017,20172.0,Gasoline,285.0HP 3.6L V6 Cylinder Engine Gasoline Fuel,Transmission W/Dual Shift Mode,Gray,Black,None Reported,Yes,47500.0,3.6,6.0,7,2.3546,2522.0,0,0,0,0.1412
Hummer,H2 Base,2005,145000.0,Gasoline,325.0HP 6.0L 8 Cylinder Engine Gasoline Fuel,4-Speed A/T,Green,Black,None Reported,Yes,22500.0,6.0,8.0,19,0.1552,7250.0,0,0,0,2.755
Ford,Flex Limited,2009,162000.0,Gasoline,262.0HP 3.5L V6 Cylinder Engine Gasoline Fuel,6-Speed A/T,Gray,Black,At Least 1 Accident Or Damage Reported,Yes,7500.0,3.5,6.0,15,0.0463,10125.0,0,1,0,2.43
Porsche,718 Cayman Gt4,2020,13554.0,Gasoline,414.0HP 4.0L Flat 6 Cylinder Engine Gasoline Fuel,6-Speed M/T,Blue,Black,None Reported,Yes,124995.0,4.0,6.0,4,9.2213,2711.0,1,0,0,0.0542
Toyota,Camry Xle,2007,59700.0,Gasoline,268.0HP 3.5L V6 Cylinder Engine Gasoline Fuel,6-Speed A/T,Green,Gray,None Reported,Yes,9500.0,3.5,6.0,17,0.1591,3317.0,0,0,0,1.0149
Mercedes-Benz,A-Class A 220 4Matic,2020,30930.0,Gasoline,2.0L I4 16V GDI DOHC Turbo,7-Speed Automatic With Auto-Shift,Midnight Black,Black,None Reported,Unknown,28900.0,2.0,,4,0.9343,6186.0,1,0,0,0.1237
Bmw,335 I,2009,51983.0,Gasoline,300.0HP 3.0L Straight 6 Cylinder Engine Gasoline Fuel,6-Speed M/T,Gray,White,None Reported,Yes,19999.0,3.0,6.0,15,0.3847,3249.0,1,0,0,0.7797
Chevrolet,Camaro 2Ss,2022,22000.0,Gasoline,455.0HP 6.2L 8 Cylinder Engine Gasoline Fuel,6-Speed M/T,Blue,Black,None Reported,Yes,50000.0,6.2,8.0,2,2.2726,7333.0,0,0,0,0.044
Volkswagen,Id.4 Pro S,2023,16800.0,Gasoline,295.0HP Electric Motor Electric Fuel System,1-Speed A/T,Gray,Black,None Reported,Yes,45000.0,,,1,2.6784,8400.0,0,0,0,0.0168
Chevrolet,Silverado 2500 High Country,2022,16000.0,Diesel,445.0HP 6.6L 8 Cylinder Engine Diesel Fuel,A/T,Black,Black,At Least 1 Accident Or Damage Reported,Yes,73995.0,6.6,8.0,2,4.6244,5333.0,0,1,0,0.032
Nissan,Altima 2.5 Sv,2020,22295.0,Gasoline,2.5L I4 16V GDI DOHC,Automatic Cvt,Scarlet Ember,Gray,None Reported,Unknown,23599.0,2.5,,4,1.0584,4459.0,0,0,0,0.0892
Bentley,Continental Gt V8,2020,33000.0,Gasoline,542.0HP 4.0L 8 Cylinder Engine Gasoline Fuel,A/T,Beige,Beige,None Reported,Yes,188500.0,4.0,8.0,4,5.7119,6600.0,0,0,0,0.132
Toyota,Sequoia Platinum,2023,1025.0,Hybrid,437.0HP 3.4L V6 Cylinder Engine Gas/Electric Hybrid,10-Speed A/T,Black,Black,None Reported,Yes,85000.0,3.4,6.0,1,82.846,512.0,0,0,1,0.001
Acura,Tl Technology,2013,89190.0,Gasoline,305.0HP 3.7L V6 Cylinder Engine Gasoline Fuel,6-Speed A/T,Gray,White,At Least 1 Accident Or Damage Reported,Yes,15499.0,3.7,6.0,11,0.1738,7432.0,0,1,0,0.9811
Toyota,Highlander Limited,2020,53550.0,Gasoline,3.5L V6 24V PDI DOHC,8-Speed Automatic,Blue,Gray,None Reported,Yes,39687.0,3.5,,4,0.7411,10710.0,0,0,0,0.2142
Ford,Edge Sel,2021,56946.0,Gasoline,2.0L I4 16V GDI DOHC Turbo,8-Speed Automatic,Silver,Ebony,None Reported,Yes,26299.0,2.0,,3,0.4618,14236.0,0,0,0,0.1708
Jaguar,F-Type R,2016,11684.0,Gasoline,550.0HP 5.0L 8 Cylinder Engine Gasoline Fuel,8-Speed A/T,Black,Black,None Reported,Yes,54900.0,5.0,8.0,8,4.6983,1298.0,0,0,0,0.0935
Gmc,Yukon Xl Denali,2018,45617.0,Gasoline,420.0HP 6.2L 8 Cylinder Engine Gasoline Fuel,A/T,White,Gray,None Reported,Yes,51000.0,6.2,8.0,6,1.118,6517.0,0,0,0,0.2737
Chevrolet,Suburban Lt,2018,75466.0,Gasoline,355.0HP 5.3L 8 Cylinder Engine Gasoline Fuel,6-Speed A/T,Gray,Black,None Reported,Yes,34500.0,5.3,8.0,6,0.4572,10781.0,0,0,0,0.4528
Maserati,Levante Gts,2021,19513.0,Gasoline,3.8L V8 32V GDI DOHC Twin Turbo,8-Speed Automatic,Black,Red / Black,At Least 1 Accident Or Damage Reported,Yes,84645.0,3.8,,3,4.3377,4878.0,0,1,0,0.0585
Subaru,Outback Limited,2021,15636.0,Gasoline,2.5L H4 16V GDI DOHC,Automatic Cvt,Crystal Black Silica,Black,None Reported,Unknown,33531.0,2.5,,3,2.1443,3909.0,0,0,0,0.0469
Mercedes-Benz,S-Class S 450,2018,69600.0,Gasoline,362.0HP 3.0L V6 Cylinder Engine Gasoline Fuel,9-Speed A/T,Black,Black,None Reported,Yes,40888.0,3.0,6.0,6,0.5875,9943.0,1,0,0,0.4176
Mercedes-Benz,Gl-Class Gl 450,2011,138050.0,Gasoline,335.0HP 4.7L 8 Cylinder Engine Gasoline Fuel,A/T,White,Beige,None Reported,Yes,16500.0,4.7,8.0,13,0.1195,9861.0,1,0,0,1.7946
Ford,F-250 Lariat,2017,132269.0,E85 Flex Fuel,385.0HP 6.2L 8 Cylinder Engine Flex Fuel Capability,A/T,Gray,Black,None Reported,Yes,35900.0,6.2,8.0,7,0.2714,16534.0,0,0,0,0.9259
Hyundai,Palisade Limited,2020,45815.0,Gasoline,291.0HP 3.8L V6 Cylinder Engine Gasoline Fuel,Transmission W/Dual Shift Mode,Silver,Black,None Reported,Yes,37700.0,3.8,6.0,4,0.8229,9163.0,0,0,0,0.1833
Ford,F-150 Xlt,2021,25352.0,Gasoline,3.5L V6 24V PDI DOHC Twin Turbo,10-Speed Automatic,Gray,Black,None Reported,Yes,48459.0,3.5,,3,1.9114,6338.0,0,0,0,0.0761
Mercedes-Benz,R-Class R 350 4Matic,2008,120000.0,Gasoline,268.0HP 3.5L V6 Cylinder Engine Gasoline Fuel,7-Speed A/T,Silver,Black,None Reported,Yes,8995.0,3.5,6.0,16,0.075,7059.0,1,0,0,1.92
Chevrolet,Camaro 2Ss,2018,75151.0,Gasoline,455.0HP 6.2L 8 Cylinder Engine Gasoline Fuel,6-Speed M/T,Gray,Black,At Least 1 Accident Or Damage Reported,Yes,45000.0,6.2,8.0,6,0.5988,10736.0,0,1,0,0.4509
Jeep,Wrangler Sport,2016,74139.0,Gasoline,285.0HP 3.6L V6 Cylinder Engine Gasoline Fuel,6-Speed M/T,Red,Black,None Reported,Yes,23000.0,3.6,6.0,8,0.3102,8238.0,0,0,0,0.5931
Chevrolet,1500 Cheyenne,1994,170443.0,–,–,A/T,Red,–,At Least 1 Accident Or Damage Reported,Yes,6000.0,,,30,0.0352,5498.0,0,1,0,5.1133
Jaguar,Xj6 Vanden Plas,1995,70000.0,–,–,A/T,Gold,–,None Reported,Yes,19000.0,,,29,0.2714,2333.0,0,0,0,2.03
Bmw,550 I Xdrive,2012,68500.0,Gasoline,400.0HP 4.4L 8 Cylinder Engine Gasoline Fuel,Transmission W/Dual Shift Mode,Black,Black,None Reported,Yes,17800.0,4.4,8.0,12,0.2599,5269.0,1,0,0,0.822
Lexus,Gx 460 Luxury,2020,37366.0,Gasoline,4.6L V8 32V MPFI DOHC,6-Speed Automatic,White,–,Unknown,Unknown,51890.0,4.6,,4,1.3887,7473.0,1,0,0,0.1495
Tesla,Model S Long Range,2021,35315.0,Gasoline,670.0HP Electric Motor Electric Fuel System,1-Speed A/T,White,Black,None Reported,Yes,66900.0,,,3,1.8943,8829.0,0,0,0,0.1059
Volkswagen,Jetta 1.4T Se,2017,61000.0,Gasoline,150.0HP 1.4L 4 Cylinder Engine Gasoline Fuel,A/T,White,Black,None Reported,Yes,15995.0,1.4,4.0,7,0.2622,7625.0,0,0,0,0.427
Jeep,Grand Cherokee Limited,2022,12050.0,Gasoline,3.6L V6 24V MPFI DOHC,8-Speed Automatic,Bright White Clearcoat,Global Black,None Reported,Unknown,41599.0,3.6,,2,3.4519,4017.0,0,0,0,0.0241
Jaguar,Xk8 Base,2001,150000.0,Gasoline,290.0HP 4.0L 8 Cylinder Engine Gasoline Fuel,5-Speed A/T,Green,White,At Least 1 Accident Or Damage Reported,Yes,9875.0,4.0,8.0,23,0.0658,6250.0,0,1,0,3.45
Porsche,Macan S,2016,46200.0,Gasoline,340.0HP 3.0L V6 Cylinder Engine Gasoline Fuel,Transmission W/Dual Shift Mode,Gray,Gray,At Least 1 Accident Or Damage Reported,Yes,41500.0,3.0,6.0,8,0.8982,5133.0,1,1,0,0.3696
Mercedes-Benz,E-Class E 350,2014,88000.0,Gasoline,302.0HP 3.5L V6 Cylinder Engine Gasoline Fuel,A/T,Silver,Black,None Reported,Yes,15500.0,3.5,6.0,10,0.1761,8000.0,1,0,0,0.88
Mercedes-Benz,Gl-Class Gl 450 4Matic,2015,47000.0,Gasoline,362.0HP 3.0L V6 Cylinder Engine Gasoline Fuel,7-Speed A/T,Silver,Black,None Reported,Yes,30089.0,3.0,6.0,9,0.6402,4700.0,1,0,0,0.423
Land,Rover Range Rover 3.0L Supercharged Hse,2017,50340.0,Gasoline,380.0HP 3.0L V6 Cylinder Engine Gasoline Fuel,8-Speed A/T,White,Beige,At Least 1 Accident Or Damage Reported,Yes,47000.0,3.0,6.0,7,0.9336,6292.0,0,1,0,0.3524
Mercedes-Benz,E-Class E 350 4Matic,2010,67800.0,Gasoline,268.0HP 3.5L V6 Cylinder Engine Gasoline Fuel,7-Speed A/T,Black,Black,None Reported,Yes,13999.0,3.5,6.0,14,0.2065,4520.0,1,0,0,0.9492
Dodge,Dakota Sport,2002,150000.0,Gasoline,175.0HP 3.9L V6 Cylinder Engine Gasoline Fuel,5-Speed M/T,Black,Gray,At Least 1 Accident Or Damage Reported,Yes,5500.0,3.9,6.0,22,0.0367,6522.0,0,1,0,3.3
Chevrolet,Camaro Zl1,2018,13500.0,Gasoline,650.0HP 6.2L 8 Cylinder Engine Gasoline Fuel,6-Speed M/T,Black,Black,At Least 1 Accident Or Damage Reported,Yes,54000.0,6.2,8.0,6,3.9997,1929.0,0,1,0,0.081
Hummer,H3 Base,2007,101750.0,Gasoline,242.0HP 3.7L 5 Cylinder Engine Gasoline Fuel,A/T,White,Black,None Reported,Yes,12900.0,3.7,5.0,17,0.1268,5653.0,0,0,0,1.7298
Honda,Odyssey Ex-L,2022,18385.0,Gasoline,280.0HP 3.5L V6 Cylinder Engine Gasoline Fuel,10-Speed A/T,Red,Beige,None Reported,Yes,37950.0,3.5,6.0,2,2.0641,6128.0,0,0,0,0.0368
Nissan,350Z Touring,2008,123500.0,Gasoline,306.0HP 3.5L V6 Cylinder Engine Gasoline Fuel,5-Speed A/T,Gray,Beige,At Least 1 Accident Or Damage Reported,Yes,13500.0,3.5,6.0,16,0.1093,7265.0,0,1,0,1.976
Gmc,Savana 2500 Work Van,2017,117000.0,E85 Flex Fuel,342.0HP 6.0L 8 Cylinder Engine Flex Fuel Capability,6-Speed A/T,Silver,Silver,None Reported,Yes,38000.0,6.0,8.0,7,0.3248,14625.0,0,0,0,0.819
Mercedes-Benz,E-Class E 350 4Matic,2010,86121.0,Gasoline,268.0HP 3.5L V6 Cylinder Engine Gasoline Fuel,7-Speed A/T,Gray,Black,None Reported,Yes,13600.0,3.5,6.0,14,0.1579,5741.0,1,0,0,1.2057
Lexus,Gx 460 Premium,2020,22466.0,Gasoline,301.0HP 4.6L 8 Cylinder Engine Gasoline Fuel,6-Speed A/T,White,Black,None Reported,Yes,45900.0,4.6,8.0,4,2.043,4493.0,1,0,0,0.0899
Nissan,Titan Xd Sv,2017,80000.0,Gasoline,390.0HP 5.6L 8 Cylinder Engine Gasoline Fuel,7-Speed A/T,Silver,Black,None Reported,Yes,23800.0,5.6,8.0,7,0.2975,10000.0,0,0,0,0.56
Chrysler,300 Touring,2020,23152.0,Gasoline,292.0HP 3.6L V6 Cylinder Engine Gasoline Fuel,8-Speed A/T,White,White,None Reported,Yes,28250.0,3.6,6.0,4,1.2201,4630.0,0,0,0,0.0926
Dodge,Charger R/T,2006,91300.0,Gasoline,350.0HP 5.7L 8 Cylinder Engine Gasoline Fuel,5-Speed A/T,Yellow,–,None Reported,Yes,9200.0,5.7,8.0,18,0.1008,4805.0,0,0,0,1.6434
Nissan,Pathfinder Sl,2020,45000.0,Gasoline,284.0HP 3.5L V6 Cylinder Engine Gasoline Fuel,Cvt Transmission,Black,Black,None Reported,Yes,28999.0,3.5,6.0,4,0.6444,9000.0,0,0,0,0.18
Rivian,R1S Launch Edition,2023,1885.0,Gasoline,835.0HP Electric Motor Electric Fuel System,1-Speed A/T,Green,White,None Reported,Yes,93500.0,,,1,49.5758,942.0,0,0,0,0.0019
Ford,Explorer Platinum,2018,73049.0,Gasoline,3.5L V6 24V GDI DOHC Twin Turbo,6-Speed Automatic,Gray,Ebony Black,At Least 1 Accident Or Damage Reported,Yes,30510.0,3.5,,6,0.4177,10436.0,0,1,0,0.4383
Nissan,Titan Sv,2021,7250.0,Gasoline,400.0HP 5.6L 8 Cylinder Engine Gasoline Fuel,9-Speed A/T,Black,Black,None Reported,Yes,38000.0,5.6,8.0,3,5.2407,1812.0,0,0,0,0.0217
Jaguar,E-Pace S,2019,44000.0,Gasoline,246.0HP 2.0L 4 Cylinder Engine Gasoline Fuel,A/T,Black,Black,None Reported,Yes,29000.0,2.0,4.0,5,0.6591,7333.0,0,0,0,0.22
Ford,F-150 Fx4,2014,85500.0,Gasoline,411.0HP 6.2L 8 Cylinder Engine Gasoline Fuel,Transmission W/Dual Shift Mode,Black,Black,None Reported,Yes,26900.0,6.2,8.0,10,0.3146,7773.0,0,0,0,0.855
Gmc,Acadia Denali,2021,18083.0,Gasoline,3.6L V6 24V GDI DOHC,9-Speed Automatic,Ebony Twilight Metallic,Jet Black,None Reported,Yes,43999.0,3.6,,3,2.433,4521.0,0,0,0,0.0542
Lamborghini,Murcielago Base,2005,22703.0,Gasoline,571.0HP 6.2L 12 Cylinder Engine Gasoline Fuel,M/T,Black,Black,None Reported,Yes,220000.0,6.2,12.0,19,9.6899,1135.0,0,0,0,0.4314
Chevrolet,Camaro 1Lt,2011,111000.0,Gasoline,312.0HP 3.6L V6 Cylinder Engine Gasoline Fuel,A/T,Blue,Black,None Reported,Yes,10900.0,3.6,6.0,13,0.0982,7929.0,0,0,0,1.443
Gmc,Acadia Slt-2,2013,115000.0,Gasoline,288.0HP 3.6L V6 Cylinder Engine Gasoline Fuel,6-Speed A/T,White,Brown,None Reported,Yes,14000.0,3.6,6.0,11,0.1217,9583.0,0,0,0,1.265
Chevrolet,Malibu Premier,2021,33400.0,Gasoline,250.0HP 2.0L 4 Cylinder Engine Gasoline Fuel,A/T,White,Black,None Reported,Yes,28000.0,2.0,4.0,3,0.8383,8350.0,0,0,0,0.1002
Toyota,Sequoia Sr5,2007,136000.0,Gasoline,273.0HP 4.7L 8 Cylinder Engine Gasoline Fuel,A/T,Black,Beige,None Reported,Yes,12500.0,4.7,8.0,17,0.0919,7556.0,0,0,0,2.312
Lexus,Is 350 F Sport,2021,26800.0,Gasoline,311.0HP 3.5L V6 Cylinder Engine Gasoline Fuel,8-Speed A/T,Black,Red,None Reported,Yes,44000.0,3.5,6.0,3,1.6417,6700.0,1,0,0,0.0804
Tesla,Model Y Performance,2022,30000.0,Gasoline,455.0HP Electric Motor Electric Fuel System,A/T,White,White,None Reported,Yes,51999.0,,,2,1.7332,10000.0,0,0,0,0.06
Dodge,Challenger Srt8,2008,223089.60000000012,Gasoline,425.0HP 6.1L 8 Cylinder Engine Gasoline Fuel,A/T,Silver,Black,None Reported,Yes,10500.0,6.1,8.0,16,0.0471,13123.0,0,0,0,3.5694
Chrysler,300 Touring,2005,119000.0,Gasoline,250.0HP 3.5L V6 Cylinder Engine Gasoline Fuel,A/T,Blue,Beige,None Reported,Yes,3500.0,3.5,6.0,19,0.0294,5950.0,0,0,0,2.261
Cadillac,Escalade Sport Platinum,2021,28121.0,Gasoline,6.2L V8 16V GDI OHV,10-Speed Automatic,Black Raven,Jet Black,None Reported,Unknown,89000.0,6.2,,3,3.1648,7030.0,1,0,0,0.0844
Chrysler,Town & Country Touring,2009,111000.0,Gasoline,197.0HP 3.8L V6 Cylinder Engine Gasoline Fuel,A/T,Blue,Gray,None Reported,Yes,7900.0,3.8,6.0,15,0.0712,6938.0,0,0,0,1.665
Mazda,Cx-5 Touring,2016,116500.0,Gasoline,2.5L I4 16V GDI DOHC,6-Speed Automatic,Blue Reflex Mica,Black,None Reported,Yes,14311.0,2.5,,8,0.1228,12944.0,0,0,0,0.932
Acura,Tl 3.2,2005,199296.0,Gasoline,270.0HP 3.2L V6 Cylinder Engine Gasoline Fuel,A/T,Black,Gray,None Reported,Yes,4900.0,3.2,6.0,19,0.0246,9965.0,0,0,0,3.7866
Chevrolet,Corvette Z06 W/2Lz,2023,202.0,Gasoline,670.0HP 5.5L 8 Cylinder Engine Gasoline Fuel,Transmission W/Dual Shift Mode,White,Red,None Reported,Yes,179000.0,5.5,8.0,1,881.7734,101.0,0,0,0,0.0002
Tesla,Model Y Performance,2021,11200.0,Gasoline,455.0HP Electric Motor Electric Fuel System,1-Speed A/T,White,Black,None Reported,Yes,47500.0,,,3,4.2407,2800.0,0,0,0,0.0336
Volvo,Xc40 T5 Momentum,2020,56536.0,Gasoline,2.0L I4 16V GDI DOHC Turbo,8-Speed Automatic,White,Charcoal,None Reported,Unknown,26599.0,2.0,,4,0.4705,11307.0,0,0,0,0.2261
Chevrolet,Camaro 2Ss,2016,49600.0,Gasoline,455.0HP 6.2L 8 Cylinder Engine Gasoline Fuel,8-Speed A/T,Blue,Black,None Reported,Yes,32500.0,6.2,8.0,8,0.6552,5511.0,0,0,0,0.3968
Acura,Tlx Type S Pmc Edition,2023,13600.0,Gasoline,355.0HP 3.0L V6 Cylinder Engine Gasoline Fuel,10-Speed A/T,Blue,White,None Reported,Yes,65000.0,3.0,6.0,1,4.7791,6800.0,0,0,0,0.0136
Volkswagen,Eos 2.0T,2007,59700.0,Gasoline,200.0HP 2.0L 4 Cylinder Engine Gasoline Fuel,6-Speed A/T,Blue,White,None Reported,Yes,10000.0,2.0,4.0,17,0.1675,3317.0,0,0,0,1.0149
Dodge,Charger R/T Scat Pack,2018,19000.0,Gasoline,485.0HP 6.4L 8 Cylinder Engine Gasoline Fuel,Transmission W/Dual Shift Mode,Purple,Gray,None Reported,Yes,44888.0,6.4,8.0,6,2.3624,2714.0,0,0,0,0.114
Chevrolet,Corvette Z06,2002,17300.0,Gasoline,405.0HP 5.7L 8 Cylinder Engine Gasoline Fuel,6-Speed M/T,Black,Black,None Reported,Yes,33999.0,5.7,8.0,22,1.9651,752.0,0,0,0,0.3806
Mercedes-Benz,Cla-Class Cla 250,2014,91140.0,Gasoline,208.0HP 2.0L 4 Cylinder Engine Gasoline Fuel,7-Speed A/T,Gray,Black,None Reported,Yes,13500.0,2.0,4.0,10,0.1481,8285.0,1,0,0,0.9114
Bmw,M5 Base,2015,33000.0,Gasoline,560.0HP 4.4L 8 Cylinder Engine Gasoline Fuel,7-Speed A/T,Gray,Black,None Reported,Yes,65000.0,4.4,8.0,9,1.9696,3300.0,1,0,0,0.297
Jeep,Wrangler Unlimited Sport,2019,52775.0,Gasoline,285.0HP 3.6L V6 Cylinder Engine Gasoline Fuel,8-Speed A/T,Gray,Black,None Reported,Yes,39799.0,3.6,6.0,5,0.7541,8796.0,0,0,0,0.2639
Mitsubishi,Lancer Sportback Es,2011,113000.0,Gasoline,148.0HP 2.0L 4 Cylinder Engine Gasoline Fuel,5-Speed M/T,White,Black,None Reported,Yes,5800.0,2.0,4.0,13,0.0513,8071.0,0,0,0,1.469
Porsche,Macan Base,2022,13000.0,Gasoline,261.0HP 2.0L 4 Cylinder Engine Gasoline Fuel,A/T,Black,Beige,None Reported,Yes,60000.0,2.0,4.0,2,4.615,4333.0,1,0,0,0.026
Mercedes-Benz,Clk-Class Clk 350,2009,77925.0,Gasoline,268.0HP 3.5L V6 Cylinder Engine Gasoline Fuel,Transmission W/Dual Shift Mode,Silver,Black,None Reported,Yes,16500.0,3.5,6.0,15,0.2117,4870.0,1,0,0,1.1689
Dodge,Challenger Srt8,2011,106500.0,–,–,5-Speed A/T,White,White,At Least 1 Accident Or Damage Reported,Yes,22500.0,,,13,0.2113,7607.0,0,1,0,1.3845
Mazda,Mazda3 Grand Touring,2018,15175.0,Gasoline,2.5L I4 16V GDI DOHC,6-Speed Automatic,Snowflake White Pearl Metallic,Parchment,At Least 1 Accident Or Damage Reported,Unknown,19212.0,2.5,,6,1.2659,2168.0,0,1,0,0.0911
Audi,A3 2.0T Premium,2017,137000.0,Gasoline,186.0HP 2.0L 4 Cylinder Engine Gasoline Fuel,7-Speed A/T,White,Gray,None Reported,Yes,10995.0,2.0,4.0,7,0.0803,17125.0,1,0,0,0.959
Bmw,528 I,2015,111000.0,Gasoline,240.0HP 2.0L 4 Cylinder Engine Gasoline Fuel,8-Speed A/T,Gray,–,At Least 1 Accident Or Damage Reported,Yes,15000.0,2.0,4.0,9,0.1351,11100.0,1,1,0,0.999
Land,Rover Range Rover 3.0L V6 Supercharged Hse,2019,49208.0,Gasoline,380.0HP 3.0L V6 Cylinder Engine Gasoline Fuel,Transmission W/Dual Shift Mode,Black,Black,None Reported,Yes,62425.0,3.0,6.0,5,1.2686,8201.0,0,0,0,0.246
Audi,S5 3.0T Prestige,2018,44000.0,Gasoline,354.0HP 3.0L V6 Cylinder Engine Gasoline Fuel,8-Speed A/T,Gray,Black,None Reported,Yes,39000.0,3.0,6.0,6,0.8863,6286.0,1,0,0,0.264
Porsche,718 Boxster Base,2017,26000.0,Gasoline,300.0HP 2.0L 4 Cylinder Engine Gasoline Fuel,A/T,Gray,Black,None Reported,Yes,45500.0,2.0,4.0,7,1.7499,3250.0,1,0,0,0.182
Chevrolet,Corvette Stingray W/2Lt,2020,1800.0,Gasoline,490.0HP 6.2L 8 Cylinder Engine Gasoline Fuel,8-Speed A/T,Blue,Black,None Reported,Yes,76000.0,6.2,8.0,4,42.1988,360.0,0,0,0,0.0072
Maserati,Quattroporte S,2012,50000.0,Gasoline,425.0HP 4.7L 8 Cylinder Engine Gasoline Fuel,6-Speed A/T,White,Black,None Reported,Yes,26497.0,4.7,8.0,12,0.5299,3846.0,0,0,0,0.6
Subaru,Impreza 2.0I,2018,93000.0,Gasoline,152.0HP 2.0L 4 Cylinder Engine Gasoline Fuel,Cvt Transmission,Silver,Black,At Least 1 Accident Or Damage Reported,Yes,16000.0,2.0,4.0,6,0.172,13286.0,0,1,0,0.558
Mercedes-Benz,Amg Gt C,2020,15000.0,Gasoline,550.0HP 4.0L 8 Cylinder Engine Gasoline Fuel,7-Speed A/T,Gray,Black,None Reported,Yes,129000.0,4.0,8.0,4,8.5994,3000.0,1,0,0,0.06
Mazda,Mazda6 I Touring,2016,119500.0,Gasoline,184.0HP 2.5L 4 Cylinder Engine Gasoline Fuel,Transmission W/Dual Shift Mode,Silver,Black,None Reported,Yes,15000.0,2.5,4.0,8,0.1255,13278.0,0,0,0,0.956
Porsche,Macan S,2016,50000.0,Gasoline,340.0HP 3.0L V6 Cylinder Engine Gasoline Fuel,7-Speed A/T,Blue,Red,None Reported,Yes,36000.0,3.0,6.0,8,0.72,5556.0,1,0,0,0.4
Porsche,Panamera 4,2011,85000.0,Gasoline,300.0HP 3.6L V6 Cylinder Engine Gasoline Fuel,A/T,Gray,Beige,Unknown,Unknown,21500.0,3.6,6.0,13,0.2529,6071.0,1,0,0,1.105
Genesis,G70 3.3T Advanced,2019,48000.0,Gasoline,365.0HP 3.3L V6 Cylinder Engine Gasoline Fuel,8-Speed A/T,Black,Black,None Reported,Yes,29999.0,3.3,6.0,5,0.625,8000.0,1,0,0,0.24
Jeep,Wrangler Sport,2021,11756.0,Gasoline,"2L I-4 gasoline direct injection, DOHC, intercooled turbo, engin",Automatic,Granite Crystal Metallic Clearcoat,Black,At Least 1 Accident Or Damage Reported,Unknown,33400.0,2.0,,3,2.8409,2939.0,0,1,0,0.0353
Audi,Q5 2.0T Premium Plus,2018,50400.0,Gasoline,252.0HP 2.0L 4 Cylinder Engine Gasoline Fuel,Transmission W/Dual Shift Mode,White,Beige,None Reported,Yes,28500.0,2.0,4.0,6,0.5655,7200.0,1,0,0,0.3024
Bmw,335 I Xdrive,2012,153600.0,Gasoline,300.0HP 3.0L Straight 6 Cylinder Engine Gasoline Fuel,6-Speed M/T,Black,Black,None Reported,Yes,17500.0,3.0,6.0,12,0.1139,11815.0,1,0,0,1.8432
Land,Rover Range Rover P530 Se,2023,1869.0,Gasoline,4.4L V8 32V GDI DOHC Twin Turbo,Automatic,Eiger Grey,Deep Garnet,None Reported,Yes,164725.0,4.4,,1,88.0882,934.0,0,0,0,0.0019
Dodge,Durango Srt 392,2022,31917.0,Gasoline,475.0HP 6.4L 8 Cylinder Engine Gasoline Fuel,8-Speed A/T,Gray,Black,None Reported,Yes,64683.0,6.4,8.0,2,2.0265,10639.0,0,0,0,0.0638
Bmw,M3 Base,2016,56235.0,Gasoline,425.0HP 3.0L Straight 6 Cylinder Engine Gasoline Fuel,6-Speed M/T,Orange,Orange,None Reported,Yes,50500.0,3.0,6.0,8,0.898,6248.0,1,0,0,0.4499
Ford,Fiesta St,2019,28724.0,Gasoline,197.0HP 1.6L 4 Cylinder Engine Gasoline Fuel,6-Speed M/T,Gray,Black,At Least 1 Accident Or Damage Reported,Yes,18300.0,1.6,4.0,5,0.6371,4787.0,0,1,0,0.1436
Lincoln,Mks Base,2015,124400.0,Gasoline,305.0HP 3.7L V6 Cylinder Engine Gasoline Fuel,6-Speed A/T,White,Black,At Least 1 Accident Or Damage Reported,Yes,9500.0,3.7,6.0,9,0.0764,12440.0,1,1,0,1.1196
Chevrolet,Tahoe Premier,2020,137000.0,Gasoline,355.0HP 5.3L 8 Cylinder Engine Gasoline Fuel,6-Speed A/T,Black,Black,None Reported,Yes,46000.0,5.3,8.0,4,0.3358,27400.0,0,0,0,0.548
Ferrari,F430 Berlinetta,2005,38686.0,Gasoline,483.0HP 4.3L 8 Cylinder Engine Gasoline Fuel,Transmission W/Dual Shift Mode,White,Red,None Reported,Yes,99999.0,4.3,8.0,19,2.5848,1934.0,0,0,0,0.735
Ford,F-250 Platinum,2022,6600.0,Gasoline,430.0HP 7.3L 8 Cylinder Engine Gasoline Fuel,10-Speed A/T,Blue,Black,At Least 1 Accident Or Damage Reported,Yes,72900.0,7.3,8.0,2,11.0438,2200.0,0,1,0,0.0132
Mercedes-Benz,Slk-Class Slk280 Roadster,2007,67200.0,Gasoline,228.0HP 3.0L V6 Cylinder Engine Gasoline Fuel,A/T,Silver,Black,None Reported,Yes,11500.0,3.0,6.0,17,0.1711,3733.0,1,0,0,1.1424
Porsche,Macan,2021,16554.0,Gasoline,2.0 Liter,Automatic,White,Beige,None Reported,Unknown,51698.0,,,3,3.1228,4138.0,1,0,0,0.0497
Bmw,X5 Phev Xdrive45E,2023,15736.0,Plug-In Hybrid,389.0HP 3.0L Straight 6 Cylinder Engine Plug-In Electric/Gas,8-Speed A/T,Blue,Brown,None Reported,Yes,67900.0,3.0,6.0,1,4.3147,7868.0,1,0,1,0.0157
Mercedes-Benz,E-Class E500,2005,153460.0,Gasoline,302.0HP 5.0L 8 Cylinder Engine Gasoline Fuel,A/T,Gold,Gold,At Least 1 Accident Or Damage Reported,Yes,5800.0,5.0,8.0,19,0.0378,7673.0,1,1,0,2.9157
Acura,Tl 3.7,2012,70000.0,Gasoline,305.0HP 3.7L V6 Cylinder Engine Gasoline Fuel,A/T,Black,Black,At Least 1 Accident Or Damage Reported,Yes,15051.0,3.7,6.0,12,0.215,5385.0,0,1,0,0.84
Hyundai,Equus Signature,2011,143898.0,Gasoline,378.0HP 4.6L 8 Cylinder Engine Gasoline Fuel,6-Speed A/T,Gray,Brown,None Reported,Yes,9950.0,4.6,8.0,13,0.0691,10278.0,0,0,0,1.8707
Mercedes-Benz,Sl-Class Sl500 Roadster,2003,26190.0,Gasoline,302.0HP 5.0L 8 Cylinder Engine Gasoline Fuel,A/T,Gold,Beige,None Reported,Yes,22000.0,5.0,8.0,21,0.84,1190.0,1,0,0,0.55
Toyota,Land Cruiser Base,2000,209193.0,Gasoline,230.0HP 4.7L 8 Cylinder Engine Gasoline Fuel,A/T,Black,Beige,None Reported,Yes,15900.0,4.7,8.0,24,0.076,8368.0,0,0,0,5.0206
Ram,2500 Big Horn,2018,27839.0,Gasoline,6.4L V8 16V MPFI OHV,6-Speed Automatic,Granite Crystal Clearcoat Metallic,Diesel Gray / Black,None Reported,Yes,41688.0,6.4,,6,1.4974,3977.0,0,0,0,0.167
Chevrolet,Silverado 2500 Wt,2018,141195.0,E85 Flex Fuel,6.0L V8 16V MPFI OHV Flexible Fuel,6-Speed Automatic,Summit White,Dark Ash,Unknown,Unknown,28499.0,6.0,,6,0.2018,20171.0,0,0,0,0.8472
Porsche,Macan S,2022,20250.0,Gasoline,375.0HP 2.9L V6 Cylinder Engine Gasoline Fuel,7-Speed A/T,White,Beige,None Reported,Yes,68500.0,2.9,6.0,2,3.3825,6750.0,1,0,0,0.0405
Jeep,Grand Cherokee L Limited,2022,18333.0,Gasoline,3.6L V6 24V MPFI DOHC,8-Speed Automatic,Velvet Red Pearlcoat,Global Black,None Reported,Unknown,41599.0,3.6,,2,2.269,6111.0,0,0,0,0.0367
Mercedes-Benz,E-Class E 350,2014,35000.0,Gasoline,302.0HP 3.5L V6 Cylinder Engine Gasoline Fuel,7-Speed A/T,Red,Beige,None Reported,Yes,29998.0,3.5,6.0,10,0.8571,3182.0,1,0,0,0.35
Dodge,Magnum Base,2006,133255.0,Gasoline,250.0HP 3.5L V6 Cylinder Engine Gasoline Fuel,A/T,Silver,Gray,None Reported,Yes,4000.0,3.5,6.0,18,0.03,7013.0,0,0,0,2.3986
Porsche,Macan Turbo,2021,14526.0,Gasoline,2.9 Liter Turbo,Automatic,Black,–,None Reported,Unknown,79998.0,,,3,5.5068,3632.0,1,0,0,0.0436
Mercedes-Benz,E-Class E 550,2014,43690.0,Gasoline,402.0HP 4.7L 8 Cylinder Engine Gasoline Fuel,A/T,Black,Black,None Reported,Yes,23500.0,4.7,8.0,10,0.5379,3972.0,1,0,0,0.4369
Porsche,Macan S,2020,29136.0,Gasoline,3.0 Liter Turbo,Automatic,White,Red,None Reported,Unknown,58598.0,,,4,2.0111,5827.0,1,0,0,0.1165
Cadillac,Xt5 Luxury,2017,72060.0,Gasoline,3.6L V6 24V GDI DOHC,8-Speed Automatic,Stellar Black Metallic,Shara Beige,None Reported,Unknown,24590.0,3.6,,7,0.3412,9008.0,1,0,0,0.5044
Toyota,Tundra Platinum,2023,8800.0,Gasoline,389.0HP 3.4L V6 Cylinder Engine Gasoline Fuel,A/T,Silver,Black,None Reported,Yes,68500.0,3.4,6.0,1,7.7832,4400.0,0,0,0,0.0088
Nissan,Versa 1.6 Sl,2015,85768.0,Gasoline,109.0HP 1.6L 4 Cylinder Engine Gasoline Fuel,Cvt Transmission,White,Black,At Least 1 Accident Or Damage Reported,Yes,8250.0,1.6,4.0,9,0.0962,8577.0,0,1,0,0.7719
Mercedes-Benz,Amg Gt 53 Base,2022,2235.0,Hybrid,429.0HP 3.0L Straight 6 Cylinder Engine Gasoline/Mild Electric Hybrid,Transmission W/Dual Shift Mode,Gray,Red,None Reported,Yes,110000.0,3.0,6.0,2,49.195,745.0,1,0,1,0.0045
Buick,Enclave Avenir,2019,121521.0,Gasoline,3.6L V6 24V GDI DOHC,9-Speed Automatic,Dark Slate Metallic,Ebony / Ebony Accents,None Reported,Yes,26772.0,3.6,,5,0.2203,20254.0,0,0,0,0.6076
Porsche,911 Gt3,2015,23700.0,Gasoline,475.0HP 3.8L Flat 6 Cylinder Engine Gasoline Fuel,Transmission W/Dual Shift Mode,Black,Black,None Reported,Yes,144940.0,3.8,6.0,9,6.1154,2370.0,1,0,0,0.2133
Bmw,328 I,2013,124000.0,Gasoline,230.0HP 3.0L Straight 6 Cylinder Engine Gasoline Fuel,A/T,White,Beige,None Reported,Yes,11900.0,3.0,6.0,11,0.096,10333.0,1,0,0,1.364
Acura,Ilx Premium Package,2018,32260.0,Gasoline,201.0HP 2.4L 4 Cylinder Engine Gasoline Fuel,A/T,Black,Black,None Reported,Yes,20999.0,2.4,4.0,6,0.6509,4609.0,0,0,0,0.1936
Lexus,Gx 460 Base,2015,92000.0,Gasoline,301.0HP 4.6L 8 Cylinder Engine Gasoline Fuel,6-Speed A/T,Black,Black,None Reported,Yes,28000.0,4.6,8.0,9,0.3043,9200.0,1,0,0,0.828
Toyota,Land Cruiser Base,2010,223089.60000000012,Gasoline,381.0HP 5.7L 8 Cylinder Engine Gasoline Fuel,6-Speed A/T,Black,Beige,At Least 1 Accident Or Damage Reported,Yes,22500.0,5.7,8.0,14,0.1009,14873.0,0,1,0,3.1233
Chevrolet,Corvette Base,2008,51855.0,Gasoline,430.0HP 6.2L 8 Cylinder Engine Gasoline Fuel,6-Speed A/T,Red,Red,None Reported,Yes,35900.0,6.2,8.0,16,0.6923,3050.0,0,0,0,0.8297
Mazda,Mazda6 I Touring,2015,124000.0,Gasoline,184.0HP 2.5L 4 Cylinder Engine Gasoline Fuel,6-Speed M/T,White,Beige,At Least 1 Accident Or Damage Reported,Yes,12900.0,2.5,4.0,9,0.104,12400.0,0,1,0,1.116
Jaguar,F-Type R,2015,26000.0,Gasoline,550.0HP 5.0L 8 Cylinder Engine Gasoline Fuel,8-Speed A/T,Blue,Red,None Reported,Yes,52500.0,5.0,8.0,9,2.0192,2600.0,0,0,0,0.234
Audi,A3 2.0T Premium,2018,36500.0,Gasoline,220.0HP 2.0L 4 Cylinder Engine Gasoline Fuel,6-Speed A/T,Gray,Silver,At Least 1 Accident Or Damage Reported,Yes,25500.0,2.0,4.0,6,0.6986,5214.0,1,1,0,0.219
Chevrolet,Camaro 2Ss,2022,1400.0,Gasoline,455.0HP 6.2L 8 Cylinder Engine Gasoline Fuel,10-Speed A/T,Black,Black,None Reported,Yes,54900.0,6.2,8.0,2,39.1863,467.0,0,0,0,0.0028
Jeep,Wrangler Unlimited Sport S,2018,17000.0,Gasoline,285.0HP 3.6L V6 Cylinder Engine Gasoline Fuel,A/T,Black,Black,None Reported,Yes,38500.0,3.6,6.0,6,2.2646,2429.0,0,0,0,0.102
Honda,Civic Sport,2021,42750.0,Gasoline,1.5L I4 16V GDI DOHC Turbo,Automatic Cvt,Black,Black,None Reported,Yes,25698.0,1.5,,3,0.6011,10688.0,0,0,0,0.1282
Porsche,Cayman Base,2011,67998.0,Gasoline,265.0HP 2.9L Flat 6 Cylinder Engine Gasoline Fuel,6-Speed M/T,White,Beige,None Reported,Yes,30000.0,2.9,6.0,13,0.4412,4857.0,1,0,0,0.884
Ford,Mustang Gt,2008,64500.0,Gasoline,300.0HP 4.6L 8 Cylinder Engine Gasoline Fuel,5-Speed M/T,Black,Red,At Least 1 Accident Or Damage Reported,Yes,16000.0,4.6,8.0,16,0.2481,3794.0,0,1,0,1.032
Toyota,Fj Cruiser Base,2007,102000.0,Gasoline,239.0HP 4.0L V6 Cylinder Engine Gasoline Fuel,6-Speed M/T,Blue,Black,None Reported,Yes,24900.0,4.0,6.0,17,0.2441,5667.0,0,0,0,1.734
Land,Rover Discovery Se,2004,145000.0,Gasoline,217.0HP 4.6L 8 Cylinder Engine Gasoline Fuel,A/T,Green,Beige,None Reported,Yes,15500.0,4.6,8.0,20,0.1069,6905.0,0,0,0,2.9
Porsche,718 Boxster S,2018,50000.0,Gasoline,350.0HP 2.5L 4 Cylinder Engine Gasoline Fuel,A/T,Blue,Black,At Least 1 Accident Or Damage Reported,Yes,55000.0,2.5,4.0,6,1.1,7143.0,1,1,0,0.3
Chevrolet,Corvette Base,2004,37622.0,Gasoline,350.0HP 5.7L 8 Cylinder Engine Gasoline Fuel,A/T,Blue,Beige,None Reported,Yes,25500.0,5.7,8.0,20,0.6778,1792.0,0,0,0,0.7524
Toyota,Avalon Limited,2006,89987.0,Gasoline,268.0HP 3.5L V6 Cylinder Engine Gasoline Fuel,5-Speed A/T,Green,Beige,None Reported,Yes,9499.0,3.5,6.0,18,0.1056,4736.0,0,0,0,1.6198
Infiniti,Qx80 Base,2015,136390.0,Gasoline,5.6L V8 32V GDI DOHC,7-Speed Automatic,Black Obsidian,Black,None Reported,Yes,20470.0,5.6,,9,0.1501,13639.0,0,0,0,1.2275
Cadillac,Deville Base,1994,90000.0,–,–,A/T,Green,Beige,At Least 1 Accident Or Damage Reported,Yes,2990.0,,,30,0.0332,2903.0,1,1,0,2.7
Chevrolet,Camaro 2Ss,2015,27000.0,Gasoline,426.0HP 6.2L 8 Cylinder Engine Gasoline Fuel,Transmission W/Dual Shift Mode,Black,Beige,None Reported,Yes,33000.0,6.2,8.0,9,1.2222,2700.0,0,0,0,0.243
Jeep,Liberty Renegade,2004,144770.0,Gasoline,210.0HP 3.7L V6 Cylinder Engine Gasoline Fuel,4-Speed A/T,Beige,Beige,At Least 1 Accident Or Damage Reported,Yes,6500.0,3.7,6.0,20,0.0449,6894.0,0,1,0,2.8954
Toyota,4Runner Trail,2011,157000.0,Gasoline,270.0HP 4.0L V6 Cylinder Engine Gasoline Fuel,Transmission W/Dual Shift Mode,Black,Beige,None Reported,Yes,23500.0,4.0,6.0,13,0.1497,11214.0,0,0,0,2.041
Bmw,328 I Xdrive,2010,132000.0,Gasoline,230.0HP 3.0L Straight 6 Cylinder Engine Gasoline Fuel,Transmission W/Dual Shift Mode,Silver,Black,At Least 1 Accident Or Damage Reported,Yes,8500.0,3.0,6.0,14,0.0644,8800.0,1,1,0,1.848
Ford,Excursion Limited Ultimate,2002,137000.0,Diesel,250.0HP 7.3L 8 Cylinder Engine Diesel Fuel,4-Speed A/T,Gold,Gold,None Reported,Yes,15000.0,7.3,8.0,22,0.1095,5957.0,0,0,0,3.014
Lexus,Is 300 Base,2018,50992.0,Gasoline,260.0HP 3.5L V6 Cylinder Engine Gasoline Fuel,A/T,White,Gray,At Least 1 Accident Or Damage Reported,Yes,28000.0,3.5,6.0,6,0.5491,7285.0,1,1,0,0.306
Cadillac,Cts Performance,2010,105760.0,Gasoline,270.0HP 3.0L V6 Cylinder Engine Gasoline Fuel,6-Speed A/T,Black,Black,None Reported,Yes,12900.0,3.0,6.0,14,0.122,7051.0,1,0,0,1.4806
Lexus,Lc 500 Base,2018,29800.0,Gasoline,471.0HP 5.0L 8 Cylinder Engine Gasoline Fuel,10-Speed A/T,Black,Black,None Reported,Yes,68495.0,5.0,8.0,6,2.2984,4257.0,1,0,0,0.1788
Bmw,540 I Xdrive,2019,21000.0,Gasoline,335.0HP 3.0L Straight 6 Cylinder Engine Gasoline Fuel,Transmission W/Dual Shift Mode,Blue,Black,At Least 1 Accident Or Damage Reported,Yes,42000.0,3.0,6.0,5,1.9999,3500.0,1,1,0,0.105
Chevrolet,Corvette Base,1998,152195.0,Gasoline,340.0HP 5.7L 8 Cylinder Engine Gasoline Fuel,A/T,Black,Black,None Reported,Yes,9900.0,5.7,8.0,26,0.065,5637.0,0,0,0,3.9571
Hummer,H2 Base,2006,169900.0,Gasoline,325.0HP 6.0L 8 Cylinder Engine Gasoline Fuel,A/T,Orange,Black,At Least 1 Accident Or Damage Reported,Yes,16900.0,6.0,8.0,18,0.0995,8942.0,0,1,0,3.0582
Volvo,Xc90 3.2,2008,196000.0,Gasoline,235.0HP 3.2L Straight 6 Cylinder Engine Gasoline Fuel,A/T,Black,Beige,None Reported,Yes,6499.0,3.2,6.0,16,0.0332,11529.0,0,0,0,3.136
Jeep,Wrangler Unlimited Sahara,2009,180036.0,Gasoline,202.0HP 3.8L V6 Cylinder Engine Gasoline Fuel,A/T,Black,Black,At Least 1 Accident Or Damage Reported,Yes,9100.0,3.8,6.0,15,0.0505,11252.0,0,1,0,2.7005
Land,Rover Discovery Hse Luxury,2017,57918.0,Gasoline,340.0HP 3.0L V6 Cylinder Engine Gasoline Fuel,Transmission W/Dual Shift Mode,Gray,Gray,None Reported,Yes,33500.0,3.0,6.0,7,0.5784,7240.0,0,0,0,0.4054
Bmw,340 I,2017,98600.0,Gasoline,320.0HP 3.0L Straight 6 Cylinder Engine Gasoline Fuel,8-Speed A/T,Silver,Black,None Reported,Yes,26500.0,3.0,6.0,7,0.2688,12325.0,1,0,0,0.6902
Ford,F-250 Lariat,2018,120000.0,Diesel,450.0HP 6.7L 8 Cylinder Engine Diesel Fuel,6-Speed A/T,Silver,Black,At Least 1 Accident Or Damage Reported,Yes,55000.0,6.7,8.0,6,0.4583,17143.0,0,1,0,0.72
Bmw,M3 Competition,2022,14269.0,Gasoline,503.0HP 3.0L Straight 6 Cylinder Engine Gasoline Fuel,8-Speed A/T,Gray,Orange,None Reported,Yes,80000.0,3.0,6.0,2,5.6062,4756.0,1,0,0,0.0285
Lexus,Lc 500 Base,2022,6875.0,Gasoline,471.0HP 5.0L 8 Cylinder Engine Gasoline Fuel,A/T,White,Black,None Reported,Yes,89000.0,5.0,8.0,2,12.9436,2292.0,1,0,0,0.0138
Honda,Cr-V Touring,2019,55100.0,Gasoline,1.5L I4 16V GDI DOHC Turbo,Automatic Cvt,White,Gray,None Reported,Unknown,28324.0,1.5,,5,0.514,9183.0,0,0,0,0.2755
Porsche,Panamera S,2012,49000.0,Gasoline,400.0HP 4.8L 8 Cylinder Engine Gasoline Fuel,7-Speed A/T,White,Black,Unknown,Unknown,41500.0,4.8,8.0,12,0.8469,3769.0,1,0,0,0.588
Bmw,750 I,2009,74600.0,Gasoline,400.0HP 4.4L 8 Cylinder Engine Gasoline Fuel,A/T,White,Brown,None Reported,Yes,15000.0,4.4,8.0,15,0.2011,4662.0,1,0,0,1.119
Audi,A7 3.0T Premium,2019,45900.0,Hybrid,335.0HP 3.0L V6 Cylinder Engine Gasoline/Mild Electric Hybrid,Transmission W/Dual Shift Mode,Black,Black,At Least 1 Accident Or Damage Reported,Yes,41500.0,3.0,6.0,5,0.9041,7650.0,1,1,1,0.2295
Chrysler,200 Limited,2015,95271.0,E85 Flex Fuel,184.0HP 2.4L 4 Cylinder Engine Flex Fuel Capability,A/T,Black,Black,Unknown,Unknown,12468.0,2.4,4.0,9,0.1309,9527.0,0,0,0,0.8574
Ford,F-150 Xl,2021,88883.0,Gasoline,2.7L V6 24V PDI DOHC Twin Turbo,10-Speed Automatic,Agate Black Metallic,Black,None Reported,Yes,33172.0,2.7,,3,0.3732,22221.0,0,0,0,0.2666
Dodge,Grand Caravan R/T,2013,43000.0,E85 Flex Fuel,283.0HP 3.6L V6 Cylinder Engine Flex Fuel Capability,6-Speed A/T,Red,Black,None Reported,Yes,35000.0,3.6,6.0,11,0.8139,3583.0,0,0,0,0.473
Ford,Focus Se,2018,33700.0,E85 Flex Fuel,160.0HP 2.0L 4 Cylinder Engine Flex Fuel Capability,A/T,Gray,Black,At Least 1 Accident Or Damage Reported,Yes,12000.0,2.0,4.0,6,0.3561,4814.0,0,1,0,0.2022
Ram,2500 Big Horn,2016,95115.0,Diesel,6.7L I6 24V DDI OHV Turbo Diesel,6-Speed Automatic,Bright White Clearcoat,Diesel Gray / Black,None Reported,Yes,43640.0,6.7,,8,0.4588,10568.0,0,0,0,0.7609
Lotus,Elise Base,2005,25250.0,Gasoline,190.0HP 1.8L 4 Cylinder Engine Gasoline Fuel,M/T,Red,Black,Unknown,Unknown,44000.0,1.8,4.0,19,1.7425,1262.0,0,0,0,0.4798
Chevrolet,Corvette Base,2007,20200.0,Gasoline,400.0HP 6.0L 8 Cylinder Engine Gasoline Fuel,6-Speed A/T,Red,Red,None Reported,Yes,27500.0,6.0,8.0,17,1.3613,1122.0,0,0,0,0.3434
Audi,Allroad 2.0T Prestige,2013,104457.0,Gasoline,211.0HP 2.0L 4 Cylinder Engine Gasoline Fuel,8-Speed A/T,Silver,Black,None Reported,Yes,17900.0,2.0,4.0,11,0.1714,8705.0,1,0,0,1.149
Mclaren,570S Spider,2018,8984.0,Gasoline,3.8L V8 32V MPFI DOHC Twin Turbo,7-Speed Automatic With Auto-Shift,Vega Blue,Black,None Reported,Unknown,171900.0,3.8,,6,19.1319,1283.0,0,0,0,0.0539
Chevrolet,Express 2500 Work Van,2017,76000.0,Gasoline,285.0HP 4.8L 8 Cylinder Engine Gasoline Fuel,A/T,Silver,–,None Reported,Yes,41400.0,4.8,8.0,7,0.5447,9500.0,0,0,0,0.532
Chevrolet,Traverse High Country,2020,56247.0,Gasoline,3.6L V6 24V GDI DOHC,9-Speed Automatic,Stone Gray Metallic,Jet Black,None Reported,Yes,39244.0,3.6,,4,0.6977,11249.0,0,0,0,0.225
Jeep,Wrangler S,1994,50750.0,–,–,5-Speed M/T,Blue,Gray,None Reported,Yes,15000.0,,,30,0.2956,1637.0,0,0,0,1.5225
Acura,Ilx Technology Plus Package,2016,61000.0,Gasoline,201.0HP 2.4L 4 Cylinder Engine Gasoline Fuel,A/T,Black,Black,At Least 1 Accident Or Damage Reported,Yes,21000.0,2.4,4.0,8,0.3443,6778.0,0,1,0,0.488
Chevrolet,Camaro 1Lt,2019,9111.0,Gasoline,3.6L V6 GDI DOHC,8-Speed Automatic,Summit White,Jet Black,None Reported,Unknown,27599.0,3.6,,5,3.0289,1518.0,0,0,0,0.0456
Lexus,Es 350 Base,2015,100900.0,Gasoline,3.5 Liter,Automatic,Matador Red Mica,Parchment,None Reported,Unknown,21998.0,,,9,0.218,10090.0,1,0,0,0.9081
Ford,F-150 Xlt,2021,24207.0,Gasoline,2.7L V6 24V PDI DOHC Twin Turbo,10-Speed Automatic,Black,–,None Reported,Yes,43430.0,2.7,,3,1.794,6052.0,0,0,0,0.0726
Tesla,Model Y Long Range,2022,9411.0,Gasoline,Dual Motor - Standard,Automatic,Silver,Black,None Reported,Unknown,47998.0,,,2,5.0997,3137.0,0,0,0,0.0188
Chevrolet,Corvette Z06,2006,21000.0,Gasoline,505.0HP 7.0L 8 Cylinder Engine Gasoline Fuel,6-Speed M/T,Silver,Black,None Reported,Yes,47500.0,7.0,8.0,18,2.2618,1105.0,0,0,0,0.378
Cadillac,Cts 3.6L Premium Luxury,2019,136150.0,Gasoline,335.0HP 3.6L V6 Cylinder Engine Gasoline Fuel,Transmission W/Dual Shift Mode,Silver,Black,At Least 1 Accident Or Damage Reported,Yes,22500.0,3.6,6.0,5,0.1653,22692.0,1,1,0,0.6808
Bmw,M3 Base,2009,78414.0,Gasoline,420.0HP 4.0L 8 Cylinder Engine Gasoline Fuel,7-Speed A/T,Silver,Gray,At Least 1 Accident Or Damage Reported,Yes,28750.0,4.0,8.0,15,0.3666,4901.0,1,1,0,1.1762
Mazda,Mazda3 Fwd W/Preferred Package,2019,60800.0,Gasoline,186.0HP 2.5L 4 Cylinder Engine Gasoline Fuel,6-Speed A/T,Red,Beige,None Reported,Yes,19900.0,2.5,4.0,5,0.3273,10133.0,0,0,0,0.304
Ford,Maverick Xlt,2022,16400.0,Hybrid,191.0HP 2.5L 4 Cylinder Engine Gas/Electric Hybrid,Cvt Transmission,Gray,Gray,None Reported,Yes,34000.0,2.5,4.0,2,2.073,5467.0,0,0,1,0.0328
Toyota,Highlander Hybrid Limited,2018,62200.0,Hybrid,306.0HP 3.5L V6 Cylinder Engine Gas/Electric Hybrid,Cvt Transmission,Brown,Beige,None Reported,Yes,35707.0,3.5,6.0,6,0.5741,8886.0,0,0,1,0.3732
Bmw,X6 Xdrive40I,2021,72903.0,Hybrid,3.0 Liter Turbo,Scheduled For Or In Production,Black Sapphire Metallic,Black,At Least 1 Accident Or Damage Reported,Unknown,53998.0,,,3,0.7407,18226.0,1,1,1,0.2187
Lincoln,Town Car Signature,2003,142215.0,Gasoline,239.0HP 4.6L 8 Cylinder Engine Gasoline Fuel,4-Speed A/T,Gray,Beige,None Reported,Yes,5000.0,4.6,8.0,21,0.0352,6464.0,1,0,0,2.9865
Mercedes-Benz,Sl-Class Sl550 Roadster,2007,150000.0,Gasoline,382.0HP 5.5L 8 Cylinder Engine Gasoline Fuel,A/T,Black,Black,None Reported,Yes,8000.0,5.5,8.0,17,0.0533,8333.0,1,0,0,2.55
Ford,Mustang Gt,1998,49170.0,Gasoline,225.0HP 4.6L 8 Cylinder Engine Gasoline Fuel,A/T,Silver,Black,None Reported,Yes,12500.0,4.6,8.0,26,0.2542,1821.0,0,0,0,1.2784
Chevrolet,Suburban 1500 Lt,2015,167500.0,Gasoline,355.0HP 5.3L 8 Cylinder Engine Gasoline Fuel,6-Speed A/T,Silver,Black,None Reported,Yes,18000.0,5.3,8.0,9,0.1075,16750.0,0,0,0,1.5075
Ford,Fusion Se,2016,110450.0,Gasoline,231.0HP 2.0L 4 Cylinder Engine Gasoline Fuel,6-Speed A/T,Silver,Brown,None Reported,Yes,11000.0,2.0,4.0,8,0.0996,12272.0,0,0,0,0.8836
Audi,S4 3.0T Premium Plus,2014,106000.0,Gasoline,333.0HP 3.0L V6 Cylinder Engine Gasoline Fuel,6-Speed M/T,Gray,Black,At Least 1 Accident Or Damage Reported,Yes,23000.0,3.0,6.0,10,0.217,9636.0,1,1,0,1.06
Chevrolet,Suburban Premier,2017,92728.0,Gasoline,355.0HP 5.3L 8 Cylinder Engine Gasoline Fuel,6-Speed A/T,White,Black,None Reported,Yes,34900.0,5.3,8.0,7,0.3764,11591.0,0,0,0,0.6491
Ford,Bronco Big Bend,2022,17000.0,Gasoline,275.0HP 2.3L 4 Cylinder Engine Gasoline Fuel,A/T,Gray,–,None Reported,Yes,44000.0,2.3,4.0,2,2.5881,5667.0,0,0,0,0.034
Ford,F-250 Xl,2016,75200.0,E85 Flex Fuel,385.0HP 6.2L 8 Cylinder Engine Flex Fuel Capability,6-Speed A/T,White,Gray,None Reported,Yes,22000.0,6.2,8.0,8,0.2925,8356.0,0,0,0,0.6016
Dodge,Challenger Srt Hellcat,2015,1800.0,Gasoline,707.0HP 6.2L 8 Cylinder Engine Gasoline Fuel,A/T,Green,Black,None Reported,Yes,64990.0,6.2,8.0,9,36.0855,180.0,0,0,0,0.0162
Toyota,Tacoma Trd Sport,2019,36283.0,Gasoline,3.5 Liter,Automatic,Barcelona Red,Black,None Reported,Unknown,39598.0,,,5,1.0913,6047.0,0,0,0,0.1814
Audi,Q5 S Line Premium Plus,2023,6682.0,Hybrid,2.0 Liter TFSI,Automatic,Mythos Black Metallic,Rock Gray,None Reported,Unknown,47798.0,,,1,7.1522,3341.0,1,0,1,0.0067
Jeep,Wrangler Sport,2018,23399.0,Gasoline,2.0L I4 16V GDI DOHC Turbo,8-Speed Automatic,Black Clearcoat,Black,None Reported,Unknown,28999.0,2.0,,6,1.2393,3343.0,0,0,0,0.1404
Genesis,G80 3.8,2017,29720.0,Gasoline,311.0HP 3.8L V6 Cylinder Engine Gasoline Fuel,8-Speed A/T,Brown,Beige,None Reported,Yes,29500.0,3.8,6.0,7,0.9926,3715.0,1,0,0,0.208
Mercedes-Benz,Sl-Class Sl63 Amg Roadster,2009,56000.0,Gasoline,518.0HP 6.3L 8 Cylinder Engine Gasoline Fuel,A/T,Black,Black,None Reported,Yes,44850.0,6.3,8.0,15,0.8009,3500.0,1,0,0,0.84
Lexus,Lx 570 Three-Row,2020,59419.0,Gasoline,383.0HP 5.7L 8 Cylinder Engine Gasoline Fuel,A/T,Silver,Beige,None Reported,Yes,73000.0,5.7,8.0,4,1.2285,11884.0,1,0,0,0.2377
Kia,Stinger Gt2,2018,69100.0,Gasoline,365.0HP 3.3L V6 Cylinder Engine Gasoline Fuel,8-Speed A/T,Red,Black,None Reported,Yes,32500.0,3.3,6.0,6,0.4703,9871.0,0,0,0,0.4146
Nissan,Gt-R Premium,2021,22185.0,Gasoline,3.8L V6 24V MPFI DOHC Twin Turbo,6-Speed Automatic With Auto-Shift,Bayside Blue,Gray,None Reported,Yes,131999.0,3.8,,3,5.9497,5546.0,0,0,0,0.0666
Chevrolet,Trailblazer Ss,2008,29586.0,Gasoline,390.0HP 6.0L 8 Cylinder Engine Gasoline Fuel,A/T,White,Black,None Reported,Yes,47900.0,6.0,8.0,16,1.619,1740.0,0,0,0,0.4734
Chevrolet,Silverado 2500 Wt,2021,63866.0,Gasoline,6.6L V8 16V GDI OHV,Automatic,Silver Ice Metallic,Jet Black,None Reported,Yes,41885.0,6.6,,3,0.6558,15966.0,0,0,0,0.1916
Chevrolet,Suburban Ltz,2016,135484.0,Gasoline,5.3L V8 16V GDI OHV,6-Speed Automatic,Tungsten Metallic,Cocoa / Dune,Unknown,Unknown,29748.0,5.3,,8,0.2196,15054.0,0,0,0,1.0839
Mercedes-Benz,E-Class E 350,2014,78500.0,Gasoline,302.0HP 3.5L V6 Cylinder Engine Gasoline Fuel,7-Speed A/T,Silver,Black,At Least 1 Accident Or Damage Reported,Yes,17900.0,3.5,6.0,10,0.228,7136.0,1,1,0,0.785
Bmw,M3 Base,2012,7982.0,Gasoline,414.0HP 4.0L 8 Cylinder Engine Gasoline Fuel,7-Speed A/T,Silver,Red,Unknown,Unknown,51900.0,4.0,8.0,12,6.5013,614.0,1,0,0,0.0958
Volkswagen,Golf R Base,2022,1067.0,Gasoline,315.0HP 2.0L 4 Cylinder Engine Gasoline Fuel,7-Speed A/T,White,Blue,None Reported,Yes,48000.0,2.0,4.0,2,44.9438,356.0,0,0,0,0.0021
Ford,Explorer Limited,2017,152000.0,Gasoline,290.0HP 3.5L V6 Cylinder Engine Gasoline Fuel,6-Speed A/T,Gray,Black,None Reported,Yes,15499.0,3.5,6.0,7,0.102,19000.0,0,0,0,1.064
Honda,Odyssey Lx,2011,185000.0,Gasoline,248.0HP 3.5L V6 Cylinder Engine Gasoline Fuel,A/T,Purple,–,None Reported,Yes,8900.0,3.5,6.0,13,0.0481,13214.0,0,0,0,2.405
Dodge,Ram 2500 Slt Mega Cab,2007,97724.0,Diesel,350.0HP 6.7L Straight 6 Cylinder Engine Diesel Fuel,A/T,Red,Gray,None Reported,Yes,19998.0,6.7,6.0,17,0.2046,5429.0,0,0,0,1.6613
Honda,Civic Sport,2020,22227.0,Gasoline,2.0L I4 16V MPFI DOHC,Automatic Cvt,Red,Black,Unknown,Unknown,25980.0,2.0,,4,1.1688,4445.0,0,0,0,0.0889
Honda,Civic Lx,2016,111000.0,Gasoline,158.0HP 2.0L 4 Cylinder Engine Gasoline Fuel,A/T,Blue,Black,None Reported,Yes,13000.0,2.0,4.0,8,0.1171,12333.0,0,0,0,0.888
Ford,F-250 Xlt,2019,32268.0,E85 Flex Fuel,385.0HP 6.2L 8 Cylinder Engine Flex Fuel Capability,6-Speed A/T,White,Gray,None Reported,Yes,46500.0,6.2,8.0,5,1.441,5378.0,0,0,0,0.1613
Nissan,Pathfinder Sv,2019,122009.0,Gasoline,3.5 Liter,Automatic,Gray,Black,None Reported,Unknown,18998.0,,,5,0.1557,20335.0,0,0,0,0.61
Land,Rover Range Rover Hse Swb,2020,57785.0,Hybrid,395.0HP 3.0L Straight 6 Cylinder Engine Gasoline/Mild Electric Hybrid,A/T,Black,Black,None Reported,Yes,63995.0,3.0,6.0,4,1.1074,11557.0,0,0,1,0.2311
Bmw,M3 Base,2002,204884.0,Gasoline,333.0HP 3.2L Straight 6 Cylinder Engine Gasoline Fuel,6-Speed M/T,Silver,Black,At Least 1 Accident Or Damage Reported,Yes,21500.0,3.2,6.0,22,0.1049,8908.0,1,1,0,4.5074
Hummer,H2 Base,2003,179400.0,Gasoline,316.0HP 6.0L 8 Cylinder Engine Gasoline Fuel,A/T,White,Brown,At Least 1 Accident Or Damage Reported,Yes,15000.0,6.0,8.0,21,0.0836,8155.0,0,1,0,3.7674
Mazda,Rx-8 R3,2009,57000.0,Gasoline,232.0HP 1.3L Rotary engine Gasoline Fuel,6-Speed M/T,Red,Black,None Reported,Yes,14000.0,1.3,,15,0.2456,3562.0,0,0,0,0.855
Lexus,Lx 570 Three-Row,2021,25997.0,Gasoline,383.0HP 5.7L 8 Cylinder Engine Gasoline Fuel,A/T,Green,Brown,None Reported,Yes,87000.0,5.7,8.0,3,3.3464,6499.0,1,0,0,0.078
Chevrolet,Suburban Z71,2022,36555.0,Gasoline,5.3L V8 16V GDI OHV,Automatic,Summit White,Jet Black,None Reported,Yes,64288.0,5.3,,2,1.7586,12185.0,0,0,0,0.0731
Mercedes-Benz,S-Class S 580 4Matic,2023,989.0,Gasoline,4.0L V8 32V GDI DOHC Twin Turbo,9-Speed Automatic,Black,Black,None Reported,Yes,122950.0,4.0,,1,124.1919,494.0,1,0,0,0.001
Chevrolet,Corvette Base,2007,28514.0,Gasoline,400.0HP 6.0L 8 Cylinder Engine Gasoline Fuel,Transmission W/Dual Shift Mode,Red,Gray,None Reported,Yes,32000.0,6.0,8.0,17,1.1222,1584.0,0,0,0,0.4847
Ford,Mustang Gt Premium,2019,10400.0,Gasoline,460.0HP 5.0L 8 Cylinder Engine Gasoline Fuel,10-Speed A/T,Red,Gray,None Reported,Yes,40000.0,5.0,8.0,5,3.8458,1733.0,0,0,0,0.052
Chevrolet,Equinox Premier W/2Lz,2020,51133.0,Gasoline,2.0L I4 16V GDI DOHC Turbo,9-Speed Automatic,Iridescent Pearl Tricoat,Jet Black,At Least 1 Accident Or Damage Reported,Unknown,25800.0,2.0,,4,0.5046,10227.0,0,1,0,0.2045
Chevrolet,Camaro Z28,1999,58800.0,Gasoline,305.0HP 5.7L 8 Cylinder Engine Gasoline Fuel,A/T,White,White,None Reported,Yes,15000.0,5.7,8.0,25,0.2551,2262.0,0,0,0,1.47
Land,Rover Discovery Hse,2018,85000.0,Gasoline,340.0HP 3.0L V6 Cylinder Engine Gasoline Fuel,8-Speed A/T,Gray,Black,None Reported,Yes,33000.0,3.0,6.0,6,0.3882,12143.0,0,0,0,0.51
Jeep,Wrangler Se,2000,95200.0,Gasoline,120.0HP 2.5L 4 Cylinder Engine Gasoline Fuel,5-Speed M/T,Black,Black,None Reported,Yes,11999.0,2.5,4.0,24,0.126,3808.0,0,0,0,2.2848
Toyota,Highlander Xle,2015,68575.0,Gasoline,270.0HP 3.5L V6 Cylinder Engine Gasoline Fuel,A/T,Silver,Gray,At Least 1 Accident Or Damage Reported,Yes,26000.0,3.5,6.0,9,0.3791,6858.0,0,1,0,0.6172
Chevrolet,Corvette Grand Sport,2011,12300.0,Gasoline,430.0HP 6.2L 8 Cylinder Engine Gasoline Fuel,6-Speed A/T,Red,Black,None Reported,Yes,45000.0,6.2,8.0,13,3.6582,879.0,0,0,0,0.1599
Chevrolet,Corvette Stingray,2018,13900.0,Gasoline,455.0HP 6.2L 8 Cylinder Engine Gasoline Fuel,8-Speed A/T,White,Red,None Reported,Yes,54490.0,6.2,8.0,6,3.9199,1986.0,0,0,0,0.0834
Mercedes-Benz,Slk-Class Slk230 Kompressor,2001,58800.0,Gasoline,190.0HP 2.3L 4 Cylinder Engine Gasoline Fuel,A/T,Silver,Black,None Reported,Yes,9000.0,2.3,4.0,23,0.1531,2450.0,1,0,0,1.3524
Nissan,Juke Nismo Rs,2016,30700.0,Gasoline,215.0HP 1.6L 4 Cylinder Engine Gasoline Fuel,6-Speed M/T,Black,Black,At Least 1 Accident Or Damage Reported,Yes,21500.0,1.6,4.0,8,0.7003,3411.0,0,1,0,0.2456
Porsche,911 Carrera C2S,2005,104000.0,Gasoline,355.0HP 3.8L Flat 6 Cylinder Engine Gasoline Fuel,6-Speed M/T,Silver,Black,None Reported,Yes,44800.0,3.8,6.0,19,0.4308,5200.0,1,0,0,1.976
Chevrolet,Colorado Lt,2019,139116.0,Gasoline,3.6L V6 24V GDI DOHC,Automatic,Red,Jet Black,At Least 1 Accident Or Damage Reported,Yes,24899.0,3.6,,5,0.179,23186.0,0,1,0,0.6956
Porsche,Macan S,2019,36700.0,Gasoline,348.0HP 3.0L V6 Cylinder Engine Gasoline Fuel,7-Speed A/T,Blue,Blue,At Least 1 Accident Or Damage Reported,Yes,48990.0,3.0,6.0,5,1.3348,6117.0,1,1,0,0.1835
Mercedes-Benz,Gle 350 Base 4Matic,2022,24500.0,Gasoline,255.0HP 2.0L 4 Cylinder Engine Gasoline Fuel,9-Speed A/T,White,Beige,None Reported,Yes,82150.0,2.0,4.0,2,3.3529,8167.0,1,0,0,0.049
Toyota,Land Cruiser Base,2017,65000.0,Gasoline,381.0HP 5.7L 8 Cylinder Engine Gasoline Fuel,A/T,Black,Brown,At Least 1 Accident Or Damage Reported,Yes,65000.0,5.7,8.0,7,1.0,8125.0,0,1,0,0.455
Bmw,X6 Xdrive40I,2021,27654.0,Hybrid,3.0 Liter Turbo,Automatic,Mineral White,Black,None Reported,Unknown,61998.0,,,3,2.2418,6914.0,1,0,1,0.083
Rivian,R1S Adventure Package,2023,542.0,Gasoline,835.0HP Electric Motor Electric Fuel System,A/T,Black,Black,None Reported,Yes,92500.0,,,1,170.3499,271.0,0,0,0,0.0005
Toyota,Highlander Platinum,2020,41000.0,Gasoline,295.0HP 3.5L V6 Cylinder Engine Gasoline Fuel,8-Speed A/T,Blue,Black,None Reported,Yes,38700.0,3.5,6.0,4,0.9439,8200.0,0,0,0,0.164
Mercedes-Benz,Sl-Class Sl 63 Amg,2011,47400.0,Gasoline,518.0HP 6.3L 8 Cylinder Engine Gasoline Fuel,7-Speed A/T,White,Black,At Least 1 Accident Or Damage Reported,Yes,41000.0,6.3,8.0,13,0.865,3386.0,1,1,0,0.6162
Ford,Thunderbird Deluxe,2002,40110.0,Gasoline,252.0HP 3.9L 8 Cylinder Engine Gasoline Fuel,A/T,Yellow,Black,None Reported,Yes,18500.0,3.9,8.0,22,0.4612,1744.0,0,0,0,0.8824
Ram,2500 Big Horn,2014,124700.0,Gasoline,410.0HP 6.4L 8 Cylinder Engine Gasoline Fuel,6-Speed A/T,Silver,–,None Reported,Yes,30000.0,6.4,8.0,10,0.2406,11336.0,0,0,0,1.247
Ford,F-350 Xlt,2013,31000.0,E85 Flex Fuel,316.0HP 6.2L 8 Cylinder Engine Flex Fuel Capability,A/T,Black,Gray,At Least 1 Accident Or Damage Reported,Yes,35000.0,6.2,8.0,11,1.129,2583.0,0,1,0,0.341
Toyota,Rav4 Prime Xse,2022,7100.0,Plug-In Hybrid,302.0HP 2.5L 4 Cylinder Engine Plug-In Electric/Gas,A/T,Gray,Black,None Reported,Yes,49000.0,2.5,4.0,2,6.9004,2367.0,0,0,1,0.0142
Jeep,Grand Cherokee Limited,2018,91677.0,Gasoline,3.6L V6 24V MPFI DOHC,8-Speed Automatic,Granite Crystal Clearcoat Metallic,Black,None Reported,Unknown,26816.0,3.6,,6,0.2925,13097.0,0,0,0,0.5501
Ford,Focus Se,2009,107500.0,Gasoline,132.0HP 2.0L 4 Cylinder Engine Gasoline Fuel,A/T,White,Black,None Reported,Yes,9500.0,2.0,4.0,15,0.0884,6719.0,0,0,0,1.6125
Porsche,911 Carrera 4 Gts,2023,1518.0,Gasoline,473.0HP 3.0L Flat 6 Cylinder Engine Gasoline Fuel,8-Speed A/T,Beige,Brown,None Reported,Yes,194965.0,3.0,6.0,1,128.3509,759.0,1,0,0,0.0015
Chevrolet,Corvette Stingray W/2Lt,2023,5200.0,Gasoline,490.0HP 6.2L 8 Cylinder Engine Gasoline Fuel,8-Speed A/T,White,Red,None Reported,Yes,88900.0,6.2,8.0,1,17.0929,2600.0,0,0,0,0.0052
Ford,F-150 Xlt Supercab,1999,48054.0,Gasoline,220.0HP 4.6L 8 Cylinder Engine Gasoline Fuel,A/T,White,Gray,None Reported,Yes,9500.0,4.6,8.0,25,0.1977,1848.0,0,0,0,1.2014
Porsche,Macan Base,2018,87500.0,Gasoline,252.0HP 2.0L 4 Cylinder Engine Gasoline Fuel,Transmission W/Dual Shift Mode,Blue,Beige,None Reported,Yes,28000.0,2.0,4.0,6,0.32,12500.0,1,0,0,0.525
Acura,Zdx Base,2012,106335.0,Gasoline,300.0HP 3.7L V6 Cylinder Engine Gasoline Fuel,6-Speed A/T,White,Gray,None Reported,Yes,19000.0,3.7,6.0,12,0.1787,8180.0,0,0,0,1.276
Chevrolet,Suburban Premier,2017,133598.0,Gasoline,5.3L V8 16V GDI OHV,6-Speed Automatic,Siren Red Tintcoat,Jet Black,At Least 1 Accident Or Damage Reported,Yes,29999.0,5.3,,7,0.2245,16700.0,0,1,0,0.9352
Chevrolet,Traverse Premier,2018,68455.0,Gasoline,3.6L V6 24V GDI DOHC,9-Speed Automatic,Silver Ice Metallic,Jet Black,None Reported,Yes,30989.0,3.6,,6,0.4527,9779.0,0,0,0,0.4107
Mercedes-Benz,E-Class E 400,2018,28690.0,Gasoline,329.0HP 3.0L V6 Cylinder Engine Gasoline Fuel,A/T,White,Beige,None Reported,Yes,38880.0,3.0,6.0,6,1.3551,4099.0,1,0,0,0.1721
Bmw,M3 Base,2012,83000.0,Gasoline,414.0HP 4.0L 8 Cylinder Engine Gasoline Fuel,7-Speed A/T,Black,Red,At Least 1 Accident Or Damage Reported,Yes,31000.0,4.0,8.0,12,0.3735,6385.0,1,1,0,0.996
Ford,F-250 Xlt,2019,38600.0,Diesel,450.0HP 6.7L 8 Cylinder Engine Diesel Fuel,6-Speed A/T,Blue,–,None Reported,Yes,54500.0,6.7,8.0,5,1.4119,6433.0,0,0,0,0.193
Toyota,Highlander Se,2019,92000.0,Gasoline,295.0HP 3.5L V6 Cylinder Engine Gasoline Fuel,A/T,Red,Beige,At Least 1 Accident Or Damage Reported,Yes,30000.0,3.5,6.0,5,0.3261,15333.0,0,1,0,0.46
Saturn,Sky Red Line,2009,134000.0,Gasoline,260.0HP 2.0L 4 Cylinder Engine Gasoline Fuel,5-Speed M/T,Blue,Black,At Least 1 Accident Or Damage Reported,Yes,9500.0,2.0,4.0,15,0.0709,8375.0,0,1,0,2.01
Lexus,Ls 460 Base,2012,103000.0,Gasoline,380.0HP 4.6L 8 Cylinder Engine Gasoline Fuel,A/T,White,Beige,None Reported,Yes,20500.0,4.6,8.0,12,0.199,7923.0,1,0,0,1.236
Honda,Cr-V Lx,2004,176261.0,Gasoline,160.0HP 2.4L 4 Cylinder Engine Gasoline Fuel,M/T,Gray,Gray,None Reported,Yes,3750.0,2.4,4.0,20,0.0213,8393.0,0,0,0,3.5252
Ford,Mustang Gt Premium,2010,58500.0,Gasoline,315.0HP 4.6L 8 Cylinder Engine Gasoline Fuel,5-Speed M/T,White,Red,At Least 1 Accident Or Damage Reported,Yes,20000.0,4.6,8.0,14,0.3419,3900.0,0,1,0,0.819
Ford,F-250 Limited,2018,64000.0,Diesel,450.0HP 6.7L 8 Cylinder Engine Diesel Fuel,A/T,Red,Beige,None Reported,Yes,64000.0,6.7,8.0,6,1.0,9143.0,0,0,0,0.384
Porsche,Boxster Black Edition,2016,24881.0,Gasoline,265.0HP 2.7L Flat 6 Cylinder Engine Gasoline Fuel,Transmission W/Dual Shift Mode,Black,Black,At Least 1 Accident Or Damage Reported,Yes,49999.0,2.7,6.0,8,2.0094,2765.0,1,1,0,0.199
Chevrolet,Corvette Base,1998,134000.0,Gasoline,340.0HP 5.7L 8 Cylinder Engine Gasoline Fuel,A/T,Red,Beige,None Reported,Yes,11500.0,5.7,8.0,26,0.0858,4963.0,0,0,0,3.484
Ford,Explorer Xlt,2013,82900.0,Gasoline,290.0HP 3.5L V6 Cylinder Engine Gasoline Fuel,6-Speed A/T,White,Gray,At Least 1 Accident Or Damage Reported,Yes,16000.0,3.5,6.0,11,0.193,6908.0,0,1,0,0.9119
Bmw,Z4 3.0Si,2008,59257.0,Gasoline,255.0HP 3.0L Straight 6 Cylinder Engine Gasoline Fuel,6-Speed M/T,Gray,Black,None Reported,Yes,18200.0,3.0,6.0,16,0.3071,3486.0,1,0,0,0.9481
Lexus,Rx 350 F Sport,2016,81400.0,Gasoline,295.0HP 3.5L V6 Cylinder Engine Gasoline Fuel,8-Speed A/T,Gray,Red,At Least 1 Accident Or Damage Reported,Yes,26000.0,3.5,6.0,8,0.3194,9044.0,1,1,0,0.6512
Hyundai,Accent Sel,2022,5100.0,Gasoline,120.0HP 1.6L 4 Cylinder Engine Gasoline Fuel,A/T,Blue,Black,None Reported,Yes,19500.0,1.6,4.0,2,3.8228,1700.0,0,0,0,0.0102
Ford,Expedition Max Xlt,2020,67072.0,Gasoline,375.0HP 3.5L V6 Cylinder Engine Gasoline Fuel,A/T,Purple,Black,None Reported,Yes,38500.0,3.5,6.0,4,0.574,13414.0,0,0,0,0.2683
Bmw,328 I Xdrive,2016,65000.0,Gasoline,240.0HP 2.0L 4 Cylinder Engine Gasoline Fuel,Transmission W/Dual Shift Mode,Silver,Black,None Reported,Yes,19500.0,2.0,4.0,8,0.3,7222.0,1,0,0,0.52
Ford,Fusion Se,2014,80800.0,Gasoline,175.0HP 2.5L 4 Cylinder Engine Gasoline Fuel,A/T,Blue,Beige,None Reported,Yes,10000.0,2.5,4.0,10,0.1238,7345.0,0,0,0,0.808
Ford,F-150 Xlt,2020,53401.0,Gasoline,375.0HP 3.5L V6 Cylinder Engine Gasoline Fuel,10-Speed A/T,Gray,Black,None Reported,Yes,39500.0,3.5,6.0,4,0.7397,10680.0,0,0,0,0.2136
Ford,F-150 Platinum,2021,15555.0,Gasoline,5.0L 8 Cylinder,10-Speed Automatic,Blue,Black,None Reported,Yes,62890.0,5.0,8.0,3,4.0428,3889.0,0,0,0,0.0467
Dodge,Ram 1500 Slt Mega Cab,2006,201509.0,Gasoline,345.0HP 5.7L 8 Cylinder Engine Gasoline Fuel,5-Speed A/T,Gray,Gray,At Least 1 Accident Or Damage Reported,Yes,11000.0,5.7,8.0,18,0.0546,10606.0,0,1,0,3.6272
Honda,Civic Ex,2013,107000.0,Gasoline,140.0HP 1.8L 4 Cylinder Engine Gasoline Fuel,A/T,Silver,Black,None Reported,Yes,14000.0,1.8,4.0,11,0.1308,8917.0,0,0,0,1.177
Land,Rover Range Rover Velar P250 S R-Dynamic,2020,30500.0,Gasoline,247.0HP 2.0L 4 Cylinder Engine Gasoline Fuel,A/T,Silver,Beige,None Reported,Yes,44000.0,2.0,4.0,4,1.4426,6100.0,0,0,0,0.122
Toyota,Tacoma Base,2011,36000.0,Gasoline,159.0HP 2.7L 4 Cylinder Engine Gasoline Fuel,5-Speed M/T,Gray,Gray,None Reported,Yes,20000.0,2.7,4.0,13,0.5555,2571.0,0,0,0,0.468
Ford,F-250 Xlt,2019,38514.0,E85 Flex Fuel,385.0HP 6.2L 8 Cylinder Engine Flex Fuel Capability,A/T,Black,Gray,At Least 1 Accident Or Damage Reported,Yes,45998.0,6.2,8.0,5,1.1943,6419.0,0,1,0,0.1926
Mercedes-Benz,Sprinter 2500 Standard Roof,2022,4590.0,Gasoline,188.0HP 2.0L 4 Cylinder Engine Gasoline Fuel,A/T,White,Black,None Reported,Yes,64000.0,2.0,4.0,2,13.9403,1530.0,1,0,0,0.0092
Ram,2500 Big Horn,2019,97000.0,Diesel,370.0HP 6.7L Straight 6 Cylinder Engine Diesel Fuel,A/T,White,Gray,At Least 1 Accident Or Damage Reported,Yes,45000.0,6.7,6.0,5,0.4639,16167.0,0,1,0,0.485
Bmw,328 I Xdrive,2011,110000.0,Gasoline,230.0HP 3.0L Straight 6 Cylinder Engine Gasoline Fuel,6-Speed A/T,Black,Beige,At Least 1 Accident Or Damage Reported,Yes,6000.0,3.0,6.0,13,0.0545,7857.0,1,1,0,1.43
Ford,Explorer Xlt,2017,53000.0,E85 Flex Fuel,290.0HP 3.5L V6 Cylinder Engine Flex Fuel Capability,6-Speed A/T,Red,Gray,At Least 1 Accident Or Damage Reported,Yes,25000.0,3.5,6.0,7,0.4717,6625.0,0,1,0,0.371
Chevrolet,Suburban Ltz,2016,110000.0,E85 Flex Fuel,355.0HP 5.3L 8 Cylinder Engine Flex Fuel Capability,A/T,Brown,Brown,None Reported,Yes,30999.0,5.3,8.0,8,0.2818,12222.0,0,0,0,0.88
Mazda,Mx-5 Miata Sport,2006,218000.0,Gasoline,170.0HP 2.0L 4 Cylinder Engine Gasoline Fuel,6-Speed M/T,Black,Black,At Least 1 Accident Or Damage Reported,Yes,4999.0,2.0,4.0,18,0.0229,11474.0,0,1,0,3.924
Infiniti,G35 Base,2003,106500.0,Gasoline,280.0HP 3.5L V6 Cylinder Engine Gasoline Fuel,6-Speed M/T,Red,Beige,None Reported,Yes,9500.0,3.5,6.0,21,0.0892,4841.0,0,0,0,2.2365
Chevrolet,Express 2500 Work Van,2012,140500.0,E85 Flex Fuel,324.0HP 6.0L 8 Cylinder Engine Flex Fuel Capability,A/T,White,Gray,None Reported,Yes,11800.0,6.0,8.0,12,0.084,10808.0,0,0,0,1.686
Ford,Explorer Eddie Bauer,2010,144200.0,Gasoline,210.0HP 4.0L V6 Cylinder Engine Gasoline Fuel,5-Speed A/T,Black,Beige,None Reported,Yes,9999.0,4.0,6.0,14,0.0693,9613.0,0,0,0,2.0188
Chevrolet,Suburban Rst,2022,21400.0,Diesel,277.0HP 3.0L Straight 6 Cylinder Engine Diesel Fuel,10-Speed A/T,Gray,Black,None Reported,Yes,69000.0,3.0,6.0,2,3.2241,7133.0,0,0,0,0.0428
Mercedes-Benz,Gl-Class Gl 550 4Matic,2015,130000.0,Gasoline,429.0HP 4.7L 8 Cylinder Engine Gasoline Fuel,7-Speed A/T,Blue,Black,None Reported,Yes,24500.0,4.7,8.0,9,0.1885,13000.0,1,0,0,1.17
Ford,Focus Se,2012,108045.0,Gasoline,160.0HP 2.0L 4 Cylinder Engine Gasoline Fuel,6-Speed A/T,Blue,Gray,None Reported,Yes,6500.0,2.0,4.0,12,0.0602,8311.0,0,0,0,1.2965
Subaru,Crosstrek Premium,2022,10000.0,Gasoline,152.0HP 2.0L 4 Cylinder Engine Gasoline Fuel,Cvt Transmission,White,Black,None Reported,Yes,28000.0,2.0,4.0,2,2.7997,3333.0,0,0,0,0.02
Hyundai,Genesis Coupe 3.8 Track,2011,75000.0,Gasoline,306.0HP 3.8L V6 Cylinder Engine Gasoline Fuel,Transmission W/Dual Shift Mode,Red,Black,At Least 1 Accident Or Damage Reported,Yes,12000.0,3.8,6.0,13,0.16,5357.0,0,1,0,0.975
Chrysler,Town & Country Lx,2009,73500.0,Gasoline,170.0HP 3.3L V6 Cylinder Engine Gasoline Fuel,A/T,Silver,Gray,At Least 1 Accident Or Damage Reported,Yes,7858.0,3.3,6.0,15,0.1069,4594.0,0,1,0,1.1025
Porsche,Panamera Turbo,2018,29850.0,Gasoline,550.0HP 4.0L 8 Cylinder Engine Gasoline Fuel,8-Speed A/T,Silver,Red,None Reported,Yes,89750.0,4.0,8.0,6,3.0066,4264.0,1,0,0,0.1791
Honda,Pilot Ex-L,2016,135350.0,Gasoline,280.0HP 3.5L V6 Cylinder Engine Gasoline Fuel,6-Speed A/T,White,Beige,At Least 1 Accident Or Damage Reported,Yes,19900.0,3.5,6.0,8,0.147,15039.0,0,1,0,1.0828
Mercedes-Benz,Glc 300 Glc 300,2022,16983.0,Gasoline,2.0 Liter Turbo,Automatic,Black,Black,None Reported,Unknown,40998.0,,,2,2.4139,5661.0,1,0,0,0.034
Audi,A8 L 55,2019,35580.0,Hybrid,335.0HP 3.0L V6 Cylinder Engine Gasoline/Mild Electric Hybrid,8-Speed A/T,Black,Black,None Reported,Yes,49500.0,3.0,6.0,5,1.3912,5930.0,1,0,1,0.1779
Ford,Edge Se,2020,71200.0,Gasoline,250.0HP 2.0L 4 Cylinder Engine Gasoline Fuel,8-Speed A/T,White,Beige,None Reported,Yes,18900.0,2.0,4.0,4,0.2654,14240.0,0,0,0,0.2848
Dodge,Durango Gt,2022,24778.0,Gasoline,3.6L V6 24V MPFI DOHC,8-Speed Automatic,Octane Red Pearlcoat,Black,At Least 1 Accident Or Damage Reported,Unknown,36599.0,3.6,,2,1.477,8259.0,0,1,0,0.0496
Bmw,328 I,2015,109330.0,Gasoline,240.0HP 2.0L 4 Cylinder Engine Gasoline Fuel,A/T,Black,Beige,None Reported,Yes,13349.0,2.0,4.0,9,0.1221,10933.0,1,0,0,0.984
Alfa,Romeo Stelvio Ti,2023,6645.0,Gasoline,2.0L I4 16V GDI SOHC Turbo,8-Speed Automatic,Alfa White,Black,None Reported,Unknown,43900.0,2.0,,1,6.6055,3322.0,0,0,0,0.0066
Mercedes-Benz,Gl-Class Gl 450 4Matic,2007,90400.0,Gasoline,335.0HP 4.7L 8 Cylinder Engine Gasoline Fuel,7-Speed A/T,Silver,Beige,None Reported,Yes,10199.0,4.7,8.0,17,0.1128,5022.0,1,0,0,1.5368
Ford,Ranger Xlt Supercab,2002,192100.0,Gasoline,207.0HP 4.0L V6 Cylinder Engine Gasoline Fuel,5-Speed A/T,Gold,Beige,At Least 1 Accident Or Damage Reported,Yes,6450.0,4.0,6.0,22,0.0336,8352.0,0,1,0,4.2262
Bmw,M3 Cs,2018,32000.0,Gasoline,453.0HP 3.0L Straight 6 Cylinder Engine Gasoline Fuel,Transmission W/Dual Shift Mode,White,Black,None Reported,Yes,70000.0,3.0,6.0,6,2.1874,4571.0,1,0,0,0.192
Volkswagen,Golf Gti 2.0T Autobahn,2022,6400.0,Gasoline,241.0HP 2.0L 4 Cylinder Engine Gasoline Fuel,A/T,Green,Black,None Reported,Yes,41500.0,2.0,4.0,2,6.4834,2133.0,0,0,0,0.0128
Toyota,4Runner Sr5 Premium,2021,36180.0,Gasoline,270.0HP 4.0L V6 Cylinder Engine Gasoline Fuel,A/T,Black,–,None Reported,Yes,36990.0,4.0,6.0,3,1.0224,9045.0,0,0,0,0.1085
Gmc,Yukon Slt,2014,142400.0,E85 Flex Fuel,320.0HP 5.3L 8 Cylinder Engine Flex Fuel Capability,A/T,Black,Black,At Least 1 Accident Or Damage Reported,Yes,13500.0,5.3,8.0,10,0.0948,12945.0,0,1,0,1.424
Cadillac,Ats 2.0L Turbo Luxury,2016,83000.0,Gasoline,272.0HP 2.0L 4 Cylinder Engine Gasoline Fuel,8-Speed A/T,Red,Beige,None Reported,Yes,16500.0,2.0,4.0,8,0.1988,9222.0,1,0,0,0.664
Nissan,Xterra S,2012,80000.0,Gasoline,261.0HP 4.0L V6 Cylinder Engine Gasoline Fuel,A/T,Black,Gray,None Reported,Yes,14800.0,4.0,6.0,12,0.185,6154.0,0,0,0,0.96
Ford,Bronco Badlands,2021,32437.0,Gasoline,315.0HP 2.7L V6 Cylinder Engine Gasoline Fuel,10-Speed A/T,Gray,Black,None Reported,Yes,51000.0,2.7,6.0,3,1.5722,8109.0,0,0,0,0.0973
Bmw,328 I,2011,67500.0,Gasoline,230.0HP 3.0L Straight 6 Cylinder Engine Gasoline Fuel,6-Speed A/T,White,Beige,None Reported,Yes,18000.0,3.0,6.0,13,0.2667,4821.0,1,0,0,0.8775
Toyota,4Runner Limited,2021,25882.0,Gasoline,"4L V-6 DOHC, VVT-i variable valve control, engine with 270HP",Automatic,Midnight Black Metallic,–,None Reported,Unknown,43837.0,4.0,,3,1.6937,6470.0,0,0,0,0.0776
Porsche,911 Turbo,2018,12088.0,Gasoline,540.0HP 3.8L Flat 6 Cylinder Engine Gasoline Fuel,A/T,Gray,Black,None Reported,Yes,169000.0,3.8,6.0,6,13.9797,1727.0,1,0,0,0.0725
Toyota,Tundra Sr5 Double Cab,2005,170000.0,Gasoline,282.0HP 4.7L 8 Cylinder Engine Gasoline Fuel,A/T,Silver,Beige,At Least 1 Accident Or Damage Reported,Yes,11200.0,4.7,8.0,19,0.0659,8500.0,0,1,0,3.23
Ford,F-250 Lariat,2023,3763.0,Diesel,475.0HP 6.7L 8 Cylinder Engine Diesel Fuel,10-Speed A/T,Red,Black,None Reported,Yes,92000.0,6.7,8.0,1,24.4421,1882.0,0,0,0,0.0038
Land,Rover Range Rover Velar P380 S,2018,46000.0,Gasoline,380.0HP 3.0L V6 Cylinder Engine Gasoline Fuel,A/T,Red,Beige,None Reported,Yes,40000.0,3.0,6.0,6,0.8695,6571.0,0,0,0,0.276
Ford,F-250 Xlt Crew Cab Super Duty,2008,190321.0,Diesel,350.0HP 6.4L 8 Cylinder Engine Diesel Fuel,A/T,White,Beige,None Reported,Yes,15900.0,6.4,8.0,16,0.0835,11195.0,0,0,0,3.0451
Porsche,Macan S,2018,40950.0,Gasoline,340.0HP 3.0L V6 Cylinder Engine Gasoline Fuel,7-Speed A/T,Black,Black,None Reported,Yes,39750.0,3.0,6.0,6,0.9707,5850.0,1,0,0,0.2457
Mercedes-Benz,C-Class C 63 Amg,2014,42000.0,Gasoline,451.0HP 6.2L 8 Cylinder Engine Gasoline Fuel,7-Speed A/T,Gray,Black,None Reported,Yes,45000.0,6.2,8.0,10,1.0714,3818.0,1,0,0,0.42
Nissan,Pathfinder S,2014,135000.0,Gasoline,260.0HP 3.5L V6 Cylinder Engine Gasoline Fuel,A/T,White,Brown,None Reported,Yes,8500.0,3.5,6.0,10,0.063,12273.0,0,0,0,1.35
Jeep,Gladiator Overland,2020,20655.0,Gasoline,3.6L V6 24V MPFI DOHC,8-Speed Automatic,Firecracker Red Clearcoat,Black,Unknown,Unknown,42850.0,3.6,,4,2.0745,4131.0,0,0,0,0.0826
Porsche,911 Carrera S,2023,1877.0,Gasoline,443.0HP 3.0L Flat 6 Cylinder Engine Gasoline Fuel,8-Speed A/T,Red,Red,None Reported,Yes,185950.0,3.0,6.0,1,99.0149,938.0,1,0,0,0.0019
Ford,F-250 Xlt,2019,33000.0,Diesel,450.0HP 6.7L 8 Cylinder Engine Diesel Fuel,6-Speed A/T,Black,Gray,None Reported,Yes,59000.0,6.7,8.0,5,1.7878,5500.0,0,0,0,0.165
Ford,Fusion Se,2016,68000.0,Gasoline,175.0HP 2.5L 4 Cylinder Engine Gasoline Fuel,A/T,Black,Black,None Reported,Yes,12500.0,2.5,4.0,8,0.1838,7556.0,0,0,0,0.544
Honda,Accord Sport,2013,223089.60000000012,Gasoline,185.0HP 2.4L 4 Cylinder Engine Gasoline Fuel,Cvt Transmission,Black,Black,None Reported,Yes,6000.0,2.4,4.0,11,0.0269,18591.0,0,0,0,2.454
Bmw,330 I Xdrive,2018,117000.0,Gasoline,248.0HP 2.0L 4 Cylinder Engine Gasoline Fuel,8-Speed A/T,Black,Beige,None Reported,Yes,17000.0,2.0,4.0,6,0.1453,16714.0,1,0,0,0.702
Acura,Mdx Sport,2007,183455.0,Gasoline,300.0HP 3.7L V6 Cylinder Engine Gasoline Fuel,5-Speed A/T,White,Beige,At Least 1 Accident Or Damage Reported,Yes,7700.0,3.7,6.0,17,0.042,10192.0,0,1,0,3.1187
Chevrolet,Suburban Premier,2021,51890.0,Gasoline,5.3L V8 16V GDI OHV,10-Speed Automatic,Shadow Gray Metallic,Jet Black,None Reported,Yes,59980.0,5.3,,3,1.1559,12972.0,0,0,0,0.1557
Chevrolet,Suburban High Country,2021,59528.0,Gasoline,6.2L V8 16V GDI OHV,10-Speed Automatic,Satin Steel Metallic,Jet Black,None Reported,Yes,68995.0,6.2,,3,1.159,14882.0,0,0,0,0.1786
Cadillac,Cts-V Base,2006,123000.0,Gasoline,400.0HP 6.0L 8 Cylinder Engine Gasoline Fuel,6-Speed M/T,Black,Black,None Reported,Yes,15000.0,6.0,8.0,18,0.122,6474.0,1,0,0,2.214
Kia,Niro Ev Ex,2022,20000.0,Gasoline,201.0HP Electric Motor Electric Fuel System,1-Speed A/T,Silver,Black,None Reported,Yes,29998.0,,,2,1.4998,6667.0,0,0,0,0.04
Bmw,X3 Xdrive30I,2021,38352.0,Gasoline,2.0L I4 16V GDI DOHC Turbo,8-Speed Automatic,Phytonic Blue Metallic,Canberra Beige,None Reported,Unknown,37400.0,2.0,,3,0.9752,9588.0,1,0,0,0.1151
Porsche,Taycan Base,2021,13344.0,Gasoline,321.0HP Electric Motor Electric Fuel System,2-Speed A/T,Black,Beige,At Least 1 Accident Or Damage Reported,Yes,83499.0,,,3,6.257,3336.0,1,1,0,0.04
Honda,S2000 Cr,2008,44300.0,Gasoline,237.0HP 2.2L 4 Cylinder Engine Gasoline Fuel,M/T,Yellow,Black,None Reported,Yes,62000.0,2.2,4.0,16,1.3995,2606.0,0,0,0,0.7088
Lexus,Hs 250H Premium,2010,123500.0,Hybrid,147.0HP 2.4L 4 Cylinder Engine Gas/Electric Hybrid,A/T,Red,Black,At Least 1 Accident Or Damage Reported,Yes,9500.0,2.4,4.0,14,0.0769,8233.0,1,1,1,1.729
Lincoln,Navigator Base,2013,134000.0,E85 Flex Fuel,310.0HP 5.4L 8 Cylinder Engine Flex Fuel Capability,6-Speed A/T,Red,Black,None Reported,Yes,21500.0,5.4,8.0,11,0.1604,11167.0,1,0,0,1.474
Ford,F-150 Xlt,2020,57000.0,Gasoline,375.0HP 3.5L V6 Cylinder Engine Gasoline Fuel,10-Speed A/T,Gray,Gray,At Least 1 Accident Or Damage Reported,Yes,37500.0,3.5,6.0,4,0.6579,11400.0,0,1,0,0.228
Kia,K5 Gt-Line,2021,100312.0,Gasoline,1.6L I4 16V GDI DOHC Turbo,8-Speed Automatic,Wolf Gray,Black,None Reported,Unknown,19980.0,1.6,,3,0.1992,25078.0,0,0,0,0.3009
Bentley,Continental Gt W12,2021,16146.0,Gasoline,"6L W-12 port/direct injection, DOHC, variable valve control, twi",Automatic,Fountain Blue,Linen,None Reported,Unknown,239991.0,6.0,,3,14.8629,4036.0,0,0,0,0.0484
Tesla,Model S Performance,2012,61000.0,Gasoline,416.0HP Electric Motor Electric Fuel System,A/T,Green,Black,None Reported,Yes,29000.0,,,12,0.4754,4692.0,0,0,0,0.732
Bmw,Z4 Sdrive28I,2014,15889.0,Gasoline,240.0HP 2.0L 4 Cylinder Engine Gasoline Fuel,8-Speed A/T,Blue,Beige,None Reported,Yes,34500.0,2.0,4.0,10,2.1712,1444.0,1,0,0,0.1589
Bmw,528 I Xdrive,2015,125500.0,Gasoline,240.0HP 2.0L 4 Cylinder Engine Gasoline Fuel,A/T,Black,Black,At Least 1 Accident Or Damage Reported,Yes,12950.0,2.0,4.0,9,0.1032,12550.0,1,1,0,1.1295
Ford,Expedition Limited,2013,163500.0,E85 Flex Fuel,310.0HP 5.4L 8 Cylinder Engine Flex Fuel Capability,A/T,Gray,Black,None Reported,Yes,16490.0,5.4,8.0,11,0.1009,13625.0,0,0,0,1.7985
Buick,Enclave Leather,2015,89726.0,Gasoline,288.0HP 3.6L V6 Cylinder Engine Gasoline Fuel,A/T,White,Brown,None Reported,Yes,16000.0,3.6,6.0,9,0.1783,8973.0,0,0,0,0.8075
Mercedes-Benz,Sl-Class Sl600 Roadster,2005,93000.0,Gasoline,493.0HP 5.5L 12 Cylinder Engine Gasoline Fuel,A/T,Black,Black,None Reported,Yes,22500.0,5.5,12.0,19,0.2419,4650.0,1,0,0,1.767
Mini,Cooper S Base,2012,128000.0,Gasoline,181.0HP 1.6L 4 Cylinder Engine Gasoline Fuel,6-Speed A/T,Black,Black,None Reported,Yes,8500.0,1.6,4.0,12,0.0664,9846.0,0,0,0,1.536
Porsche,Cayenne Turbo,2017,70800.0,Gasoline,520.0HP 4.8L 8 Cylinder Engine Gasoline Fuel,Transmission W/Dual Shift Mode,White,Black,None Reported,Yes,52999.0,4.8,8.0,7,0.7486,8850.0,1,0,0,0.4956
Saturn,Vue Hybrid Base,2009,115000.0,Hybrid,172.0HP 2.4L 4 Cylinder Engine Gas/Electric Hybrid,A/T,Blue,Beige,None Reported,Yes,4400.0,2.4,4.0,15,0.0383,7188.0,0,0,1,1.725
Ram,2500 Laramie,2018,98650.0,Diesel,350.0HP 6.7L Straight 6 Cylinder Engine Diesel Fuel,6-Speed A/T,Black,Black,None Reported,Yes,56750.0,6.7,6.0,6,0.5753,14093.0,0,0,0,0.5919
Ram,1500 Limited,2019,87768.0,Hybrid,395.0HP 5.7L 8 Cylinder Engine Gasoline/Mild Electric Hybrid,A/T,Silver,Black,None Reported,Yes,44000.0,5.7,8.0,5,0.5013,14628.0,0,0,1,0.4388
Chevrolet,Traverse Rs,2023,6000.0,Gasoline,310.0HP 3.6L V6 Cylinder Engine Gasoline Fuel,9-Speed A/T,Gray,Black,None Reported,Yes,48500.0,3.6,6.0,1,8.082,3000.0,0,0,0,0.006
Lexus,Rx 350 F Sport Appearance,2021,28262.0,Gasoline,3.5 Liter,Automatic,Obsidian,–,None Reported,Unknown,49998.0,,,3,1.769,7066.0,1,0,0,0.0848
Mazda,Cx-50 2.5 Turbo Premium Package,2023,16200.0,Gasoline,227.0HP 2.5L 4 Cylinder Engine Gasoline Fuel,6-Speed A/T,Blue,Beige,None Reported,Yes,36900.0,2.5,4.0,1,2.2776,8100.0,0,0,0,0.0162
Cadillac,Srx Luxury Collection,2012,87500.0,E85 Flex Fuel,308.0HP 3.6L V6 Cylinder Engine Flex Fuel Capability,A/T,White,Beige,None Reported,Yes,11499.0,3.6,6.0,12,0.1314,6731.0,1,0,0,1.05
Fiat,500 Lounge,2013,85458.0,Gasoline,101.0HP 1.4L 4 Cylinder Engine Gasoline Fuel,A/T,White,Beige,None Reported,Yes,9000.0,1.4,4.0,11,0.1053,7122.0,0,0,0,0.94
Mercedes-Benz,Eqs 450+ Base,2022,16500.0,Gasoline,329.0HP Electric Motor Electric Fuel System,A/T,Blue,White,None Reported,Yes,69500.0,,,2,4.2119,5500.0,1,0,0,0.033
Mini,Cooper S Clubman Base,2009,83853.0,Gasoline,172.0HP 1.6L 4 Cylinder Engine Gasoline Fuel,6-Speed M/T,Gray,Black,At Least 1 Accident Or Damage Reported,Yes,6950.0,1.6,4.0,15,0.0829,5241.0,0,1,0,1.2578
Bmw,X6 M50I,2022,22500.0,Gasoline,523.0HP 4.4L 8 Cylinder Engine Gasoline Fuel,Transmission W/Dual Shift Mode,Black,–,At Least 1 Accident Or Damage Reported,Yes,74999.0,4.4,8.0,2,3.3331,7500.0,1,1,0,0.045
Lexus,Ls 460 Base,2013,99524.0,Gasoline,386.0HP 4.6L 8 Cylinder Engine Gasoline Fuel,8-Speed A/T,Gray,Black,At Least 1 Accident Or Damage Reported,Yes,24900.0,4.6,8.0,11,0.2502,8294.0,1,1,0,1.0948
Genesis,Gv80 2.5T,2023,8100.0,Gasoline,300.0HP 2.5L 4 Cylinder Engine Gasoline Fuel,Transmission W/Dual Shift Mode,Silver,Beige,None Reported,Yes,57300.0,2.5,4.0,1,7.0732,4050.0,1,0,0,0.0081
Mini,Hardtop Cooper S,2016,43073.0,Gasoline,2.0L I4 16V GDI DOHC Turbo,6-Speed Automatic,Volcanic Orange,Carbon Black,None Reported,Unknown,17999.0,2.0,,8,0.4179,4786.0,0,0,0,0.3446
Land,Rover Range Rover Velar R-Dynamic S,2023,12425.0,Gasoline,I4,Automatic,Firenze Red,Ebony,None Reported,Unknown,57619.0,,,1,4.637,6212.0,0,0,0,0.0124
Bmw,530 I Xdrive,2020,23195.0,Gasoline,2.0L I4 16V GDI DOHC Turbo,8-Speed Automatic,Dark Graphite Metallic,Black,None Reported,Unknown,38900.0,2.0,,4,1.677,4639.0,1,0,0,0.0928
Jeep,Grand Cherokee Laredo,2011,118000.0,Gasoline,360.0HP 5.7L 8 Cylinder Engine Gasoline Fuel,A/T,Gold,Black,At Least 1 Accident Or Damage Reported,Yes,12500.0,5.7,8.0,13,0.1059,8429.0,0,1,0,1.534
Toyota,Tacoma Sr5,2018,65290.0,Gasoline,278.0HP 3.5L V6 Cylinder Engine Gasoline Fuel,6-Speed A/T,Blue,Black,At Least 1 Accident Or Damage Reported,Yes,26450.0,3.5,6.0,6,0.4051,9327.0,0,1,0,0.3917
Porsche,911 Carrera Cabriolet,2001,47885.0,Gasoline,300.0HP 3.4L Flat 6 Cylinder Engine Gasoline Fuel,6-Speed M/T,Gray,Black,Unknown,Unknown,31995.0,3.4,6.0,23,0.6681,1995.0,1,0,0,1.1014
Jeep,Gladiator Sport S,2020,13000.0,Gasoline,285.0HP 3.6L V6 Cylinder Engine Gasoline Fuel,8-Speed A/T,Gray,–,None Reported,Yes,39500.0,3.6,6.0,4,3.0382,2600.0,0,0,0,0.052
Dodge,Challenger Srt Hellcat,2018,29475.0,Gasoline,707.0HP 6.2L 8 Cylinder Engine Gasoline Fuel,8-Speed A/T,Orange,Black,None Reported,Yes,62999.0,6.2,8.0,6,2.1373,4211.0,0,0,0,0.1768
Jeep,Renegade Trailhawk,2017,78717.0,Gasoline,180.0HP 2.4L 4 Cylinder Engine Gasoline Fuel,A/T,Black,Black,None Reported,Yes,17500.0,2.4,4.0,7,0.2223,9840.0,0,0,0,0.551
Ford,F-150 Lariat,2021,9142.0,Hybrid,430.0HP 3.5L V6 Cylinder Engine Gas/Electric Hybrid,10-Speed A/T,Black,Gray,None Reported,Yes,61500.0,3.5,6.0,3,6.7265,2286.0,0,0,1,0.0274
Jaguar,Xf Premium,2011,106000.0,Gasoline,385.0HP 5.0L 8 Cylinder Engine Gasoline Fuel,6-Speed A/T,Brown,Beige,At Least 1 Accident Or Damage Reported,Yes,9400.0,5.0,8.0,13,0.0887,7571.0,0,1,0,1.378
Ram,1500 Laramie,2022,3521.0,Gasoline,5.7L V8 16V MPFI OHV,Automatic,Diamond Black,Black,None Reported,Yes,51074.0,5.7,,2,14.5014,1174.0,0,0,0,0.007
Volkswagen,Golf Gti 2.0T Se 4-Door,2016,90000.0,Gasoline,210.0HP 2.0L 4 Cylinder Engine Gasoline Fuel,6-Speed A/T,Gray,Black,None Reported,Yes,16750.0,2.0,4.0,8,0.1861,10000.0,0,0,0,0.72
Porsche,Macan Turbo,2016,46000.0,Gasoline,400.0HP 3.6L V6 Cylinder Engine Gasoline Fuel,Transmission W/Dual Shift Mode,Gray,–,None Reported,Yes,38000.0,3.6,6.0,8,0.8261,5111.0,1,0,0,0.368
Bmw,X4 M Competition,2020,18362.0,Gasoline,503.0HP 3.0L Straight 6 Cylinder Engine Gasoline Fuel,A/T,Black,Orange,None Reported,Yes,60000.0,3.0,6.0,4,3.2674,3672.0,1,0,0,0.0734
Lexus,Rx 350 Base,2013,164500.0,Gasoline,270.0HP 3.5L V6 Cylinder Engine Gasoline Fuel,6-Speed A/T,White,Black,At Least 1 Accident Or Damage Reported,Yes,16500.0,3.5,6.0,11,0.1003,13708.0,1,1,0,1.8095
Gmc,Terrain Slt,2020,55018.0,Gasoline,170.0HP 1.5L 4 Cylinder Engine Gasoline Fuel,9-Speed A/T,Black,Black,At Least 1 Accident Or Damage Reported,Yes,25500.0,1.5,4.0,4,0.4635,11004.0,0,1,0,0.2201
Nissan,Maxima Sv,2022,36466.0,Gasoline,3.5L V6 24V GDI DOHC,Automatic Cvt,Brilliant Silver Metallic,Charcoal,None Reported,Unknown,24980.0,3.5,,2,0.685,12155.0,0,0,0,0.0729
Volvo,S60 B5 Inscription,2022,14280.0,Hybrid,247.0HP 2.0L 4 Cylinder Engine Gasoline/Mild Electric Hybrid,A/T,Blue,Black,None Reported,Yes,36500.0,2.0,4.0,2,2.5558,4760.0,0,0,1,0.0286
Subaru,Outback 2.5I Premium,2013,116000.0,Gasoline,173.0HP 2.5L 4 Cylinder Engine Gasoline Fuel,A/T,Blue,Beige,At Least 1 Accident Or Damage Reported,Yes,12500.0,2.5,4.0,11,0.1078,9667.0,0,1,0,1.276
Ram,1500 Laramie,2022,16184.0,Gasoline,5.7L V8 16V MPFI OHV,8-Speed Automatic,Granite Crystal Clearcoat Metallic,Black,None Reported,Unknown,46999.0,5.7,,2,2.9039,5395.0,0,0,0,0.0324
Porsche,Boxster Base,1997,132800.0,Gasoline,201.0HP 2.5L Flat 6 Cylinder Engine Gasoline Fuel,5-Speed M/T,Red,Beige,Unknown,Unknown,8500.0,2.5,6.0,27,0.064,4743.0,1,0,0,3.5856
Ford,Explorer Xlt,2020,45000.0,Gasoline,300.0HP 2.3L 4 Cylinder Engine Gasoline Fuel,10-Speed A/T,Silver,Black,None Reported,Yes,33500.0,2.3,4.0,4,0.7444,9000.0,0,0,0,0.18
Ford,F-150 Lariat,2013,102000.0,Gasoline,365.0HP 3.5L V6 Cylinder Engine Gasoline Fuel,6-Speed A/T,White,Black,None Reported,Yes,23000.0,3.5,6.0,11,0.2255,8500.0,0,0,0,1.122
Ford,Excursion Xls,2004,163000.0,Diesel,325.0HP 6.0L 8 Cylinder Engine Diesel Fuel,5-Speed A/T,Silver,Gray,At Least 1 Accident Or Damage Reported,Yes,18000.0,6.0,8.0,20,0.1104,7762.0,0,1,0,3.26
Bmw,M8 Competition,2023,3500.0,Gasoline,617.0HP 4.4L 8 Cylinder Engine Gasoline Fuel,8-Speed A/T,Gray,Gray,None Reported,Yes,129000.0,4.4,8.0,1,36.8466,1750.0,1,0,0,0.0035
Porsche,Panamera Gts,2016,42526.0,Gasoline,440.0HP 4.8L 8 Cylinder Engine Gasoline Fuel,7-Speed A/T,Blue,Black,None Reported,Yes,66200.0,4.8,8.0,8,1.5567,4725.0,1,0,0,0.3402
Mazda,Mazda3 I Touring,2012,144900.0,Gasoline,155.0HP 2.0L 4 Cylinder Engine Gasoline Fuel,Transmission W/Dual Shift Mode,Black,–,None Reported,Yes,6000.0,2.0,4.0,12,0.0414,11146.0,0,0,0,1.7388
Gmc,Sierra 1500 Slt,2016,85000.0,Gasoline,355.0HP 5.3L 8 Cylinder Engine Gasoline Fuel,A/T,White,Black,None Reported,Yes,32750.0,5.3,8.0,8,0.3853,9444.0,0,0,0,0.68
Mercedes-Benz,Sprinter 2500 Standard Roof,2022,16113.0,Diesel,188.0HP 3.0L V6 Cylinder Engine Diesel Fuel,A/T,Gray,Black,None Reported,Yes,111000.0,3.0,6.0,2,6.8884,5371.0,1,0,0,0.0322
Mercedes-Benz,Gl-Class Gl 450,2011,93000.0,Gasoline,335.0HP 4.7L 8 Cylinder Engine Gasoline Fuel,A/T,Gray,Beige,At Least 1 Accident Or Damage Reported,Yes,11900.0,4.7,8.0,13,0.128,6643.0,1,1,0,1.209
Ram,1500 Big Horn,2022,11468.0,Gasoline,5.7L V8 16V MPFI OHV,Automatic,Bright White Clearcoat,Black,None Reported,Yes,50204.0,5.7,,2,4.3774,3823.0,0,0,0,0.0229
Lexus,Nx 300 Base,2019,25470.0,Gasoline,235.0HP 2.0L 4 Cylinder Engine Gasoline Fuel,Transmission W/Dual Shift Mode,Silver,Red,None Reported,Yes,32500.0,2.0,4.0,5,1.276,4245.0,1,0,0,0.1274
Bmw,435 I Xdrive,2014,90347.0,Gasoline,300.0HP 3.0L Straight 6 Cylinder Engine Gasoline Fuel,8-Speed A/T,Silver,Black,None Reported,Yes,21800.0,3.0,6.0,10,0.2413,8213.0,1,0,0,0.9035
Gmc,Yukon Sle,2017,96000.0,Gasoline,355.0HP 5.3L 8 Cylinder Engine Gasoline Fuel,A/T,Gray,Black,None Reported,Yes,34000.0,5.3,8.0,7,0.3542,12000.0,0,0,0,0.672
Honda,Pilot Ex-L,2016,80500.0,Gasoline,280.0HP 3.5L V6 Cylinder Engine Gasoline Fuel,6-Speed A/T,Gray,Black,None Reported,Yes,23000.0,3.5,6.0,8,0.2857,8944.0,0,0,0,0.644
Audi,A5 Sportback S Line Premium Plus,2021,35000.0,Hybrid,261.0HP 2.0L 4 Cylinder Engine Gasoline/Mild Electric Hybrid,7-Speed A/T,Black,Black,None Reported,Yes,37499.0,2.0,4.0,3,1.0714,8750.0,1,0,1,0.105
Porsche,911 Carrera,1995,49900.0,–,–,6-Speed M/T,Silver,Gray,At Least 1 Accident Or Damage Reported,Yes,97993.0,,,29,1.9637,1663.0,1,1,0,1.4471
Honda,Civic Sport,2020,121212.0,Gasoline,1.5L I4 16V GDI DOHC Turbo,Automatic Cvt,White,Sport,At Least 1 Accident Or Damage Reported,Yes,18387.0,1.5,,4,0.1517,24242.0,0,1,0,0.4848
Mercedes-Benz,G 550 4X4 Squared Base,2018,14381.0,Gasoline,4.0L V8 32V GDI DOHC Twin Turbo,7-Speed Automatic,Designo Magno Matte,Black,None Reported,Unknown,204900.0,4.0,,6,14.247,2054.0,1,0,0,0.0863
Porsche,Panamera Platinum Edition,2022,13500.0,Gasoline,325.0HP 2.9L V6 Cylinder Engine Gasoline Fuel,8-Speed A/T,Green,Black,None Reported,Yes,86999.0,2.9,6.0,2,6.4439,4500.0,1,0,0,0.027
Bmw,740E Xdrive Iperformance,2019,33214.0,Plug-In Hybrid,322.0HP 2.0L 4 Cylinder Engine Plug-In Electric/Gas,A/T,White,Black,None Reported,Yes,43500.0,2.0,4.0,5,1.3096,5536.0,1,0,1,0.1661
Ford,F-250 Xlt,2017,29719.0,E85 Flex Fuel,385.0HP 6.2L 8 Cylinder Engine Flex Fuel Capability,A/T,White,Gray,None Reported,Yes,31000.0,6.2,8.0,7,1.0431,3715.0,0,0,0,0.208
Lincoln,Corsair Standard,2022,4520.0,Gasoline,250.0HP 2.0L 4 Cylinder Engine Gasoline Fuel,8-Speed A/T,Beige,Beige,None Reported,Yes,38500.0,2.0,4.0,2,8.5158,1507.0,1,0,0,0.009
Hyundai,Sonata Sport,2017,84129.0,Gasoline,2.4L I4 16V GDI DOHC,6-Speed Automatic,Phantom Black,Graphite,None Reported,Unknown,14599.0,2.4,,7,0.1735,10516.0,0,0,0,0.5889
Nissan,Maxima 3.5 Sr,2019,72150.0,Gasoline,300.0HP 3.5L V6 Cylinder Engine Gasoline Fuel,Cvt Transmission,White,Black,At Least 1 Accident Or Damage Reported,Yes,26999.0,3.5,6.0,5,0.3742,12025.0,0,1,0,0.3608
Gmc,Yukon Slt,2015,94500.0,Gasoline,355.0HP 5.3L 8 Cylinder Engine Gasoline Fuel,A/T,White,Beige,At Least 1 Accident Or Damage Reported,Yes,30000.0,5.3,8.0,9,0.3175,9450.0,0,1,0,0.8505
Mercedes-Benz,Gls 550 Base 4Matic,2017,88454.0,Gasoline,449.0HP 4.7L 8 Cylinder Engine Gasoline Fuel,9-Speed A/T,White,Beige,None Reported,Yes,39999.0,4.7,8.0,7,0.4522,11057.0,1,0,0,0.6192
Cadillac,Cts Base,2010,81696.0,Gasoline,270.0HP 3.0L V6 Cylinder Engine Gasoline Fuel,6-Speed A/T,Silver,Beige,At Least 1 Accident Or Damage Reported,Yes,9499.0,3.0,6.0,14,0.1163,5446.0,1,1,0,1.1437
Cadillac,Cts Base,2005,94100.0,Gasoline,255.0HP 3.6L V6 Cylinder Engine Gasoline Fuel,6-Speed M/T,White,Beige,None Reported,Yes,6099.0,3.6,6.0,19,0.0648,4705.0,1,0,0,1.7879
Ford,Explorer Limited,2022,17500.0,Hybrid,318.0HP 3.3L V6 Cylinder Engine Gas/Electric Hybrid,10-Speed A/T,White,Black,None Reported,Yes,46000.0,3.3,6.0,2,2.6284,5833.0,0,0,1,0.035
Acura,Rdx,2016,132252.0,Gasoline,3.5 Liter,Automatic,Crystal Black,Black,None Reported,Unknown,18998.0,,,8,0.1436,14695.0,0,0,0,1.058
Toyota,Highlander Xle,2022,4437.0,Gasoline,295.0HP 3.5L V6 Cylinder Engine Gasoline Fuel,Transmission W/Dual Shift Mode,Gray,Black,None Reported,Yes,42000.0,3.5,6.0,2,9.4637,1479.0,0,0,0,0.0089
Volkswagen,Golf Gti 2.0T Se 4-Door,2018,70500.0,Gasoline,220.0HP 2.0L 4 Cylinder Engine Gasoline Fuel,Transmission W/Dual Shift Mode,White,Black,None Reported,Yes,23000.0,2.0,4.0,6,0.3262,10071.0,0,0,0,0.423
Nissan,Pickup Truck Xe,1994,89144.0,–,–,A/T,Red,Gray,None Reported,Yes,5899.0,,,30,0.0662,2876.0,0,0,0,2.6743
Toyota,Corolla Ce,2008,170000.0,Gasoline,126.0HP 1.8L 4 Cylinder Engine Gasoline Fuel,A/T,Gray,Gray,None Reported,Yes,5199.0,1.8,4.0,16,0.0306,10000.0,0,0,0,2.72
Honda,Element Ex,2008,122000.0,Gasoline,166.0HP 2.4L 4 Cylinder Engine Gasoline Fuel,A/T,Blue,Gray,None Reported,Yes,10500.0,2.4,4.0,16,0.0861,7176.0,0,0,0,1.952
Toyota,Camry Solara Se,2008,57852.0,Gasoline,210.0HP 3.3L V6 Cylinder Engine Gasoline Fuel,A/T,Silver,Gray,Unknown,Unknown,13900.0,3.3,6.0,16,0.2403,3403.0,0,0,0,0.9256
Hyundai,Genesis 4.6,2010,120321.0,Gasoline,378.0HP 4.6L 8 Cylinder Engine Gasoline Fuel,Transmission W/Dual Shift Mode,White,Beige,None Reported,Yes,10500.0,4.6,8.0,14,0.0873,8021.0,0,0,0,1.6845
Bmw,325 Ci,2004,178000.0,Gasoline,184.0HP 2.5L Straight 6 Cylinder Engine Gasoline Fuel,5-Speed A/T,Blue,Brown,None Reported,Yes,5750.0,2.5,6.0,20,0.0323,8476.0,1,0,0,3.56
Bmw,M3 Base,2002,60255.0,Gasoline,333.0HP 3.2L Straight 6 Cylinder Engine Gasoline Fuel,6-Speed M/T,Yellow,Black,None Reported,Yes,28750.0,3.2,6.0,22,0.4771,2620.0,1,0,0,1.3256
Land,Rover Range Rover Sport Hse Dynamic,2019,77690.0,Gasoline,380.0HP 3.0L V6 Cylinder Engine Gasoline Fuel,8-Speed A/T,White,Beige,None Reported,Yes,43500.0,3.0,6.0,5,0.5599,12948.0,0,0,0,0.3884
Chevrolet,Corvette Zr-1,2009,18000.0,Gasoline,638.0HP 6.2L 8 Cylinder Engine Gasoline Fuel,6-Speed M/T,Gray,Black,None Reported,Yes,78000.0,6.2,8.0,15,4.3331,1125.0,0,0,0,0.27
Honda,Prelude Type Sh,2001,125000.0,Gasoline,200.0HP 2.2L 4 Cylinder Engine Gasoline Fuel,5-Speed M/T,Red,Black,None Reported,Yes,18000.0,2.2,4.0,23,0.144,5208.0,0,0,0,2.875
Lexus,Nx 300 Base,2021,6449.0,Gasoline,2.0L I4 16V PDI DOHC Turbo,6-Speed Automatic,Silver,Black,At Least 1 Accident Or Damage Reported,Unknown,35999.0,2.0,,3,5.5812,1612.0,1,1,0,0.0193
Volkswagen,Golf Gti 2.0T Se 4-Door,2019,33000.0,Gasoline,228.0HP 2.0L 4 Cylinder Engine Gasoline Fuel,6-Speed M/T,Black,Black,None Reported,Yes,27500.0,2.0,4.0,5,0.8333,5500.0,0,0,0,0.165
Nissan,Armada Le,2009,87130.0,Gasoline,317.0HP 5.6L 8 Cylinder Engine Gasoline Fuel,A/T,Brown,Black,None Reported,Yes,20000.0,5.6,8.0,15,0.2295,5446.0,0,0,0,1.307
Lexus,Sc 300 Base,1998,165000.0,Gasoline,225.0HP 3.0L Straight 6 Cylinder Engine Gasoline Fuel,A/T,Purple,Beige,None Reported,Yes,8700.0,3.0,6.0,26,0.0527,6111.0,1,0,0,4.29
Toyota,Camry Solara Sle,2008,73000.0,Gasoline,210.0HP 3.3L V6 Cylinder Engine Gasoline Fuel,5-Speed A/T,Blue,Beige,At Least 1 Accident Or Damage Reported,Yes,11500.0,3.3,6.0,16,0.1575,4294.0,0,1,0,1.168
Porsche,Macan S,2020,22354.0,Gasoline,3.0L V6 24V GDI DOHC Turbo,7-Speed Automatic With Auto-Shift,Black,Black,None Reported,Unknown,54900.0,3.0,,4,2.4558,4471.0,1,0,0,0.0894
Tesla,Model Y Performance,2023,6188.0,Gasoline,455.0HP Electric Motor Electric Fuel System,A/T,Gray,White,None Reported,Yes,53900.0,,,1,8.709,3094.0,0,0,0,0.0062
Gmc,Terrain Slt,2019,60807.0,Gasoline,2.0L I4 16V GDI DOHC Turbo,9-Speed Automatic,Red Quartz Tintcoat,Medium Ash Gray,At Least 1 Accident Or Damage Reported,Yes,25925.0,2.0,,5,0.4263,10134.0,0,1,0,0.304
Jeep,Compass Latitude,2014,105000.0,Gasoline,158.0HP 2.0L 4 Cylinder Engine Gasoline Fuel,A/T,Black,Black,None Reported,Yes,10950.0,2.0,4.0,10,0.1043,9545.0,0,0,0,1.05
Audi,Q7 3.0T Prestige,2018,63400.0,Gasoline,333.0HP 3.0L V6 Cylinder Engine Gasoline Fuel,A/T,Black,Black,None Reported,Yes,29900.0,3.0,6.0,6,0.4716,9057.0,1,0,0,0.3804
Ford,F-250 Platinum,2022,4500.0,Gasoline,430.0HP 7.3L 8 Cylinder Engine Gasoline Fuel,10-Speed A/T,Black,Black,None Reported,Yes,86500.0,7.3,8.0,2,19.218,1500.0,0,0,0,0.009
Jeep,Gladiator Overland,2020,8025.0,Gasoline,3.6L V6 24V MPFI DOHC,8-Speed Automatic,Firecracker Red Clearcoat,Black,None Reported,Yes,42433.0,3.6,,4,5.2869,1605.0,0,0,0,0.0321
Lincoln,Navigator L Reserve,2019,49131.0,Gasoline,3.5L V6 24V PDI DOHC Twin Turbo,10-Speed Automatic,Tan,–,Unknown,Unknown,55460.0,3.5,,5,1.1288,8188.0,1,0,0,0.2457
Tesla,Model X P100D,2017,100346.0,Gasoline,Electric Motor Electric Fuel System,1-Speed A/T,Silver,White,None Reported,Yes,45999.0,,,7,0.4584,12543.0,0,0,0,0.7024
Mercedes-Benz,Cls-Class Cls 400 4Matic,2016,62285.0,Gasoline,329.0HP 3.0L V6 Cylinder Engine Gasoline Fuel,7-Speed A/T,Black,Black,At Least 1 Accident Or Damage Reported,Yes,29950.0,3.0,6.0,8,0.4808,6921.0,1,1,0,0.4983
Lexus,Rx 350 Base,2021,5040.0,Gasoline,295.0HP 3.5L V6 Cylinder Engine Gasoline Fuel,8-Speed A/T,Beige,Beige,At Least 1 Accident Or Damage Reported,Yes,48900.0,3.5,6.0,3,9.7005,1260.0,1,1,0,0.0151
Ram,1500 Laramie,2022,12940.0,Gasoline,5.7L V8 16V MPFI OHV,8-Speed Automatic,Bright White Clearcoat,Black,At Least 1 Accident Or Damage Reported,Unknown,46999.0,5.7,,2,3.6318,4313.0,0,1,0,0.0259
Mitsubishi,Outlander Sport Es,2015,98385.0,Gasoline,166.0HP 2.4L 4 Cylinder Engine Gasoline Fuel,Cvt Transmission,Silver,Black,At Least 1 Accident Or Damage Reported,Yes,10500.0,2.4,4.0,9,0.1067,9838.0,0,1,0,0.8855
Hyundai,Sonata Se,2013,43903.0,Gasoline,200.0HP 2.4L 4 Cylinder Engine Gasoline Fuel,A/T,Red,Black,At Least 1 Accident Or Damage Reported,Yes,12500.0,2.4,4.0,11,0.2847,3659.0,0,1,0,0.4829
Ford,Mustang Ecoboost Premium,2017,41650.0,Gasoline,310.0HP 2.3L 4 Cylinder Engine Gasoline Fuel,A/T,Blue,Black,None Reported,Yes,23600.0,2.3,4.0,7,0.5666,5206.0,0,0,0,0.2915
Bmw,X5 Phev Xdrive45E,2022,31850.0,Plug-In Hybrid,389.0HP 3.0L Straight 6 Cylinder Engine Plug-In Electric/Gas,Transmission W/Dual Shift Mode,White,Black,None Reported,Yes,60500.0,3.0,6.0,2,1.8995,10617.0,1,0,1,0.0637
Hyundai,Sonata Hybrid Limited,2013,96419.0,Hybrid,199.0HP 2.4L 4 Cylinder Engine Gas/Electric Hybrid,6-Speed A/T,Black,Gray,At Least 1 Accident Or Damage Reported,Yes,14999.0,2.4,4.0,11,0.1556,8035.0,0,1,1,1.0606
Honda,Odyssey Ex-L,2007,170000.0,Gasoline,244.0HP 3.5L V6 Cylinder Engine Gasoline Fuel,A/T,Black,Beige,None Reported,Yes,7700.0,3.5,6.0,17,0.0453,9444.0,0,0,0,2.89
Chevrolet,Colorado Lt Crew Cab,2009,139000.0,Gasoline,300.0HP 5.3L 8 Cylinder Engine Gasoline Fuel,A/T,Black,Black,None Reported,Yes,14500.0,5.3,8.0,15,0.1043,8688.0,0,0,0,2.085
Buick,Enclave Premium,2016,134655.0,Gasoline,3.6L V6 24V GDI DOHC,6-Speed Automatic,Ebony Twilight Metallic,Ebony,None Reported,Yes,18051.0,3.6,,8,0.1341,14962.0,0,0,0,1.0772
Bmw,M235 I,2015,81000.0,Gasoline,320.0HP 3.0L Straight 6 Cylinder Engine Gasoline Fuel,6-Speed M/T,White,Red,None Reported,Yes,27890.0,3.0,6.0,9,0.3443,8100.0,1,0,0,0.729
Kia,Telluride Sx,2022,46347.0,Gasoline,3.8L V6 24V GDI DOHC,8-Speed Automatic,Glacial White Pearl,Black,None Reported,Unknown,46120.0,3.8,,2,0.9951,15449.0,0,0,0,0.0927
Chevrolet,Corvette Base,2007,4048.0,Gasoline,400.0HP 6.0L 8 Cylinder Engine Gasoline Fuel,6-Speed M/T,Yellow,Gray,None Reported,Yes,38000.0,6.0,8.0,17,9.385,225.0,0,0,0,0.0688
Mercedes-Benz,S-Class S 63 Amg,2015,79876.0,Gasoline,577.0HP 5.5L 8 Cylinder Engine Gasoline Fuel,7-Speed A/T,Black,White,None Reported,Yes,45750.0,5.5,8.0,9,0.5728,7988.0,1,0,0,0.7189
Toyota,Mirai Limited,2021,44000.0,Not Supported,182.0HP Electric Motor Hydrogen Fuel,A/T,Gray,Black,None Reported,Yes,18500.0,,,3,0.4204,11000.0,0,0,0,0.132
Alfa,Romeo Giulia Ti,2017,56910.0,Gasoline,280.0HP 2.0L 4 Cylinder Engine Gasoline Fuel,Transmission W/Dual Shift Mode,Blue,Black,Unknown,Unknown,23000.0,2.0,4.0,7,0.4041,7114.0,0,0,0,0.3984
Land,Rover Range Rover Sport Hse,2019,65019.0,Gasoline,340.0HP 3.0L V6 Cylinder Engine Gasoline Fuel,A/T,Black,Beige,None Reported,Yes,40500.0,3.0,6.0,5,0.6229,10836.0,0,0,0,0.3251
Nissan,370Z Touring,2009,133409.0,Gasoline,332.0HP 3.7L V6 Cylinder Engine Gasoline Fuel,6-Speed M/T,Silver,Gray,At Least 1 Accident Or Damage Reported,Yes,14999.0,3.7,6.0,15,0.1124,8338.0,0,1,0,2.0011
Bmw,330 I Xdrive,2018,74381.0,Gasoline,248.0HP 2.0L 4 Cylinder Engine Gasoline Fuel,8-Speed A/T,White,Brown,At Least 1 Accident Or Damage Reported,Yes,22995.0,2.0,4.0,6,0.3091,10626.0,1,1,0,0.4463
Porsche,Macan,2023,2925.0,Gasoline,2.0L I4 16V GDI DOHC Turbo,7-Speed Automatic With Auto-Shift,Carrara White Metallic,Black,None Reported,Yes,73300.0,2.0,,1,25.0513,1462.0,1,0,0,0.0029
Bmw,128 I,2013,67874.0,Gasoline,230.0HP 3.0L Straight 6 Cylinder Engine Gasoline Fuel,6-Speed A/T,Gray,Black,None Reported,Yes,18000.0,3.0,6.0,11,0.2652,5656.0,1,0,0,0.7466
Mercedes-Benz,Amg Gle 63 S Coupe 4Matic,2018,71500.0,Gasoline,577.0HP 5.5L 8 Cylinder Engine Gasoline Fuel,7-Speed A/T,White,White,None Reported,Yes,61000.0,5.5,8.0,6,0.8531,10214.0,1,0,0,0.429
Jeep,Wrangler Sport,2014,71000.0,Gasoline,285.0HP 3.6L V6 Cylinder Engine Gasoline Fuel,5-Speed A/T,Gray,Black,None Reported,Yes,22000.0,3.6,6.0,10,0.3099,6455.0,0,0,0,0.71
Ford,F-150 Raptor,2018,64517.0,Gasoline,450.0HP 3.5L V6 Cylinder Engine Gasoline Fuel,10-Speed A/T,Black,Black,None Reported,Yes,47995.0,3.5,6.0,6,0.7439,9217.0,0,0,0,0.3871
Dodge,Sprinter 2500 High Roof,2004,55000.0,Diesel,154.0HP 2.7L 5 Cylinder Engine Diesel Fuel,A/T,White,Gray,None Reported,Yes,24000.0,2.7,5.0,20,0.4364,2619.0,0,0,0,1.1
Bmw,M550 I Xdrive,2019,7580.0,Gasoline,456.0HP 4.4L 8 Cylinder Engine Gasoline Fuel,Transmission W/Dual Shift Mode,Black,Black,None Reported,Yes,51500.0,4.4,8.0,5,6.7933,1263.0,1,0,0,0.0379
Hyundai,Sonata Gls,2010,135000.0,Gasoline,168.0HP 2.4L 4 Cylinder Engine Gasoline Fuel,Transmission W/Dual Shift Mode,Blue,Gray,None Reported,Yes,3999.0,2.4,4.0,14,0.0296,9000.0,0,0,0,1.89
Honda,Accord Ex-L,2019,62200.0,Gasoline,192.0HP 1.5L 4 Cylinder Engine Gasoline Fuel,A/T,White,Black,At Least 1 Accident Or Damage Reported,Yes,21500.0,1.5,4.0,5,0.3457,10367.0,0,1,0,0.311
Cadillac,Cts 3.6L Premium,2014,69001.0,Gasoline,321.0HP 3.6L V6 Cylinder Engine Gasoline Fuel,6-Speed A/T,Red,Black,None Reported,Yes,19500.0,3.6,6.0,10,0.2826,6273.0,1,0,0,0.69
Toyota,4Runner Venture Special Edition,2021,28567.0,Gasoline,"4L V-6 DOHC, VVT-i variable valve control, regular unleaded, eng",Automatic,–,Black/Graphite,None Reported,Unknown,44775.0,4.0,,3,1.5673,7142.0,0,0,0,0.0857
Jaguar,Xj8 L,2006,78049.0,Gasoline,300.0HP 4.2L 8 Cylinder Engine Gasoline Fuel,6-Speed A/T,White,Beige,None Reported,Yes,13980.0,4.2,8.0,18,0.1791,4108.0,0,0,0,1.4049
Ford,F-150 Lariat,2021,36821.0,Gasoline,3.5L V6 24V PDI DOHC Twin Turbo,Automatic,Agate Black Metallic,Black,Unknown,Unknown,49273.0,3.5,,3,1.3381,9205.0,0,0,0,0.1105
Chevrolet,Suburban High Country,2021,23292.0,Gasoline,420.0HP 6.2L 8 Cylinder Engine Gasoline Fuel,10-Speed A/T,Brown,Black,None Reported,Yes,73500.0,6.2,8.0,3,3.1555,5823.0,0,0,0,0.0699
Chevrolet,Suburban 1500 Ltz,2010,162671.0,E85 Flex Fuel,320.0HP 5.3L 8 Cylinder Engine Flex Fuel Capability,A/T,Black,Black,None Reported,Yes,12000.0,5.3,8.0,14,0.0738,10845.0,0,0,0,2.2774
Land,Rover Lr2 Hse,2010,100472.0,Gasoline,230.0HP 3.2L Straight 6 Cylinder Engine Gasoline Fuel,6-Speed A/T,Gray,Beige,None Reported,Yes,9975.0,3.2,6.0,14,0.0993,6698.0,0,0,0,1.4066
Subaru,Wrx Limited,2017,73120.0,Gasoline,268.0HP 2.0L 4 Cylinder Engine Gasoline Fuel,Cvt Transmission,White,Black,At Least 1 Accident Or Damage Reported,Yes,19950.0,2.0,4.0,7,0.2728,9140.0,0,1,0,0.5118
Ford,Expedition Timberline,2022,23300.0,Gasoline,440.0HP 3.5L V6 Cylinder Engine Gasoline Fuel,10-Speed A/T,Green,Green,None Reported,Yes,67500.0,3.5,6.0,2,2.8969,7767.0,0,0,0,0.0466
Honda,Clarity Plug-In Hybrid Base,2018,71000.0,Plug-In Hybrid,212.0HP 1.5L 4 Cylinder Engine Plug-In Electric/Gas,A/T,Red,Beige,At Least 1 Accident Or Damage Reported,Yes,17500.0,1.5,4.0,6,0.2465,10143.0,0,1,1,0.426
Ram,3500 Laramie,2022,16648.0,Diesel,6.7L I6 24V DDI OHV Turbo Diesel,6-Speed Automatic,Flame Red Clearcoat,Black,None Reported,Unknown,70999.0,6.7,,2,4.2645,5549.0,0,0,0,0.0333
Chevrolet,Silverado 2500 Lt,2011,223089.60000000012,Diesel,335.0HP 6.6L 8 Cylinder Engine Diesel Fuel,6-Speed A/T,White,Black,None Reported,Yes,18500.0,6.6,8.0,13,0.0829,15935.0,0,0,0,2.9002
Lexus,Rx 450H Base,2013,119755.0,Hybrid,295.0HP 3.5L V6 Cylinder Engine Gas/Electric Hybrid,Transmission W/Dual Shift Mode,Silver,Black,None Reported,Yes,19500.0,3.5,6.0,11,0.1628,9980.0,1,0,1,1.3173
Mercedes-Benz,M-Class Ml 350 4Matic,2015,88000.0,E85 Flex Fuel,302.0HP 3.5L V6 Cylinder Engine Flex Fuel Capability,A/T,Silver,Gray,None Reported,Yes,19500.0,3.5,6.0,9,0.2216,8800.0,1,0,0,0.792
Bmw,X5 Xdrive40I,2021,41000.0,Hybrid,335.0HP 3.0L Straight 6 Cylinder Engine Gasoline/Mild Electric Hybrid,8-Speed A/T,White,Black,None Reported,Yes,50000.0,3.0,6.0,3,1.2195,10250.0,1,0,1,0.123
Chevrolet,Camaro 2Ss,2022,7458.0,Gasoline,455.0HP 6.2L 8 Cylinder Engine Gasoline Fuel,6-Speed M/T,Red,Black,None Reported,Yes,47500.0,6.2,8.0,2,6.3681,2486.0,0,0,0,0.0149
Jeep,Gladiator Sport S,2022,23000.0,Gasoline,285.0HP 3.6L V6 Cylinder Engine Gasoline Fuel,A/T,Green,Black,None Reported,Yes,43000.0,3.6,6.0,2,1.8695,7667.0,0,0,0,0.046
Land,Rover Discovery Lse,1998,149437.0,Gasoline,182.0HP 4.0L 8 Cylinder Engine Gasoline Fuel,A/T,Green,Beige,None Reported,Yes,9995.0,4.0,8.0,26,0.0669,5535.0,0,0,0,3.8854
Ford,F-250 Xlt,2017,223089.60000000012,Diesel,440.0HP 6.7L 8 Cylinder Engine Diesel Fuel,6-Speed A/T,Red,Beige,None Reported,Yes,35500.0,6.7,8.0,7,0.1591,27886.0,0,0,0,1.5616
Ram,1500 Rebel,2019,46000.0,Hybrid,305.0HP 3.6L V6 Cylinder Engine Gasoline/Mild Electric Hybrid,8-Speed A/T,White,–,None Reported,Yes,37900.0,3.6,6.0,5,0.8239,7667.0,0,0,1,0.23
Audi,Q5 S Line Premium Plus,2022,13133.0,Hybrid,2.0 Liter TFSI,Automatic,Silver,Black,None Reported,Unknown,42998.0,,,2,3.2738,4378.0,1,0,1,0.0263
Ram,1500 Slt,2017,45000.0,Gasoline,395.0HP 5.7L 8 Cylinder Engine Gasoline Fuel,A/T,Black,Gray,None Reported,Yes,29999.0,5.7,8.0,7,0.6666,5625.0,0,0,0,0.315
Mazda,Cx-30 Premium Package,2021,18385.0,Gasoline,2.5L I4 16V GDI DOHC,6-Speed Automatic,Soul Red Crystal Metallic,White / Brown,None Reported,Yes,29255.0,2.5,,3,1.5912,4596.0,0,0,0,0.0552
Bmw,840 Gran Coupe I Xdrive,2020,25793.0,Gasoline,3.0L I6 24V GDI DOHC Turbo,8-Speed Automatic,Black Sapphire Metallic,Black,None Reported,Unknown,52999.0,3.0,,4,2.0547,5159.0,1,0,0,0.1032
Porsche,Boxster S,2005,44400.0,Gasoline,280.0HP 3.2L Flat 6 Cylinder Engine Gasoline Fuel,6-Speed M/T,Silver,Black,None Reported,Yes,29800.0,3.2,6.0,19,0.6712,2220.0,1,0,0,0.8436
Chevrolet,Malibu Limited Lt,2016,104000.0,Gasoline,2.5L 4 Cylinder Engine Gasoline Fuel,6-Speed A/T,Silver,Gray,None Reported,Yes,10500.0,2.5,4.0,8,0.101,11556.0,0,0,0,0.832
Cadillac,Escalade Premium Luxury,2023,600.0,Gasoline,420.0HP 6.2L 8 Cylinder Engine Gasoline Fuel,A/T,Black,Black,None Reported,Yes,103000.0,6.2,8.0,1,171.381,300.0,1,0,0,0.0006
Mini,Cooper S Base,2007,45000.0,Gasoline,172.0HP 1.6L 4 Cylinder Engine Gasoline Fuel,6-Speed M/T,Yellow,Black,None Reported,Yes,7900.0,1.6,4.0,17,0.1756,2500.0,0,0,0,0.765
Jeep,Gladiator Mojave,2022,24500.0,Gasoline,285.0HP 3.6L V6 Cylinder Engine Gasoline Fuel,8-Speed A/T,Blue,Black,None Reported,Yes,64000.0,3.6,6.0,2,2.6121,8167.0,0,0,0,0.049
Buick,Encore Gx Essence,2020,35569.0,Gasoline,1.3L I3 12V MPFI DOHC Turbo,Automatic Cvt,Satin Steel Metallic,Ebony,None Reported,Unknown,21999.0,1.3,,4,0.6185,7114.0,0,0,0,0.1423
Toyota,Highlander Xle,2020,35000.0,Gasoline,295.0HP 3.5L V6 Cylinder Engine Gasoline Fuel,A/T,Silver,Black,None Reported,Yes,36999.0,3.5,6.0,4,1.0571,7000.0,0,0,0,0.14
Acura,Mdx Touring,2003,165000.0,Gasoline,260.0HP 3.5L V6 Cylinder Engine Gasoline Fuel,A/T,Silver,Black,At Least 1 Accident Or Damage Reported,Yes,4000.0,3.5,6.0,21,0.0242,7500.0,0,1,0,3.465
Land,Rover Range Rover Sport Se Mhev,2021,15000.0,Hybrid,355.0HP 3.0L Straight 6 Cylinder Engine Gasoline/Mild Electric Hybrid,A/T,Black,Black,None Reported,Yes,69000.0,3.0,6.0,3,4.5997,3750.0,0,0,1,0.045
Bmw,535 I Xdrive,2014,119750.0,Gasoline,300.0HP 3.0L Straight 6 Cylinder Engine Gasoline Fuel,8-Speed A/T,White,Beige,None Reported,Yes,15499.0,3.0,6.0,10,0.1294,10886.0,1,0,0,1.1975
Nissan,350Z Touring,2007,90000.0,Gasoline,306.0HP 3.5L V6 Cylinder Engine Gasoline Fuel,M/T,White,Green,At Least 1 Accident Or Damage Reported,Yes,12000.0,3.5,6.0,17,0.1333,5000.0,0,1,0,1.53
Ford,Transit Connect Xlt,2015,112000.0,Gasoline,169.0HP 2.5L 4 Cylinder Engine Gasoline Fuel,A/T,White,Black,At Least 1 Accident Or Damage Reported,Yes,14500.0,2.5,4.0,9,0.1295,11200.0,0,1,0,1.008
Mercedes-Benz,Sl-Class Sl550 Roadster,2008,150000.0,Gasoline,382.0HP 5.5L 8 Cylinder Engine Gasoline Fuel,7-Speed A/T,Black,Beige,None Reported,Yes,16800.0,5.5,8.0,16,0.112,8824.0,1,0,0,2.4
Porsche,911 Turbo S,2021,1912.0,Gasoline,640.0HP 3.8L Flat 6 Cylinder Engine Gasoline Fuel,8-Speed A/T,Silver,Black,None Reported,Yes,240000.0,3.8,6.0,3,125.4574,478.0,1,0,0,0.0057
Hyundai,Sonata Sport 2.0T,2015,82900.0,Gasoline,245.0HP 2.0L 4 Cylinder Engine Gasoline Fuel,A/T,Black,Black,At Least 1 Accident Or Damage Reported,Yes,13995.0,2.0,4.0,9,0.1688,8290.0,0,1,0,0.7461
Audi,Tt 1.8T,2004,79500.0,Gasoline,180.0HP 1.8L 4 Cylinder Engine Gasoline Fuel,A/T,Silver,Black,None Reported,Yes,12000.0,1.8,4.0,20,0.1509,3786.0,1,0,0,1.59
Volvo,Xc90 T6 Inscription,2019,60000.0,Gasoline,316.0HP 2.0L 4 Cylinder Engine Gasoline Fuel,8-Speed A/T,White,Black,None Reported,Yes,37000.0,2.0,4.0,5,0.6167,10000.0,0,0,0,0.3
Ram,1500 Big Horn,2021,41800.0,Diesel,260.0HP 3.0L V6 Cylinder Engine Diesel Fuel,8-Speed A/T,White,Black,None Reported,Yes,44900.0,3.0,6.0,3,1.0741,10450.0,0,0,0,0.1254
Chevrolet,Tahoe Lt,2021,71536.0,Gasoline,5.3L V8 16V GDI OHV,10-Speed Automatic,Black,Jet Black,None Reported,Yes,49685.0,5.3,,3,0.6945,17884.0,0,0,0,0.2146
Ford,Explorer Xlt,2014,127558.0,Gasoline,3.5L V6 24V MPFI DOHC,6-Speed Automatic,Green,Charcoal Black,None Reported,Yes,13715.0,3.5,,10,0.1075,11596.0,0,0,0,1.2756
Ford,Mustang Mach-E Premium,2023,13232.0,Gasoline,346.0HP Electric Motor Electric Fuel System,1-Speed A/T,Gray,Black,None Reported,Yes,45000.0,,,1,3.4006,6616.0,0,0,0,0.0132
Chevrolet,Camaro 1Ss,2017,39000.0,Gasoline,455.0HP 6.2L 8 Cylinder Engine Gasoline Fuel,8-Speed A/T,Yellow,Black,None Reported,Yes,31500.0,6.2,8.0,7,0.8077,4875.0,0,0,0,0.273
Ford,Bronco Big Bend Advanced,2023,11500.0,Gasoline,315.0HP 2.7L V6 Cylinder Engine Gasoline Fuel,10-Speed A/T,Gray,Black,None Reported,Yes,54490.0,2.7,6.0,1,4.7378,5750.0,0,0,0,0.0115
Chrysler,Pacifica Launch Edition,2020,22200.0,Gasoline,287.0HP 3.6L V6 Cylinder Engine Gasoline Fuel,9-Speed A/T,Black,Black,None Reported,Yes,36800.0,3.6,6.0,4,1.6576,4440.0,0,0,0,0.0888
Tesla,Model Y Long Range,2023,7414.0,Gasoline,425.0HP Electric Motor Electric Fuel System,A/T,Black,White,None Reported,Yes,56515.0,,,1,7.6217,3707.0,0,0,0,0.0074
Lamborghini,Huracan Lp580-2,2017,14586.0,Gasoline,"5.2L V-10 gasoline direct injection, DOHC, variable valve contro",Automatic,Blue Caelum,Nero Ade,None Reported,Unknown,209991.0,5.2,,7,14.3958,1823.0,0,0,0,0.1021
Ram,1500 Rebel,2021,32000.0,Hybrid,395.0HP 5.7L 8 Cylinder Engine Gasoline/Mild Electric Hybrid,8-Speed A/T,White,Black,None Reported,Yes,50927.0,5.7,8.0,3,1.5914,8000.0,0,0,1,0.096
Toyota,86 Base,2020,14700.0,Gasoline,200.0HP 2.0L 4 Cylinder Engine Gasoline Fuel,A/T,White,Black,None Reported,Yes,27350.0,2.0,4.0,4,1.8604,2940.0,0,0,0,0.0588
Bmw,X5 Xdrive50I,2016,79995.0,Gasoline,445.0HP 4.4L 8 Cylinder Engine Gasoline Fuel,Transmission W/Dual Shift Mode,Black,Black,None Reported,Yes,23995.0,4.4,8.0,8,0.3,8888.0,1,0,0,0.64
Gmc,Yukon Denali,2018,76000.0,Gasoline,420.0HP 6.2L 8 Cylinder Engine Gasoline Fuel,A/T,Black,Black,None Reported,Yes,44500.0,6.2,8.0,6,0.5855,10857.0,0,0,0,0.456
Honda,Accord Ex-L,2014,62000.0,Gasoline,185.0HP 2.4L 4 Cylinder Engine Gasoline Fuel,Cvt Transmission,Gray,Black,At Least 1 Accident Or Damage Reported,Yes,18987.0,2.4,4.0,10,0.3062,5636.0,0,1,0,0.62
Maserati,Ghibli S Q4,2017,53500.0,Gasoline,404.0HP 3.0L V6 Cylinder Engine Gasoline Fuel,8-Speed A/T,Gray,Black,None Reported,Yes,28700.0,3.0,6.0,7,0.5364,6688.0,0,0,0,0.3745
Hyundai,Kona Ev Sel,2022,9400.0,Gasoline,201.0HP Electric Motor Electric Fuel System,1-Speed A/T,Red,Black,None Reported,Yes,31999.0,,,2,3.4038,3133.0,0,0,0,0.0188
Bmw,435 I,2014,86500.0,Gasoline,300.0HP 3.0L Straight 6 Cylinder Engine Gasoline Fuel,A/T,Silver,Black,None Reported,Yes,20900.0,3.0,6.0,10,0.2416,7864.0,1,0,0,0.865
Mercedes-Benz,Gl-Class Gl 450,2011,148000.0,Gasoline,335.0HP 4.7L 8 Cylinder Engine Gasoline Fuel,A/T,Black,Black,At Least 1 Accident Or Damage Reported,Yes,9900.0,4.7,8.0,13,0.0669,10571.0,1,1,0,1.924
Gmc,Sierra 1500 Sle,2014,100080.0,E85 Flex Fuel,285.0HP 4.3L V6 Cylinder Engine Flex Fuel Capability,6-Speed A/T,White,Gray,None Reported,Yes,22989.0,4.3,6.0,10,0.2297,9098.0,0,0,0,1.0008
Dodge,Challenger Srt Demon,2018,2620.0,Gasoline,808.0HP 6.2L 8 Cylinder Engine Gasoline Fuel,8-Speed A/T,Black,Black,Unknown,Unknown,155700.0,6.2,8.0,6,59.4048,374.0,0,0,0,0.0157
Bmw,X5 Phev Xdrive45E,2023,3099.0,Plug-In Hybrid,389.0HP 3.0L Straight 6 Cylinder Engine Plug-In Electric/Gas,8-Speed A/T,Black,Black,None Reported,Yes,74995.0,3.0,6.0,1,24.1919,1550.0,1,0,1,0.0031
Dodge,Durango R/T,2020,78000.0,Gasoline,360.0HP 5.7L 8 Cylinder Engine Gasoline Fuel,8-Speed A/T,Black,Red,At Least 1 Accident Or Damage Reported,Yes,29500.0,5.7,8.0,4,0.3782,15600.0,0,1,0,0.312
Ford,Bronco Sport Big Bend,2022,16700.0,Gasoline,181.0HP 1.5L 3 Cylinder Engine Gasoline Fuel,8-Speed A/T,Blue,Black,None Reported,Yes,31000.0,1.5,3.0,2,1.8562,5567.0,0,0,0,0.0334
Honda,Civic Lx,2015,51300.0,Gasoline,143.0HP 1.8L 4 Cylinder Engine Gasoline Fuel,5-Speed M/T,Black,Black,None Reported,Yes,17500.0,1.8,4.0,9,0.3411,5130.0,0,0,0,0.4617
Ford,Shelby Gt350 Base,2018,8237.0,Gasoline,526.0HP 5.2L 8 Cylinder Engine Gasoline Fuel,6-Speed M/T,Gray,Black,None Reported,Yes,62900.0,5.2,8.0,6,7.6353,1177.0,0,0,0,0.0494
Volkswagen,Jetta S,2010,99000.0,Gasoline,170.0HP 2.5L 5 Cylinder Engine Gasoline Fuel,A/T,Gray,Black,At Least 1 Accident Or Damage Reported,Yes,6000.0,2.5,5.0,14,0.0606,6600.0,0,1,0,1.386
Mazda,Cx-5 Grand Touring,2021,62377.0,Gasoline,2.5L I4 16V,6-Speed Automatic,Jet Black Mica,Black,None Reported,Yes,26288.0,2.5,,3,0.4214,15594.0,0,0,0,0.1871
Jeep,Wrangler Rubicon,2009,130000.0,Gasoline,202.0HP 3.8L V6 Cylinder Engine Gasoline Fuel,6-Speed M/T,Black,Gray,None Reported,Yes,15500.0,3.8,6.0,15,0.1192,8125.0,0,0,0,1.95
Ford,F-250 Xlt,2016,94300.0,E85 Flex Fuel,385.0HP 6.2L 8 Cylinder Engine Flex Fuel Capability,6-Speed A/T,Silver,Gray,At Least 1 Accident Or Damage Reported,Yes,28999.0,6.2,8.0,8,0.3075,10478.0,0,1,0,0.7544
Tesla,Model Y Performance,2022,24115.0,Gasoline,455.0HP Electric Motor Electric Fuel System,A/T,Gray,White,None Reported,Yes,46500.0,,,2,1.9282,8038.0,0,0,0,0.0482
Bmw,528 I,2016,82000.0,Gasoline,240.0HP 2.0L 4 Cylinder Engine Gasoline Fuel,8-Speed A/T,Silver,Black,At Least 1 Accident Or Damage Reported,Yes,16995.0,2.0,4.0,8,0.2073,9111.0,1,1,0,0.656
Kia,Rio S,2021,67686.0,Gasoline,120.0HP 1.6L 4 Cylinder Engine Gasoline Fuel,A/T,Silver,Black,None Reported,Yes,15700.0,1.6,4.0,3,0.232,16922.0,0,0,0,0.2031
Tesla,Model S 85,2014,96800.0,Gasoline,362.0HP Electric Motor Electric Fuel System,A/T,Blue,Black,None Reported,Yes,28450.0,,,10,0.2939,8800.0,0,0,0,0.968
Jeep,Wrangler Sport,1997,131000.0,Gasoline,181.0HP 4.0L Straight 6 Cylinder Engine Gasoline Fuel,5-Speed M/T,Green,Gray,At Least 1 Accident Or Damage Reported,Yes,5500.0,4.0,6.0,27,0.042,4679.0,0,1,0,3.537
Tesla,Model 3 Standard Range,2020,23097.0,Gasoline,271.0HP Electric Motor Electric Fuel System,A/T,Black,Black,None Reported,Yes,29900.0,,,4,1.2945,4619.0,0,0,0,0.0924
Ferrari,Gtc4Lusso T,2018,31000.0,Gasoline,602.0HP 3.9L 8 Cylinder Engine Gasoline Fuel,A/T,White,Red,None Reported,Yes,197499.0,3.9,8.0,6,6.3707,4429.0,0,0,0,0.186
Bmw,X5 M50I,2021,28898.0,Gasoline,523.0HP 4.4L 8 Cylinder Engine Gasoline Fuel,A/T,Black,Orange,None Reported,Yes,71000.0,4.4,8.0,3,2.4568,7224.0,1,0,0,0.0867
Mazda,Mx-5 Miata Rf Club,2022,7250.0,Gasoline,181.0HP 2.0L 4 Cylinder Engine Gasoline Fuel,6-Speed M/T,Gray,Black,None Reported,Yes,35619.0,2.0,4.0,2,4.9123,2417.0,0,0,0,0.0145
Ford,F-250 Xlt,2014,59459.0,Diesel,400.0HP 6.7L 8 Cylinder Engine Diesel Fuel,6-Speed A/T,Black,Silver,At Least 1 Accident Or Damage Reported,Yes,40999.0,6.7,8.0,10,0.6895,5405.0,0,1,0,0.5946
Jeep,Wrangler Sahara,2012,78000.0,Gasoline,285.0HP 3.6L V6 Cylinder Engine Gasoline Fuel,5-Speed A/T,Beige,Black,At Least 1 Accident Or Damage Reported,Yes,22000.0,3.6,6.0,12,0.282,6000.0,0,1,0,0.936
Ram,1500 Laramie,2021,24213.0,Gasoline,395.0HP 5.7L 8 Cylinder Engine Gasoline Fuel,8-Speed A/T,White,Black,None Reported,Yes,46500.0,5.7,8.0,3,1.9204,6053.0,0,0,0,0.0726
Ram,1500 Laramie,2020,21165.0,Gasoline,5.7L V8 16V MPFI OHV,8-Speed Automatic,Bright White Clearcoat,Black,None Reported,Unknown,46105.0,5.7,,4,2.1783,4233.0,0,0,0,0.0847
Gmc,Yukon Denali,2016,107750.0,Gasoline,420.0HP 6.2L 8 Cylinder Engine Gasoline Fuel,8-Speed A/T,Black,Black,None Reported,Yes,35500.0,6.2,8.0,8,0.3295,11972.0,0,0,0,0.862
Ford,F-150 Lariat,2016,117000.0,Gasoline,365.0HP 3.5L V6 Cylinder Engine Gasoline Fuel,A/T,White,Black,None Reported,Yes,26500.0,3.5,6.0,8,0.2265,13000.0,0,0,0,0.936
Chevrolet,Corvette Base,2006,39132.0,Gasoline,400.0HP 6.0L 8 Cylinder Engine Gasoline Fuel,Transmission W/Dual Shift Mode,Red,Beige,None Reported,Yes,35000.0,6.0,8.0,18,0.8944,2060.0,0,0,0,0.7044
Bmw,Z4 2.5I,2004,94500.0,Gasoline,184.0HP 2.5L Straight 6 Cylinder Engine Gasoline Fuel,5-Speed M/T,Gray,Black,None Reported,Yes,9000.0,2.5,6.0,20,0.0952,4500.0,1,0,0,1.89
Subaru,Crosstrek 2.0I Premium,2017,50011.0,Gasoline,148.0HP 2.0L 4 Cylinder Engine Gasoline Fuel,A/T,Red,Beige,At Least 1 Accident Or Damage Reported,Yes,21495.0,2.0,4.0,7,0.4298,6251.0,0,1,0,0.3501
Lexus,Gx 470 Base,2004,215000.0,Gasoline,235.0HP 4.7L 8 Cylinder Engine Gasoline Fuel,5-Speed A/T,White,Beige,At Least 1 Accident Or Damage Reported,Yes,7350.0,4.7,8.0,20,0.0342,10238.0,1,1,0,4.3
Ram,1500 Laramie,2022,16616.0,Gasoline,5.7L V8 16V MPFI OHV,8-Speed Automatic,Diamond Black,Black,None Reported,Unknown,45999.0,5.7,,2,2.7682,5539.0,0,0,0,0.0332
Ford,F-150 Xlt,2022,33818.0,Gasoline,5.0L V8 32V PDI DOHC,Automatic,Agate Black Metallic,Black,None Reported,Yes,46552.0,5.0,,2,1.3765,11273.0,0,0,0,0.0676
Jeep,Wagoneer Series Iii,2022,9099.0,Gasoline,5.7L V8 16V MPFI OHV,8-Speed Automatic,Velvet Red Pearlcoat,Global Black,None Reported,Yes,68362.0,5.7,,2,7.5123,3033.0,0,0,0,0.0182
Volkswagen,Gti Base,2008,95798.0,Gasoline,200.0HP 2.0L 4 Cylinder Engine Gasoline Fuel,6-Speed M/T,White,Black,None Reported,Yes,9850.0,2.0,4.0,16,0.1028,5635.0,0,0,0,1.5328
Mercedes-Benz,Amg Gle Amg Gle 63 S-Model 4Matic,2016,35943.0,Gasoline,577.0HP 5.5L 8 Cylinder Engine Gasoline Fuel,7-Speed A/T,Black,White,None Reported,Yes,51700.0,5.5,8.0,8,1.4383,3994.0,1,0,0,0.2875
Mazda,Mazda6 Isport Ve,2008,106000.0,Gasoline,156.0HP 2.3L 4 Cylinder Engine Gasoline Fuel,5-Speed A/T,Black,Beige,None Reported,Yes,4300.0,2.3,4.0,16,0.0406,6235.0,0,0,0,1.696
Kia,Telluride Ex X-Line,2023,10400.0,Gasoline,291.0HP 3.8L V6 Cylinder Engine Gasoline Fuel,8-Speed A/T,Green,Green,None Reported,Yes,48000.0,3.8,6.0,1,4.6149,5200.0,0,0,0,0.0104
Chevrolet,Tahoe Lt,2022,2894.0,Gasoline,355.0HP 5.3L 8 Cylinder Engine Gasoline Fuel,10-Speed A/T,Blue,Beige,None Reported,Yes,63900.0,5.3,8.0,2,22.0725,965.0,0,0,0,0.0058
Dodge,Durango Gt,2022,15592.0,Gasoline,3.6L V6 24V MPFI DOHC,8-Speed Automatic,Db Black Clearcoat,Black,None Reported,Yes,39985.0,3.6,,2,2.5643,5197.0,0,0,0,0.0312
Mercedes-Benz,Amg C 63 Base,2020,33548.0,Gasoline,469.0HP 4.0L 8 Cylinder Engine Gasoline Fuel,9-Speed A/T,Silver,Black,None Reported,Yes,57999.0,4.0,8.0,4,1.7288,6710.0,1,0,0,0.1342
Bmw,320 I Xdrive,2016,185000.0,Gasoline,180.0HP 2.0L 4 Cylinder Engine Gasoline Fuel,8-Speed A/T,Black,Beige,At Least 1 Accident Or Damage Reported,Yes,7500.0,2.0,4.0,8,0.0405,20556.0,1,1,0,1.48
Porsche,Macan Gts,2023,6483.0,Gasoline,2.9L V6 24V GDI DOHC Twin Turbo,7-Speed Automatic With Auto-Shift,Chalk,Black,None Reported,Unknown,96900.0,2.9,,1,14.9445,3242.0,1,0,0,0.0065
Honda,Pilot Ex-L,2020,28886.0,Gasoline,3.5L V6 24V GDI SOHC,6-Speed Automatic,Gray,Gray,Unknown,Unknown,35645.0,3.5,,4,1.2339,5777.0,0,0,0,0.1155
Mercedes-Benz,Gle 350 Base,2020,26293.0,Gasoline,2.0 Liter Turbo,Automatic,Designo Diamond White Bright,Macchiato/Magmagrey,None Reported,Unknown,49998.0,,,4,1.9015,5259.0,1,0,0,0.1052
Chevrolet,Camaro 2Ss,2017,62000.0,Gasoline,455.0HP 6.2L 8 Cylinder Engine Gasoline Fuel,Transmission W/Dual Shift Mode,Blue,Black,None Reported,Yes,34500.0,6.2,8.0,7,0.5564,7750.0,0,0,0,0.434
Jaguar,Xf 35T Prestige,2017,101453.0,Gasoline,340.0HP 3.0L V6 Cylinder Engine Gasoline Fuel,A/T,White,Beige,At Least 1 Accident Or Damage Reported,Yes,18500.0,3.0,6.0,7,0.1823,12682.0,0,1,0,0.7102
Ram,3500 Laramie,2013,106385.0,Diesel,385.0HP 6.7L Straight 6 Cylinder Engine Diesel Fuel,6-Speed A/T,White,Black,At Least 1 Accident Or Damage Reported,Yes,42900.0,6.7,6.0,11,0.4032,8865.0,0,1,0,1.1702
Bmw,335 Is,2012,86629.0,Gasoline,320.0HP 3.0L Straight 6 Cylinder Engine Gasoline Fuel,7-Speed A/T,White,Red,None Reported,Yes,20995.0,3.0,6.0,12,0.2424,6664.0,1,0,0,1.0395
Audi,S6 4.0T Premium Plus,2018,61258.0,Gasoline,450.0HP 4.0L 8 Cylinder Engine Gasoline Fuel,7-Speed A/T,White,Black,None Reported,Yes,49999.0,4.0,8.0,6,0.8162,8751.0,1,0,0,0.3675
Chrysler,300 S,2014,121500.0,Gasoline,363.0HP 5.7L 8 Cylinder Engine Gasoline Fuel,5-Speed A/T,Blue,Black,None Reported,Yes,15999.0,5.7,8.0,10,0.1317,11045.0,0,0,0,1.215
Gmc,Sierra 1500 At4,2022,100.0,Diesel,277.0HP 3.0L Straight 6 Cylinder Engine Diesel Fuel,10-Speed A/T,White,Black,None Reported,Yes,62499.0,3.0,6.0,2,618.802,33.0,0,0,0,0.0002
Chrysler,200 C,2015,170000.0,E85 Flex Fuel,295.0HP 3.6L V6 Cylinder Engine Flex Fuel Capability,9-Speed A/T,Silver,Black,At Least 1 Accident Or Damage Reported,Yes,5995.0,3.6,6.0,9,0.0353,17000.0,0,1,0,1.53
Ford,F-150 Xlt Supercab,2010,223089.60000000012,Gasoline,292.0HP 4.6L 8 Cylinder Engine Gasoline Fuel,A/T,Blue,Gray,None Reported,Yes,3000.0,4.6,8.0,14,0.0134,14873.0,0,0,0,3.1233
Mini,Cooper S Base,2006,95000.0,Gasoline,168.0HP 1.6L 4 Cylinder Engine Gasoline Fuel,6-Speed M/T,Gray,–,None Reported,Yes,12500.0,1.6,4.0,18,0.1316,5000.0,0,0,0,1.71
Toyota,Venza Xle,2013,103466.0,Gasoline,268.0HP 3.5L V6 Cylinder Engine Gasoline Fuel,A/T,White,Gray,At Least 1 Accident Or Damage Reported,Yes,14200.0,3.5,6.0,11,0.1372,8622.0,0,1,0,1.1381
Toyota,Camry Hybrid Base,2011,133121.0,Hybrid,147.0HP 2.4L 4 Cylinder Engine Gas/Electric Hybrid,A/T,White,White,At Least 1 Accident Or Damage Reported,Yes,7900.0,2.4,4.0,13,0.0593,9509.0,0,1,1,1.7306
Chevrolet,Tahoe Lt,2012,162731.0,E85 Flex Fuel,320.0HP 5.3L 8 Cylinder Engine Flex Fuel Capability,A/T,Brown,Gray,None Reported,Yes,14500.0,5.3,8.0,12,0.0891,12518.0,0,0,0,1.9528
Mercedes-Benz,Cls-Class Cls 63 Amg S-Model 4Matic,2014,64500.0,Gasoline,577.0HP 5.5L 8 Cylinder Engine Gasoline Fuel,7-Speed A/T,Silver,Black,Unknown,Unknown,37500.0,5.5,8.0,10,0.5814,5864.0,1,0,0,0.645
Ford,Shelby Gt500 Base,2021,568.0,Gasoline,760.0HP 5.2L 8 Cylinder Engine Gasoline Fuel,7-Speed A/T,Orange,Black,None Reported,Yes,90788.0,5.2,8.0,3,159.5571,142.0,0,0,0,0.0017
Lexus,Rx 300 4Wd,1999,223089.60000000012,Gasoline,220.0HP 3.0L V6 Cylinder Engine Gasoline Fuel,A/T,Red,Beige,At Least 1 Accident Or Damage Reported,Yes,3500.0,3.0,6.0,25,0.0157,8580.0,1,1,0,5.5772
Porsche,Macan S,2015,80300.0,Gasoline,340.0HP 3.0L V6 Cylinder Engine Gasoline Fuel,7-Speed A/T,Gray,Beige,None Reported,Yes,23999.0,3.0,6.0,9,0.2989,8030.0,1,0,0,0.7227
Ford,F-150 Xlt Supercab,2004,187000.0,Gasoline,300.0HP 5.4L 8 Cylinder Engine Gasoline Fuel,A/T,Beige,Beige,None Reported,Yes,6299.0,5.4,8.0,20,0.0337,8905.0,0,0,0,3.74
Subaru,Outback 2.5 I Special Edition,2009,181870.0,Gasoline,169.0HP 2.5L 4 Cylinder Engine Gasoline Fuel,A/T,Black,Black,None Reported,Yes,6500.0,2.5,4.0,15,0.0357,11367.0,0,0,0,2.728
Gmc,Sierra 2500 At4,2022,22600.0,Diesel,6.6L V8 32V DDI OHV Turbo Diesel,Automatic,Ebony Twilight Metallic,Jet Black,Unknown,Unknown,76740.0,6.6,,2,3.3954,7533.0,0,0,0,0.0452
Bmw,X5 Xdrive40I,2020,37000.0,Gasoline,335.0HP 3.0L Straight 6 Cylinder Engine Gasoline Fuel,8-Speed A/T,Black,Black,At Least 1 Accident Or Damage Reported,Yes,50000.0,3.0,6.0,4,1.3513,7400.0,1,1,0,0.148
Porsche,Taycan Base,2022,9728.0,Gasoline,375.0HP Electric Motor Electric Fuel System,A/T,White,Beige,None Reported,Yes,89000.0,,,2,9.1479,3243.0,1,0,0,0.0195
Lexus,Gx 470 Base,2006,152000.0,Gasoline,263.0HP 4.7L 8 Cylinder Engine Gasoline Fuel,A/T,Blue,Gray,At Least 1 Accident Or Damage Reported,Yes,13995.0,4.7,8.0,18,0.0921,8000.0,1,1,0,2.736
Ford,F-150 Heritage Xl Supercab Flareside,2004,60260.0,Gasoline,380.0HP 5.4L 8 Cylinder Engine Gasoline Fuel,4-Speed A/T,Blue,Gray,At Least 1 Accident Or Damage Reported,Yes,30500.0,5.4,8.0,20,0.5061,2870.0,0,1,0,1.2052
Mazda,Mazdaspeed Miata Mx-5 Base,2004,33362.0,Gasoline,178.0HP 1.8L 4 Cylinder Engine Gasoline Fuel,6-Speed M/T,Silver,Black,At Least 1 Accident Or Damage Reported,Yes,17599.0,1.8,4.0,20,0.5275,1589.0,0,1,0,0.6672
Gmc,Acadia Denali,2021,47907.0,Gasoline,3.6L V6 24V GDI DOHC,9-Speed Automatic,Ebony Twilight Metallic,Jet Black,None Reported,Yes,38436.0,3.6,,3,0.8023,11977.0,0,0,0,0.1437
Mercedes-Benz,Metris Base,2016,17340.0,Gasoline,208.0HP 2.0L 4 Cylinder Engine Gasoline Fuel,A/T,White,Black,None Reported,Yes,29000.0,2.0,4.0,8,1.6723,1927.0,1,0,0,0.1387
Cadillac,Deville Base,1994,85000.0,–,–,A/T,White,Blue,None Reported,Yes,7900.0,,,30,0.0929,2742.0,1,0,0,2.55
Ford,Expedition El Xlt,2011,195500.0,E85 Flex Fuel,310.0HP 5.4L 8 Cylinder Engine Flex Fuel Capability,6-Speed A/T,White,Beige,None Reported,Yes,8999.0,5.4,8.0,13,0.046,13964.0,0,0,0,2.5415
Chevrolet,Monte Carlo Ss,2000,74000.0,Gasoline,200.0HP 3.8L V6 Cylinder Engine Gasoline Fuel,4-Speed A/T,Red,–,None Reported,Yes,4700.0,3.8,6.0,24,0.0635,2960.0,0,0,0,1.776
Ram,1500 Big Horn,2015,140500.0,Gasoline,395.0HP 5.7L 8 Cylinder Engine Gasoline Fuel,8-Speed A/T,Red,Gray,At Least 1 Accident Or Damage Reported,Yes,14000.0,5.7,8.0,9,0.0996,14050.0,0,1,0,1.2645
Jeep,Commander Base,2006,212500.0,Gasoline,210.0HP 3.7L V6 Cylinder Engine Gasoline Fuel,A/T,Black,Gray,None Reported,Yes,6500.0,3.7,6.0,18,0.0306,11184.0,0,0,0,3.825
Lexus,Is-F Base,2010,77400.0,Gasoline,416.0HP 5.0L 8 Cylinder Engine Gasoline Fuel,8-Speed A/T,White,Red,At Least 1 Accident Or Damage Reported,Yes,34500.0,5.0,8.0,14,0.4457,5160.0,1,1,0,1.0836
Ford,Utility Police Interceptor Base,2017,118000.0,Gasoline,365.0HP 3.5L V6 Cylinder Engine Gasoline Fuel,6-Speed A/T,Black,Black,None Reported,Yes,15000.0,3.5,6.0,7,0.1271,14750.0,0,0,0,0.826
Cadillac,Escalade Esv Luxury,2016,146200.0,Gasoline,420.0HP 6.2L 8 Cylinder Engine Gasoline Fuel,8-Speed A/T,White,Beige,None Reported,Yes,24500.0,6.2,8.0,8,0.1676,16244.0,1,0,0,1.1696
Tesla,Model Y Performance,2020,39000.0,Gasoline,455.0HP Electric Motor Electric Fuel System,1-Speed A/T,Silver,Black,None Reported,Yes,43000.0,,,4,1.1025,7800.0,0,0,0,0.156
Chevrolet,Avalanche 1500 Ls,2005,130000.0,E85 Flex Fuel,295.0HP 5.3L 8 Cylinder Engine Flex Fuel Capability,A/T,Red,Gray,None Reported,Yes,7200.0,5.3,8.0,19,0.0554,6500.0,0,0,0,2.47
Ford,F-150 Lariat,2021,33080.0,Gasoline,325.0HP 2.7L V6 Cylinder Engine Gasoline Fuel,10-Speed A/T,White,Black,None Reported,Yes,47850.0,2.7,6.0,3,1.4464,8270.0,0,0,0,0.0992
Mercedes-Benz,Glb 250 Base 4Matic,2023,1219.0,Gasoline,2.0L I4 16V GDI DOHC Turbo,Automatic,Midnight Black,Classic Red,None Reported,Unknown,46479.0,2.0,,1,38.0975,610.0,1,0,0,0.0012
Jeep,Wrangler Sport,2016,41000.0,Gasoline,285.0HP 3.6L V6 Cylinder Engine Gasoline Fuel,5-Speed A/T,White,Black,None Reported,Yes,25000.0,3.6,6.0,8,0.6097,4556.0,0,0,0,0.328
Nissan,350Z Touring,2004,110897.0,Gasoline,287.0HP 3.5L V6 Cylinder Engine Gasoline Fuel,6-Speed M/T,Black,Orange,At Least 1 Accident Or Damage Reported,Yes,11500.0,3.5,6.0,20,0.1037,5281.0,0,1,0,2.2179
Chevrolet,Corvette Z06,2016,49000.0,Gasoline,650.0HP 6.2L 8 Cylinder Engine Gasoline Fuel,7-Speed M/T,Orange,–,None Reported,Yes,75000.0,6.2,8.0,8,1.5306,5444.0,0,0,0,0.392
Pontiac,Solstice Gxp,2007,47000.0,Gasoline,260.0HP 2.0L 4 Cylinder Engine Gasoline Fuel,5-Speed M/T,Black,Black,None Reported,Yes,13300.0,2.0,4.0,17,0.283,2611.0,0,0,0,0.799
Hyundai,Sonata Se,2018,57690.0,Gasoline,185.0HP 2.4L 4 Cylinder Engine Gasoline Fuel,A/T,Gray,Gray,At Least 1 Accident Or Damage Reported,Yes,15900.0,2.4,4.0,6,0.2756,8241.0,0,1,0,0.3461
Mercedes-Benz,Sls Amg Base,2012,17941.0,Gasoline,6.2L V8 32V MPFI DOHC,7-Speed Automatic With Auto-Shift,Iridium Silver Metallic,Red,None Reported,Yes,226000.0,6.2,,12,12.5961,1380.0,1,0,0,0.2153
Lincoln,Navigator Reserve,2018,54000.0,Gasoline,450.0HP 3.5L V6 Cylinder Engine Gasoline Fuel,10-Speed A/T,Brown,Orange,At Least 1 Accident Or Damage Reported,Yes,46500.0,3.5,6.0,6,0.8611,7714.0,1,1,0,0.324
Nissan,Maxima Sl,2007,101600.0,Gasoline,255.0HP 3.5L V6 Cylinder Engine Gasoline Fuel,A/T,Silver,Black,None Reported,Yes,6700.0,3.5,6.0,17,0.0659,5644.0,0,0,0,1.7272
Ford,Ranger Xlt,2021,89000.0,Gasoline,270.0HP 2.3L 4 Cylinder Engine Gasoline Fuel,10-Speed A/T,Black,Black,None Reported,Yes,34000.0,2.3,4.0,3,0.382,22250.0,0,0,0,0.267
Tesla,Model 3 Long Range,2021,18000.0,Gasoline,Electric Motor Electric Fuel System,A/T,Black,Black,None Reported,Yes,42500.0,,,3,2.361,4500.0,0,0,0,0.054
Jaguar,Xe 35T Premium,2017,55000.0,Gasoline,340.0HP 3.0L V6 Cylinder Engine Gasoline Fuel,A/T,Gray,Black,None Reported,Yes,25000.0,3.0,6.0,7,0.4545,6875.0,0,0,0,0.385
Lincoln,Mkz Reserve,2017,71964.0,Gasoline,240.0HP 2.0L 4 Cylinder Engine Gasoline Fuel,6-Speed A/T,Blue,Black,None Reported,Yes,18750.0,2.0,4.0,7,0.2605,8996.0,1,0,0,0.5037
Cadillac,Escalade Esv Platinum,2020,92000.0,Gasoline,420.0HP 6.2L 8 Cylinder Engine Gasoline Fuel,A/T,Black,Black,None Reported,Yes,50000.0,6.2,8.0,4,0.5435,18400.0,1,0,0,0.368
Ford,Fusion Se,2012,160000.0,E85 Flex Fuel,240.0HP 3.0L V6 Cylinder Engine Flex Fuel Capability,A/T,Gray,Black,None Reported,Yes,4500.0,3.0,6.0,12,0.0281,12308.0,0,0,0,1.92
Mercedes-Benz,E-Class E 350,2012,95816.0,Gasoline,302.0HP 3.5L V6 Cylinder Engine Gasoline Fuel,7-Speed A/T,White,Beige,None Reported,Yes,12000.0,3.5,6.0,12,0.1252,7370.0,1,0,0,1.1498
Jeep,Wrangler Unlimited Sport,2014,132600.0,Gasoline,285.0HP 3.6L V6 Cylinder Engine Gasoline Fuel,5-Speed A/T,White,–,At Least 1 Accident Or Damage Reported,Yes,17000.0,3.6,6.0,10,0.1282,12055.0,0,1,0,1.326
Cadillac,Deville Base,1994,47000.0,–,–,A/T,White,Blue,None Reported,Yes,5990.0,,,30,0.1274,1516.0,1,0,0,1.41
Jeep,Wrangler Sport,2010,149460.0,Gasoline,202.0HP 3.8L V6 Cylinder Engine Gasoline Fuel,4-Speed A/T,Black,Black,None Reported,Yes,10700.0,3.8,6.0,14,0.0716,9964.0,0,0,0,2.0924
Jeep,Wrangler Sport,2011,109646.0,Gasoline,3.8L V6 12V MPFI OHV,4-Speed Automatic,Mango Tango Pearlcoat,Black,None Reported,Unknown,16998.0,3.8,,13,0.155,7832.0,0,0,0,1.4254
Acura,Mdx 3.5L W/Technology Package,2019,90605.0,Gasoline,3.5 Liter,Automatic,White,Parchment,None Reported,Unknown,27698.0,,,5,0.3057,15101.0,0,0,0,0.453
Volkswagen,Jetta 1.4T S,2019,59000.0,Gasoline,147.0HP 1.4L 4 Cylinder Engine Gasoline Fuel,A/T,Gray,Black,None Reported,Yes,17000.0,1.4,4.0,5,0.2881,9833.0,0,0,0,0.295
Chevrolet,Camaro Z28,2002,48000.0,Gasoline,310.0HP 5.7L 8 Cylinder Engine Gasoline Fuel,A/T,White,Black,None Reported,Yes,21999.0,5.7,8.0,22,0.4583,2087.0,0,0,0,1.056
Chevrolet,Corvette Z06,2016,41500.0,Gasoline,650.0HP 6.2L 8 Cylinder Engine Gasoline Fuel,7-Speed M/T,White,Black,None Reported,Yes,66000.0,6.2,8.0,8,1.5903,4611.0,0,0,0,0.332
Porsche,Cayman R,2012,54000.0,Gasoline,330.0HP 3.4L Flat 6 Cylinder Engine Gasoline Fuel,7-Speed A/T,Black,Gray,None Reported,Yes,75000.0,3.4,6.0,12,1.3889,4154.0,1,0,0,0.648
Porsche,Cayenne Base,2018,70455.0,Gasoline,300.0HP 3.6L V6 Cylinder Engine Gasoline Fuel,8-Speed A/T,White,Black,None Reported,Yes,45855.0,3.6,6.0,6,0.6508,10065.0,1,0,0,0.4227
Subaru,Crosstrek 2.0I Limited,2018,84054.0,Gasoline,152.0HP 2.0L 4 Cylinder Engine Gasoline Fuel,Cvt Transmission,Gray,Black,None Reported,Yes,21499.0,2.0,4.0,6,0.2558,12008.0,0,0,0,0.5043
Bmw,750 Li,2007,114528.0,Gasoline,360.0HP 4.8L 8 Cylinder Engine Gasoline Fuel,A/T,Black,Black,None Reported,Yes,9000.0,4.8,8.0,17,0.0786,6363.0,1,0,0,1.947
Jeep,Wrangler Sahara,2013,111850.0,Gasoline,285.0HP 3.6L V6 Cylinder Engine Gasoline Fuel,A/T,Red,Black,At Least 1 Accident Or Damage Reported,Yes,26500.0,3.6,6.0,11,0.2369,9321.0,0,1,0,1.2304
Gmc,Sierra 2500 At4,2020,52673.0,Diesel,445.0HP 6.6L 8 Cylinder Engine Diesel Fuel,6-Speed A/T,Black,Beige,None Reported,Yes,69500.0,6.6,8.0,4,1.3194,10535.0,0,0,0,0.2107
Bmw,X3 M Awd,2021,31500.0,Gasoline,473.0HP 3.0L Straight 6 Cylinder Engine Gasoline Fuel,8-Speed A/T,Black,Black,None Reported,Yes,54500.0,3.0,6.0,3,1.7301,7875.0,1,0,0,0.0945
Bmw,335 I,2011,73000.0,Gasoline,300.0HP 3.0L Straight 6 Cylinder Engine Gasoline Fuel,Transmission W/Dual Shift Mode,Red,Beige,None Reported,Yes,16000.0,3.0,6.0,13,0.2192,5214.0,1,0,0,0.949
Jeep,Wrangler Unlimited Sahara,2019,59692.0,Gasoline,285.0HP 3.6L V6 Cylinder Engine Gasoline Fuel,8-Speed A/T,Gray,Black,None Reported,Yes,35900.0,3.6,6.0,5,0.6014,9949.0,0,0,0,0.2985
Toyota,Corolla S Plus,2016,68364.0,Gasoline,132.0HP 1.8L 4 Cylinder Engine Gasoline Fuel,Transmission W/Dual Shift Mode,White,Black,None Reported,Yes,16000.0,1.8,4.0,8,0.234,7596.0,0,0,0,0.5469
Land,Rover Discovery Hse Luxury,2017,47200.0,Gasoline,340.0HP 3.0L V6 Cylinder Engine Gasoline Fuel,8-Speed A/T,Black,Beige,At Least 1 Accident Or Damage Reported,Yes,29000.0,3.0,6.0,7,0.6144,5900.0,0,1,0,0.3304
Mercedes-Benz,E-Class E 450 4Matic,2021,18000.0,Hybrid,362.0HP 3.0L Straight 6 Cylinder Engine Gasoline/Mild Electric Hybrid,9-Speed A/T,Gray,Black,At Least 1 Accident Or Damage Reported,Yes,62000.0,3.0,6.0,3,3.4443,4500.0,1,1,1,0.054
Ford,Fusion Hybrid Base,2012,158366.0,Hybrid,191.0HP 2.5L 4 Cylinder Engine Gas/Electric Hybrid,A/T,Gray,Black,At Least 1 Accident Or Damage Reported,Yes,8250.0,2.5,4.0,12,0.0521,12182.0,0,1,1,1.9004
Bmw,X1 Xdrive 28I,2017,49700.0,Gasoline,228.0HP 2.0L 4 Cylinder Engine Gasoline Fuel,8-Speed A/T,Blue,Black,None Reported,Yes,26000.0,2.0,4.0,7,0.5231,6212.0,1,0,0,0.3479
Gmc,Terrain Sle,2010,81500.0,Gasoline,182.0HP 2.4L 4 Cylinder Engine Gasoline Fuel,A/T,Brown,Gray,None Reported,Yes,12250.0,2.4,4.0,14,0.1503,5433.0,0,0,0,1.141
Bmw,I3 120Ah W/Range Extender,2019,16975.0,Gasoline,170.0HP 0.65L Electric Motor Electric Fuel System,A/T,Black,Black,None Reported,Yes,26990.0,0.65,,5,1.5899,2829.0,1,0,0,0.0849
Porsche,911 Gt3,2018,5989.0,Gasoline,"4L H-6 gasoline direct injection, DOHC, VarioCam Plus variable v","Manual, 6-Spd",Gt Silver,Black,None Reported,Unknown,209000.0,4.0,,6,34.8915,856.0,1,0,0,0.0359
Ford,Mustang Svt Cobra,2003,16100.0,Gasoline,390.0HP 4.6L 8 Cylinder Engine Gasoline Fuel,M/T,Red,Beige,None Reported,Yes,35500.0,4.6,8.0,21,2.2048,732.0,0,0,0,0.3381
Land,Rover Range Rover Supercharged Lwb,2020,54225.0,Gasoline,518.0HP 5.0L 8 Cylinder Engine Gasoline Fuel,A/T,White,White,None Reported,Yes,67500.0,5.0,8.0,4,1.2448,10845.0,0,0,0,0.2169
Ram,2500 Big Horn,2016,89500.0,Gasoline,410.0HP 6.4L 8 Cylinder Engine Gasoline Fuel,A/T,Black,Gray,None Reported,Yes,35000.0,6.4,8.0,8,0.3911,9944.0,0,0,0,0.716
Ford,E250 Cargo,2013,87501.0,E85 Flex Fuel,225.0HP 4.6L 8 Cylinder Engine Flex Fuel Capability,4-Speed A/T,White,Gray,At Least 1 Accident Or Damage Reported,Yes,17777.0,4.6,8.0,11,0.2032,7292.0,0,1,0,0.9625
Mini,Countryman Cooper S All4,2018,12370.0,Gasoline,189.0HP 2.0L 4 Cylinder Engine Gasoline Fuel,8-Speed A/T,Blue,Black,None Reported,Yes,28900.0,2.0,4.0,6,2.3361,1767.0,0,0,0,0.0742
Ram,1500 Classic Tradesman,2019,12466.0,Gasoline,395.0HP 5.7L 8 Cylinder Engine Gasoline Fuel,8-Speed A/T,Gray,Gray,None Reported,Yes,28995.0,5.7,8.0,5,2.3257,2078.0,0,0,0,0.0623
Volvo,C70 T5,2011,199000.0,Gasoline,227.0HP 2.5L 5 Cylinder Engine Gasoline Fuel,Transmission W/Dual Shift Mode,Red,Beige,At Least 1 Accident Or Damage Reported,Yes,5500.0,2.5,5.0,13,0.0276,14214.0,0,1,0,2.587
Mercedes-Benz,Sl-Class Sl600 Roadster,2007,78200.0,Gasoline,510.0HP 5.5L 12 Cylinder Engine Gasoline Fuel,5-Speed A/T,Black,Brown,At Least 1 Accident Or Damage Reported,Yes,22999.0,5.5,12.0,17,0.2941,4344.0,1,1,0,1.3294
Toyota,Camry Hybrid Xle,2018,22000.0,Hybrid,208.0HP 2.5L 4 Cylinder Engine Gas/Electric Hybrid,A/T,White,Beige,None Reported,Yes,29500.0,2.5,4.0,6,1.3408,3143.0,0,0,1,0.132
Gmc,Acadia Sle-2,2016,100795.0,Gasoline,3.6L V6 24V GDI DOHC,6-Speed Automatic,White Frost Tri-Coat,Ebony,At Least 1 Accident Or Damage Reported,Yes,12995.0,3.6,,8,0.1289,11199.0,0,1,0,0.8064
Chevrolet,Impala 1Lt,2019,99941.0,Gasoline,3.6L V6 24V GDI DOHC,6-Speed Automatic,Silver Ice Metallic,Jet Black,None Reported,Yes,17816.0,3.6,,5,0.1783,16657.0,0,0,0,0.4997
Jeep,Grand Cherokee L Laredo,2021,23588.0,Gasoline,3.6L V6 24V MPFI DOHC,8-Speed Automatic,Metallic,Global Black,Unknown,Unknown,38633.0,3.6,,3,1.6378,5897.0,0,0,0,0.0708
Jeep,Liberty Sport,2003,103000.0,Gasoline,210.0HP 3.7L V6 Cylinder Engine Gasoline Fuel,A/T,Black,Gray,None Reported,Yes,5200.0,3.7,6.0,21,0.0505,4682.0,0,0,0,2.163
Jaguar,Xf Luxury,2009,91491.0,Gasoline,300.0HP 4.2L 8 Cylinder Engine Gasoline Fuel,6-Speed A/T,Blue,Beige,None Reported,Yes,7000.0,4.2,8.0,15,0.0765,5718.0,0,0,0,1.3724
Honda,Civic Sport,2020,23131.0,Gasoline,2.0L I4 16V MPFI DOHC,Automatic Cvt,Crystal Black Pearl,Black,At Least 1 Accident Or Damage Reported,Unknown,23739.0,2.0,,4,1.0262,4626.0,0,1,0,0.0925
Subaru,Outback 2.5I Premium,2019,77000.0,Gasoline,175.0HP 2.5L 4 Cylinder Engine Gasoline Fuel,Cvt Transmission,Gray,Gray,At Least 1 Accident Or Damage Reported,Yes,18749.0,2.5,4.0,5,0.2435,12833.0,0,1,0,0.385
Land,Rover Range Rover Sport Hse Dynamic,2019,20500.0,Gasoline,380.0HP 3.0L V6 Cylinder Engine Gasoline Fuel,A/T,White,White,None Reported,Yes,76000.0,3.0,6.0,5,3.7071,3417.0,0,0,0,0.1025
Tesla,Model Y Long Range,2022,500.0,Gasoline,425.0HP Electric Motor Electric Fuel System,A/T,White,Black,None Reported,Yes,45900.0,,,2,91.6168,167.0,0,0,0,0.001
Lexus,Es 350 Base,2019,49810.0,Gasoline,302.0HP 3.5L V6 Cylinder Engine Gasoline Fuel,8-Speed A/T,Gray,Black,At Least 1 Accident Or Damage Reported,Yes,33900.0,3.5,6.0,5,0.6806,8302.0,1,1,0,0.249
Honda,Cr-V Touring,2022,20229.0,Gasoline,1.5L I4 16V GDI DOHC Turbo,Automatic Cvt,Black,Black,None Reported,Unknown,36727.0,1.5,,2,1.8155,6743.0,0,0,0,0.0405
Alfa,Romeo Giulia Quadrifoglio,2021,10558.0,Gasoline,505.0HP 2.9L V6 Cylinder Engine Gasoline Fuel,8-Speed A/T,White,Black,None Reported,Yes,75000.0,2.9,6.0,3,7.1029,2640.0,0,0,0,0.0317
Bmw,330 I,2005,59300.0,Gasoline,225.0HP 3.0L Straight 6 Cylinder Engine Gasoline Fuel,M/T,Red,Black,None Reported,Yes,30900.0,3.0,6.0,19,0.5211,2965.0,1,0,0,1.1267
Maybach,Type 57 Base,2004,34254.0,Gasoline,543.0HP 5.5L 12 Cylinder Engine Gasoline Fuel,5-Speed A/T,Brown,–,None Reported,Yes,64250.0,5.5,12.0,20,1.8756,1631.0,0,0,0,0.6851
Lexus,Es 250 Base,2021,24364.0,Gasoline,2.5 Liter,Automatic,Eminent White Pearl,Chateau,None Reported,Unknown,37998.0,,,3,1.5595,6091.0,1,0,0,0.0731
Mercedes-Benz,Sprinter 2500,2016,139200.0,Diesel,161.0HP 2.1L 4 Cylinder Engine Diesel Fuel,A/T,White,Black,At Least 1 Accident Or Damage Reported,Yes,22000.0,2.1,4.0,8,0.158,15467.0,1,1,0,1.1136
Mercedes-Benz,E-Class E 350,2012,82046.0,Gasoline,302.0HP 3.5L V6 Cylinder Engine Gasoline Fuel,7-Speed A/T,Black,Beige,None Reported,Yes,13999.0,3.5,6.0,12,0.1706,6311.0,1,0,0,0.9846
Dodge,Dakota Sport,1997,223089.60000000012,Gasoline,230.0HP 5.2L 8 Cylinder Engine Gasoline Fuel,4-Speed A/T,White,Gray,None Reported,Yes,6399.0,5.2,8.0,27,0.0287,7967.0,0,0,0,6.0234
Ram,1500 Tradesman/Express,2017,26269.0,E85 Flex Fuel,3.6L V6 24V MPFI DOHC Flexible Fuel,8-Speed Automatic,Bright White Clearcoat,Black,At Least 1 Accident Or Damage Reported,Unknown,25307.0,3.6,,7,0.9633,3284.0,0,1,0,0.1839
Mazda,Cx-9 Touring,2016,127131.0,Gasoline,227.0HP 2.5L 4 Cylinder Engine Gasoline Fuel,A/T,Brown,–,At Least 1 Accident Or Damage Reported,Yes,16770.0,2.5,4.0,8,0.1319,14126.0,0,1,0,1.017
Porsche,911 Turbo S,2019,31000.0,Gasoline,580.0HP 3.8L Flat 6 Cylinder Engine Gasoline Fuel,Transmission W/Dual Shift Mode,White,Black,None Reported,Yes,179900.0,3.8,6.0,5,5.803,5167.0,1,0,0,0.155
Bmw,X3 Xdrive30I,2021,27000.0,Gasoline,248.0HP 2.0L 4 Cylinder Engine Gasoline Fuel,8-Speed A/T,Black,Brown,None Reported,Yes,38400.0,2.0,4.0,3,1.4222,6750.0,1,0,0,0.081
Jeep,Grand Cherokee Limited,2015,93400.0,E85 Flex Fuel,290.0HP 3.6L V6 Cylinder Engine Flex Fuel Capability,A/T,White,Black,None Reported,Yes,18900.0,3.6,6.0,9,0.2024,9340.0,0,0,0,0.8406
Bmw,X7 Xdrive40I,2021,9200.0,Hybrid,335.0HP 3.0L Straight 6 Cylinder Engine Gasoline/Mild Electric Hybrid,8-Speed A/T,White,Brown,At Least 1 Accident Or Damage Reported,Yes,71200.0,3.0,6.0,3,7.7383,2300.0,1,1,1,0.0276
Mercedes-Benz,Sl-Class Sl 550,2014,76850.0,Gasoline,429.0HP 4.7L 8 Cylinder Engine Gasoline Fuel,7-Speed A/T,Brown,Beige,At Least 1 Accident Or Damage Reported,Yes,32999.0,4.7,8.0,10,0.4294,6986.0,1,1,0,0.7685
Bentley,Continental Gt W12,2016,61160.0,Gasoline,582.0HP 6.0L 12 Cylinder Engine Gasoline Fuel,A/T,Black,Black,At Least 1 Accident Or Damage Reported,Yes,98000.0,6.0,12.0,8,1.6023,6796.0,0,1,0,0.4893
Jeep,Wrangler Unlimited,2005,146000.0,Gasoline,190.0HP 4.0L Straight 6 Cylinder Engine Gasoline Fuel,A/T,Red,Black,At Least 1 Accident Or Damage Reported,Yes,15900.0,4.0,6.0,19,0.1089,7300.0,0,1,0,2.774
Tesla,Model S 100D,2017,38957.0,Gasoline,Electric Motor Electric Fuel System,1-Speed A/T,Silver,Beige,None Reported,Yes,46750.0,,,7,1.2,4870.0,0,0,0,0.2727
Volkswagen,Golf Sportwagen Tsi Se,2017,33850.0,Gasoline,170.0HP 1.8L 4 Cylinder Engine Gasoline Fuel,6-Speed A/T,Blue,Beige,None Reported,Yes,16500.0,1.8,4.0,7,0.4874,4231.0,0,0,0,0.237
Jeep,Wrangler Unlimited Sahara,2020,61830.0,Gasoline,2.0L I4 16V GDI DOHC Turbo,8-Speed Automatic,Granite Crystal Clearcoat Metallic,Black,At Least 1 Accident Or Damage Reported,Unknown,39860.0,2.0,,4,0.6447,12366.0,0,1,0,0.2473
Kia,Sorento Sxl,2017,108559.0,Gasoline,3.3L V6 24V GDI DOHC,6-Speed Automatic,Titanium Silver,Satin Black,None Reported,Unknown,15998.0,3.3,,7,0.1474,13570.0,0,0,0,0.7599
Lexus,Ls 430 Base,2006,192000.0,Gasoline,278.0HP 4.3L 8 Cylinder Engine Gasoline Fuel,6-Speed A/T,Silver,Gray,At Least 1 Accident Or Damage Reported,Yes,7390.0,4.3,8.0,18,0.0385,10105.0,1,1,0,3.456
Mercedes-Benz,E-Class E 350 4Matic,2014,83112.0,Gasoline,302.0HP 3.5L V6 Cylinder Engine Gasoline Fuel,7-Speed A/T,Black,Black,None Reported,Yes,15500.0,3.5,6.0,10,0.1865,7556.0,1,0,0,0.8311
Tesla,Model X 75D,2016,52000.0,Gasoline,518.0HP Electric Motor Electric Fuel System,A/T,Black,Beige,None Reported,Yes,52000.0,,,8,1.0,5778.0,0,0,0,0.416
Ram,1500 Rebel,2020,57300.0,Gasoline,395.0HP 5.7L 8 Cylinder Engine Gasoline Fuel,8-Speed A/T,Black,Black,None Reported,Yes,43500.0,5.7,8.0,4,0.7591,11460.0,0,0,0,0.2292
Mini,Cooper Base,2008,104500.0,Gasoline,118.0HP 1.6L 4 Cylinder Engine Gasoline Fuel,6-Speed A/T,Red,Black,At Least 1 Accident Or Damage Reported,Yes,4100.0,1.6,4.0,16,0.0392,6147.0,0,1,0,1.672
Jeep,Cherokee Sport,1996,170552.0,Gasoline,190.0HP 4.0L Straight 6 Cylinder Engine Gasoline Fuel,4-Speed A/T,Black,Gray,At Least 1 Accident Or Damage Reported,Yes,6500.0,4.0,6.0,28,0.0381,5881.0,0,1,0,4.7755
Ford,Mustang Gt Premium,2013,18000.0,Gasoline,412.0HP 5.0L 8 Cylinder Engine Gasoline Fuel,6-Speed A/T,Silver,Black,None Reported,Yes,29000.0,5.0,8.0,11,1.611,1500.0,0,0,0,0.198
Lincoln,Navigator Reserve,2019,39000.0,Gasoline,450.0HP 3.5L V6 Cylinder Engine Gasoline Fuel,10-Speed A/T,Black,Black,None Reported,Yes,51999.0,3.5,6.0,5,1.3333,6500.0,1,0,0,0.195
Jeep,Gladiator Rubicon,2020,38000.0,Gasoline,285.0HP 3.6L V6 Cylinder Engine Gasoline Fuel,8-Speed A/T,Black,Black,None Reported,Yes,45000.0,3.6,6.0,4,1.1842,7600.0,0,0,0,0.152
Porsche,Cayman Gt4,2016,15168.0,Gasoline,385.0HP 3.8L Flat 6 Cylinder Engine Gasoline Fuel,6-Speed M/T,White,Black,None Reported,Yes,115000.0,3.8,6.0,8,7.5813,1685.0,1,0,0,0.1213
Honda,Civic Ex,2012,167506.0,Gasoline,140.0HP 1.8L 4 Cylinder Engine Gasoline Fuel,A/T,Black,–,None Reported,Yes,6500.0,1.8,4.0,12,0.0388,12885.0,0,0,0,2.0101
Jeep,Grand Cherokee Laredo,2012,166000.0,E85 Flex Fuel,290.0HP 3.6L V6 Cylinder Engine Flex Fuel Capability,A/T,White,Gray,At Least 1 Accident Or Damage Reported,Yes,13000.0,3.6,6.0,12,0.0783,12769.0,0,1,0,1.992
Ford,Shelby Gt500 Base,2021,19200.0,Gasoline,760.0HP 5.2L 8 Cylinder Engine Gasoline Fuel,Transmission W/Dual Shift Mode,Black,Black,None Reported,Yes,82950.0,5.2,8.0,3,4.3201,4800.0,0,0,0,0.0576
Land,Rover Defender Se,2022,46000.0,Hybrid,395.0HP 3.0L Straight 6 Cylinder Engine Gasoline/Mild Electric Hybrid,8-Speed A/T,Green,Beige,None Reported,Yes,75000.0,3.0,6.0,2,1.6304,15333.0,0,0,1,0.092
Hummer,H3 Base,2007,201000.0,Gasoline,242.0HP 3.7L 5 Cylinder Engine Gasoline Fuel,A/T,White,Black,At Least 1 Accident Or Damage Reported,Yes,7200.0,3.7,5.0,17,0.0358,11167.0,0,1,0,3.417
Kia,Sportage Lx,2014,87000.0,Gasoline,182.0HP 2.4L 4 Cylinder Engine Gasoline Fuel,A/T,Black,Black,At Least 1 Accident Or Damage Reported,Yes,8900.0,2.4,4.0,10,0.1023,7909.0,0,1,0,0.87
Gmc,Yukon Xl 1500 Slt,2015,145000.0,Gasoline,355.0HP 5.3L 8 Cylinder Engine Gasoline Fuel,6-Speed A/T,White,Beige,None Reported,Yes,24950.0,5.3,8.0,9,0.1721,14500.0,0,0,0,1.305
Jeep,Wrangler Unlimited Sport,2020,33060.0,Gasoline,285.0HP 3.6L V6 Cylinder Engine Gasoline Fuel,8-Speed A/T,White,Black,None Reported,Yes,36500.0,3.6,6.0,4,1.104,6612.0,0,0,0,0.1322
Ford,Bronco Xlt,1995,195000.0,–,–,A/T,Blue,Gray,None Reported,Yes,15000.0,,,29,0.0769,6500.0,0,0,0,5.655
Tesla,Model S Long Range Plus,2021,10550.0,Gasoline,557.0HP Electric Motor Electric Fuel System,A/T,Gray,Black,None Reported,Yes,67800.0,,,3,6.4259,2638.0,0,0,0,0.0316
Audi,A6 3.0T Prestige,2014,89500.0,Gasoline,310.0HP 3.0L V6 Cylinder Engine Gasoline Fuel,Transmission W/Dual Shift Mode,Gray,Black,None Reported,Yes,18000.0,3.0,6.0,10,0.2011,8136.0,1,0,0,0.895
Jeep,Wrangler 80Th Anniversary,2021,27000.0,Hybrid,285.0HP 3.6L V6 Cylinder Engine Gasoline/Mild Electric Hybrid,8-Speed A/T,Red,Black,None Reported,Yes,37500.0,3.6,6.0,3,1.3888,6750.0,0,0,1,0.081
Jeep,Wrangler Sport,2010,87250.0,Gasoline,202.0HP 3.8L V6 Cylinder Engine Gasoline Fuel,6-Speed M/T,Blue,Black,None Reported,Yes,18500.0,3.8,6.0,14,0.212,5817.0,0,0,0,1.2215
Volkswagen,Cc 2.0T Sport,2016,76495.0,Gasoline,200.0HP 2.0L 4 Cylinder Engine Gasoline Fuel,A/T,White,Black,At Least 1 Accident Or Damage Reported,Yes,13000.0,2.0,4.0,8,0.1699,8499.0,0,1,0,0.612
Cadillac,Srx Luxury Collection,2016,70503.0,Gasoline,308.0HP 3.6L V6 Cylinder Engine Gasoline Fuel,6-Speed A/T,Silver,Beige,None Reported,Yes,15500.0,3.6,6.0,8,0.2198,7834.0,1,0,0,0.564
Porsche,Cayenne Turbo,2009,41965.0,Gasoline,500.0HP 4.8L 8 Cylinder Engine Gasoline Fuel,Transmission W/Dual Shift Mode,Black,Beige,At Least 1 Accident Or Damage Reported,Yes,35000.0,4.8,8.0,15,0.834,2623.0,1,1,0,0.6295
Toyota,4Runner 4Wd,1999,223089.60000000012,Gasoline,150.0HP 2.7L 4 Cylinder Engine Gasoline Fuel,5-Speed M/T,Silver,Beige,At Least 1 Accident Or Damage Reported,Yes,8000.0,2.7,4.0,25,0.0359,8580.0,0,1,0,5.5772
Mitsubishi,Eclipse Gt,2003,146000.0,Gasoline,200.0HP 3.0L V6 Cylinder Engine Gasoline Fuel,4-Speed A/T,Gray,Black,At Least 1 Accident Or Damage Reported,Yes,4200.0,3.0,6.0,21,0.0288,6636.0,0,1,0,3.066
Chevrolet,Corvette Stingray W/1Lt,2023,9000.0,Gasoline,490.0HP 6.2L 8 Cylinder Engine Gasoline Fuel,8-Speed A/T,White,White,None Reported,Yes,82500.0,6.2,8.0,1,9.1656,4500.0,0,0,0,0.009
Toyota,Gr86 Premium,2022,1050.0,Gasoline,228.0HP 2.4L 4 Cylinder Engine Gasoline Fuel,6-Speed A/T,Gray,Black,None Reported,Yes,40000.0,2.4,4.0,2,38.059,350.0,0,0,0,0.0021
Land,Rover Range Rover P525 Westminster,2021,22270.0,Gasoline,5.0L V8 32V GDI DOHC Supercharged,8-Speed Automatic,Gray,Ebony,None Reported,Unknown,89900.0,5.0,,3,4.0366,5568.0,0,0,0,0.0668
Ford,Mustang Gt Premium,2012,19900.0,Gasoline,412.0HP 5.0L 8 Cylinder Engine Gasoline Fuel,6-Speed A/T,White,Black,None Reported,Yes,26500.0,5.0,8.0,12,1.3316,1531.0,0,0,0,0.2388
Tesla,Model Y Long Range,2020,19800.0,Gasoline,425.0HP Electric Motor Electric Fuel System,1-Speed A/T,White,White,None Reported,Yes,44990.0,,,4,2.2721,3960.0,0,0,0,0.0792
Ram,1500 Sport,2012,113500.0,Gasoline,390.0HP 5.7L 8 Cylinder Engine Gasoline Fuel,A/T,Black,Black,None Reported,Yes,17900.0,5.7,8.0,12,0.1577,8731.0,0,0,0,1.362
Lamborghini,Gallardo Lp550-2,2013,22000.0,Gasoline,550.0HP 5.2L 10 Cylinder Engine Gasoline Fuel,6-Speed A/T,Black,Black,None Reported,Yes,150000.0,5.2,10.0,11,6.8179,1833.0,0,0,0,0.242
Infiniti,Q60 3.0T Red Sport 400,2022,3300.0,Gasoline,400.0HP 3.0L V6 Cylinder Engine Gasoline Fuel,Transmission W/Dual Shift Mode,Red,Black,None Reported,Yes,54000.0,3.0,6.0,2,16.3587,1100.0,0,0,0,0.0066
Volkswagen,E-Golf Se,2016,41615.0,Gasoline,115.0HP Electric Motor Electric Fuel System,1-Speed A/T,Blue,Gray,None Reported,Yes,12000.0,,,8,0.2884,4624.0,0,0,0,0.3329
Tesla,Model X Long Range,2022,11860.0,Gasoline,670.0HP Electric Motor Electric Fuel System,A/T,White,White,None Reported,Yes,92500.0,,,2,7.7987,3953.0,0,0,0,0.0237
Bmw,M5 Base,2015,27000.0,Gasoline,560.0HP 4.4L 8 Cylinder Engine Gasoline Fuel,7-Speed A/T,Black,Black,None Reported,Yes,52500.0,4.4,8.0,9,1.9444,2700.0,1,0,0,0.243
Kia,K5 Gt-Line,2022,22101.0,Gasoline,1.6L I4 16V GDI DOHC Turbo,8-Speed Automatic,Glacial White Pearl,Black,At Least 1 Accident Or Damage Reported,Yes,29430.0,1.6,,2,1.3316,7367.0,0,1,0,0.0442
Chevrolet,Caprice Classic Base,1996,60000.0,Gasoline,260.0HP 5.7L 8 Cylinder Engine Gasoline Fuel,A/T,Purple,Gray,Unknown,Unknown,18500.0,5.7,8.0,28,0.3083,2069.0,0,0,0,1.68
Subaru,Brz Limited,2013,46452.0,Gasoline,200.0HP 2.0L 4 Cylinder Engine Gasoline Fuel,6-Speed M/T,Gray,Black,None Reported,Yes,22888.0,2.0,4.0,11,0.4927,3871.0,0,0,0,0.511
Lincoln,Mkz Reserve I,2019,36000.0,Gasoline,245.0HP 2.0L 4 Cylinder Engine Gasoline Fuel,6-Speed A/T,White,Beige,None Reported,Yes,26500.0,2.0,4.0,5,0.7361,6000.0,1,0,0,0.18
Chevrolet,Corvette Grand Sport,2019,13100.0,Gasoline,460.0HP 6.2L 8 Cylinder Engine Gasoline Fuel,7-Speed M/T,Silver,Red,None Reported,Yes,61950.0,6.2,8.0,5,4.7286,2183.0,0,0,0,0.0655
Audi,Q5 2.0T Premium Plus,2019,50000.0,Gasoline,248.0HP 2.0L 4 Cylinder Engine Gasoline Fuel,7-Speed A/T,White,Beige,At Least 1 Accident Or Damage Reported,Yes,27000.0,2.0,4.0,5,0.54,8333.0,1,1,0,0.25
Mazda,Cx-9 Signature,2018,19500.0,Gasoline,227.0HP 2.5L 4 Cylinder Engine Gasoline Fuel,Transmission W/Dual Shift Mode,White,Brown,None Reported,Yes,32250.0,2.5,4.0,6,1.6538,2786.0,0,0,0,0.117
Ford,Mustang Gt,2016,36000.0,Gasoline,435.0HP 5.0L 8 Cylinder Engine Gasoline Fuel,6-Speed M/T,Orange,Black,At Least 1 Accident Or Damage Reported,Yes,31000.0,5.0,8.0,8,0.8611,4000.0,0,1,0,0.288
Rolls-Royce,Wraith Base,2016,21000.0,Gasoline,624.0HP 6.6L 12 Cylinder Engine Gasoline Fuel,A/T,Brown,Black,Unknown,Unknown,217000.0,6.6,12.0,8,10.3328,2333.0,0,0,0,0.168
Chevrolet,Camaro 1Ss,2022,6640.0,Gasoline,455.0HP 6.2L 8 Cylinder Engine Gasoline Fuel,A/T,Orange,Black,None Reported,Yes,51999.0,6.2,8.0,2,7.83,2213.0,0,0,0,0.0133
Bmw,X5 Xdrive35I,2016,74850.0,Gasoline,300.0HP 3.0L Straight 6 Cylinder Engine Gasoline Fuel,A/T,White,Brown,At Least 1 Accident Or Damage Reported,Yes,21900.0,3.0,6.0,8,0.2926,8317.0,1,1,0,0.5988
Nissan,Maxima Sv,2014,117000.0,Gasoline,290.0HP 3.5L V6 Cylinder Engine Gasoline Fuel,Transmission W/Dual Shift Mode,White,Black,At Least 1 Accident Or Damage Reported,Yes,10900.0,3.5,6.0,10,0.0932,10636.0,0,1,0,1.17
Toyota,Tundra Trd Pro,2016,51400.0,E85 Flex Fuel,381.0HP 5.7L 8 Cylinder Engine Flex Fuel Capability,6-Speed A/T,Black,Black,Unknown,Unknown,39900.0,5.7,8.0,8,0.7762,5711.0,0,0,0,0.4112
Infiniti,Qx60 Autograph,2022,6000.0,Gasoline,295.0HP 3.5L V6 Cylinder Engine Gasoline Fuel,9-Speed A/T,Gold,Brown,None Reported,Yes,57999.0,3.5,6.0,2,9.6649,2000.0,0,0,0,0.012
Mitsubishi,Lancer Evolution Mr,2006,128000.0,Gasoline,286.0HP 2.0L 4 Cylinder Engine Gasoline Fuel,6-Speed M/T,Silver,Black,None Reported,Yes,37999.0,2.0,4.0,18,0.2969,6737.0,0,0,0,2.304
Bmw,X3 Xdrive30I,2021,15000.0,Gasoline,248.0HP 2.0L 4 Cylinder Engine Gasoline Fuel,Transmission W/Dual Shift Mode,White,Brown,None Reported,Yes,39995.0,2.0,4.0,3,2.6662,3750.0,1,0,0,0.045
Toyota,Tundra Sr5,2016,119000.0,Gasoline,381.0HP 5.7L 8 Cylinder Engine Gasoline Fuel,6-Speed A/T,Red,Black,None Reported,Yes,29950.0,5.7,8.0,8,0.2517,13222.0,0,0,0,0.952
Lincoln,Mark Lt Base,2006,87500.0,Gasoline,300.0HP 5.4L 8 Cylinder Engine Gasoline Fuel,A/T,Silver,Black,At Least 1 Accident Or Damage Reported,Yes,12999.0,5.4,8.0,18,0.1486,4605.0,1,1,0,1.575
Ford,Flex Sel,2011,149000.0,Gasoline,262.0HP 3.5L V6 Cylinder Engine Gasoline Fuel,6-Speed A/T,Black,Beige,None Reported,Yes,7999.0,3.5,6.0,13,0.0537,10643.0,0,0,0,1.937
Audi,Q5 2.0T Premium Plus,2015,54700.0,E85 Flex Fuel,220.0HP 2.0L 4 Cylinder Engine Flex Fuel Capability,8-Speed A/T,Gray,Brown,At Least 1 Accident Or Damage Reported,Yes,20995.0,2.0,4.0,9,0.3838,5470.0,1,1,0,0.4923
Ford,F-150 Xl,2021,45979.0,Gasoline,3.5L V6 24V PDI DOHC Twin Turbo,10-Speed Automatic,Agate Black Metallic,Black,None Reported,Yes,38532.0,3.5,,3,0.838,11495.0,0,0,0,0.1379
Lincoln,Continental Reserve,2017,56846.0,Gasoline,335.0HP 2.7L V6 Cylinder Engine Gasoline Fuel,Transmission W/Dual Shift Mode,White,Beige,None Reported,Yes,29000.0,2.7,6.0,7,0.5101,7106.0,1,0,0,0.3979
Tesla,Model X 75D,2017,94100.0,Gasoline,518.0HP Electric Motor Electric Fuel System,A/T,Black,Orange,At Least 1 Accident Or Damage Reported,Yes,49900.0,,,7,0.5303,11762.0,0,1,0,0.6587
Jeep,Grand Cherokee Limited,2017,80150.0,Gasoline,293.0HP 3.6L V6 Cylinder Engine Gasoline Fuel,8-Speed A/T,Blue,Black,At Least 1 Accident Or Damage Reported,Yes,22500.0,3.6,6.0,7,0.2807,10019.0,0,1,0,0.5611
Gmc,Terrain Slt-1,2013,11563.0,Gasoline,182.0HP 2.4L 4 Cylinder Engine Gasoline Fuel,A/T,Blue,Black,At Least 1 Accident Or Damage Reported,Yes,12300.0,2.4,4.0,11,1.0636,964.0,0,1,0,0.1272
Tesla,Model X Long Range,2022,7500.0,Gasoline,670.0HP Electric Motor Electric Fuel System,A/T,Silver,Black,None Reported,Yes,84000.0,,,2,11.1985,2500.0,0,0,0,0.015
Mercedes-Benz,Amg E 53 Base 4Matic,2021,15615.0,Hybrid,429.0HP 3.0L Straight 6 Cylinder Engine Gasoline/Mild Electric Hybrid,9-Speed A/T,Gray,Black,None Reported,Yes,78000.0,3.0,6.0,3,4.9949,3904.0,1,0,1,0.0468
Subaru,Impreza Wrx Base,2013,113000.0,Gasoline,265.0HP 2.5L 4 Cylinder Engine Gasoline Fuel,5-Speed M/T,Blue,Black,At Least 1 Accident Or Damage Reported,Yes,16000.0,2.5,4.0,11,0.1416,9417.0,0,1,0,1.243
Kia,Optima S,2018,74000.0,Gasoline,185.0HP 2.4L 4 Cylinder Engine Gasoline Fuel,6-Speed A/T,White,Black,None Reported,Yes,15000.0,2.4,4.0,6,0.2027,10571.0,0,0,0,0.444
Mercedes-Benz,M-Class Ml 350,2011,99200.0,Gasoline,268.0HP 3.5L V6 Cylinder Engine Gasoline Fuel,A/T,Black,Black,None Reported,Yes,11900.0,3.5,6.0,13,0.12,7086.0,1,0,0,1.2896
Volkswagen,Beetle 2.0T S,2018,36824.0,Gasoline,174.0HP 2.0L 4 Cylinder Engine Gasoline Fuel,6-Speed A/T,Red,Red,None Reported,Yes,23999.0,2.0,4.0,6,0.6517,5261.0,0,0,0,0.2209
Acura,Rsx Base,2005,186040.0,Gasoline,160.0HP 2.0L 4 Cylinder Engine Gasoline Fuel,A/T,Gray,Beige,At Least 1 Accident Or Damage Reported,Yes,6700.0,2.0,4.0,19,0.036,9302.0,0,1,0,3.5348
Gmc,Acadia Sle,2020,58000.0,Gasoline,310.0HP 3.6L V6 Cylinder Engine Gasoline Fuel,9-Speed A/T,Black,Black,None Reported,Yes,27700.0,3.6,6.0,4,0.4776,11600.0,0,0,0,0.232
Ford,F-150 Lariat,2020,31250.0,Gasoline,325.0HP 2.7L V6 Cylinder Engine Gasoline Fuel,A/T,Blue,Gray,None Reported,Yes,42500.0,2.7,6.0,4,1.36,6250.0,0,0,0,0.125
Jeep,Gladiator Overland,2020,43000.0,Gasoline,285.0HP 3.6L V6 Cylinder Engine Gasoline Fuel,A/T,White,Beige,None Reported,Yes,46500.0,3.6,6.0,4,1.0814,8600.0,0,0,0,0.172
Toyota,Tacoma Trd Sport,2020,41199.0,Gasoline,3.5 Liter,6 Speed Mt,Black,Black/Gun Metal,None Reported,Unknown,41598.0,,,4,1.0097,8240.0,0,0,0,0.1648
Kia,Ev6 Gt-Line,2022,22000.0,Gasoline,320.0HP Electric Motor Electric Fuel System,1-Speed A/T,Gray,Black,None Reported,Yes,45000.0,,,2,2.0454,7333.0,0,0,0,0.044
Genesis,Gv70 3.5T Sport,2022,12900.0,Gasoline,375.0HP 3.5L V6 Cylinder Engine Gasoline Fuel,8-Speed A/T,Gray,White,None Reported,Yes,53000.0,3.5,6.0,2,4.1082,4300.0,1,0,0,0.0258
Ford,Explorer St,2022,10500.0,Gasoline,400.0HP 3.0L V6 Cylinder Engine Gasoline Fuel,Transmission W/Dual Shift Mode,Black,Black,Unknown,Unknown,50000.0,3.0,6.0,2,4.7615,3500.0,0,0,0,0.021
Mini,Countryman Cooper,2020,74725.0,Gasoline,1.5L I3 12V GDI DOHC Turbo,7-Speed Automatic With Auto-Shift,Black,Black,None Reported,Yes,21612.0,1.5,,4,0.2892,14945.0,0,0,0,0.2989
Mazda,Cx-5 Grand Touring,2021,61117.0,Gasoline,2.5L I4 16V GDI DOHC,6-Speed Automatic,Sonic Silver Metallic,Black,None Reported,Yes,26485.0,2.5,,3,0.4333,15279.0,0,0,0,0.1834
Bmw,325 I,2003,142000.0,Gasoline,184.0HP 2.5L Straight 6 Cylinder Engine Gasoline Fuel,5-Speed M/T,Silver,Black,At Least 1 Accident Or Damage Reported,Yes,4800.0,2.5,6.0,21,0.0338,6455.0,1,1,0,2.982
Ford,Mustang Ecoboost Premium,2019,31000.0,–,–,6-Speed M/T,Gray,Black,None Reported,Yes,34700.0,,,5,1.1193,5167.0,0,0,0,0.155
Toyota,Yaris L,2012,129355.0,Gasoline,106.0HP 1.5L 4 Cylinder Engine Gasoline Fuel,4-Speed A/T,Black,Gray,At Least 1 Accident Or Damage Reported,Yes,7950.0,1.5,4.0,12,0.0615,9950.0,0,1,0,1.5523
Chevrolet,Express 1500 Base,2010,204000.0,E85 Flex Fuel,310.0HP 5.3L 8 Cylinder Engine Flex Fuel Capability,4-Speed A/T,White,Gray,At Least 1 Accident Or Damage Reported,Yes,4900.0,5.3,8.0,14,0.024,13600.0,0,1,0,2.856
Lincoln,Navigator L Select,2016,115600.0,Gasoline,380.0HP 3.5L V6 Cylinder Engine Gasoline Fuel,6-Speed A/T,Black,Black,None Reported,Yes,22500.0,3.5,6.0,8,0.1946,12844.0,1,0,0,0.9248
Jeep,Wrangler Sahara Altitude,2023,1563.0,Hybrid,285.0HP 3.6L V6 Cylinder Engine Gasoline/Mild Electric Hybrid,A/T,Gray,Black,None Reported,Yes,62500.0,3.6,6.0,1,39.9616,782.0,0,0,1,0.0016
Bentley,Continental Gt Base,2007,72166.0,Gasoline,552.0HP 6.0L 12 Cylinder Engine Gasoline Fuel,A/T,Black,Black,At Least 1 Accident Or Damage Reported,Yes,35995.0,6.0,12.0,17,0.4988,4009.0,0,1,0,1.2268
Lexus,Rx 350 F Sport,2018,26100.0,Gasoline,295.0HP 3.5L V6 Cylinder Engine Gasoline Fuel,8-Speed A/T,Gray,Red,None Reported,Yes,37899.0,3.5,6.0,6,1.452,3729.0,1,0,0,0.1566
Bmw,430 I,2017,58880.0,Gasoline,248.0HP 2.0L 4 Cylinder Engine Gasoline Fuel,8-Speed A/T,White,Brown,None Reported,Yes,21000.0,2.0,4.0,7,0.3567,7360.0,1,0,0,0.4122
Cadillac,Escalade Sport Platinum,2021,26000.0,Gasoline,420.0HP 6.2L 8 Cylinder Engine Gasoline Fuel,10-Speed A/T,Black,Black,None Reported,Yes,104000.0,6.2,8.0,3,3.9998,6500.0,1,0,0,0.078
Honda,Civic Ex,2008,190640.0,Gasoline,140.0HP 1.8L 4 Cylinder Engine Gasoline Fuel,5-Speed M/T,Silver,Silver,At Least 1 Accident Or Damage Reported,Yes,5500.0,1.8,4.0,16,0.0289,11214.0,0,1,0,3.0502
Porsche,Cayenne Awd,2020,37500.0,Gasoline,335.0HP 3.0L V6 Cylinder Engine Gasoline Fuel,8-Speed A/T,White,Black,None Reported,Yes,59900.0,3.0,6.0,4,1.5973,7500.0,1,0,0,0.15
Ford,Mustang Mach-E Gt,2022,13856.0,Gasoline,480.0HP Electric Motor Electric Fuel System,1-Speed A/T,White,Black,None Reported,Yes,54000.0,,,2,3.8969,4619.0,0,0,0,0.0277
Cadillac,Ats 2.5L Luxury,2013,223089.60000000012,Gasoline,202.0HP 2.5L 4 Cylinder Engine Gasoline Fuel,6-Speed A/T,Blue,Black,None Reported,Yes,13600.0,2.5,4.0,11,0.061,18591.0,1,0,0,2.454
Lexus,Ls 460 Base,2014,123256.0,Gasoline,386.0HP 4.6L 8 Cylinder Engine Gasoline Fuel,8-Speed A/T,White,Beige,None Reported,Yes,24995.0,4.6,8.0,10,0.2028,11205.0,1,0,0,1.2326
Cadillac,Escalade Premium Luxury,2021,11459.0,Gasoline,420.0HP 6.2L 8 Cylinder Engine Gasoline Fuel,10-Speed A/T,White,Brown,None Reported,Yes,88900.0,6.2,8.0,3,7.7574,2865.0,1,0,0,0.0344
Mercedes-Benz,C-Class C 300 4Matic Sport,2016,67289.0,Gasoline,241.0HP 2.0L 4 Cylinder Engine Gasoline Fuel,7-Speed A/T,White,Gray,None Reported,Yes,20490.0,2.0,4.0,8,0.3045,7477.0,1,0,0,0.5383
Hyundai,Veloster Base,2013,56837.0,Gasoline,132.0HP 1.6L 4 Cylinder Engine Gasoline Fuel,Transmission W/Dual Shift Mode,Silver,Black,At Least 1 Accident Or Damage Reported,Yes,10500.0,1.6,4.0,11,0.1847,4736.0,0,1,0,0.6252
Chevrolet,Corvette Base,2002,44168.0,Gasoline,350.0HP 5.7L 8 Cylinder Engine Gasoline Fuel,4-Speed A/T,Orange,Black,None Reported,Yes,30000.0,5.7,8.0,22,0.6792,1920.0,0,0,0,0.9717
Mercedes-Benz,C-Class C 300 4Matic,2019,59766.0,Gasoline,2.0L I4 16V GDI DOHC Turbo,9-Speed Automatic,Lunar Blue Metallic,Macchiato,None Reported,Unknown,26900.0,2.0,,5,0.4501,9961.0,1,0,0,0.2988
Kia,Stinger Gt,2018,56300.0,Gasoline,365.0HP 3.3L V6 Cylinder Engine Gasoline Fuel,A/T,Silver,Black,None Reported,Yes,29950.0,3.3,6.0,6,0.532,8043.0,0,0,0,0.3378
Volvo,S60 R,2004,167000.0,Gasoline,300.0HP 2.5L 5 Cylinder Engine Gasoline Fuel,6-Speed M/T,Black,Beige,None Reported,Yes,8000.0,2.5,5.0,20,0.0479,7952.0,0,0,0,3.34
Chevrolet,Silverado 2500 Lt,2015,122770.0,E85 Flex Fuel,360.0HP 6.0L 8 Cylinder Engine Flex Fuel Capability,A/T,Brown,Black,None Reported,Yes,27499.0,6.0,8.0,9,0.224,12277.0,0,0,0,1.1049
Land,Rover Range Rover 3.0L V6 Supercharged Hse,2019,59271.0,Gasoline,380.0HP 3.0L V6 Cylinder Engine Gasoline Fuel,A/T,Black,Black,None Reported,Yes,54995.0,3.0,6.0,5,0.9278,9878.0,0,0,0,0.2964
Gmc,Sierra 1500 Sle,2015,102000.0,Gasoline,355.0HP 5.3L 8 Cylinder Engine Gasoline Fuel,6-Speed A/T,Silver,Black,At Least 1 Accident Or Damage Reported,Yes,24500.0,5.3,8.0,9,0.2402,10200.0,0,1,0,0.918
Chevrolet,Silverado 1500 Rst,2020,40929.0,Gasoline,5.3L V8 16V GDI OHV,Automatic,Cajun Red Tintcoat,Jet Black,At Least 1 Accident Or Damage Reported,Yes,44800.0,5.3,,4,1.0946,8186.0,0,1,0,0.1637
Porsche,911 Turbo S,2019,22000.0,Gasoline,580.0HP 3.8L Flat 6 Cylinder Engine Gasoline Fuel,7-Speed A/T,White,Beige,None Reported,Yes,174900.0,3.8,6.0,5,7.9496,3667.0,1,0,0,0.11
Chevrolet,Suburban Z71,2022,19200.0,Gasoline,420.0HP 6.2L 8 Cylinder Engine Gasoline Fuel,10-Speed A/T,White,Black,None Reported,Yes,69790.0,6.2,8.0,2,3.6347,6400.0,0,0,0,0.0384
Mercedes-Benz,G-Class G 550 4Matic,2019,32376.0,Gasoline,416.0HP 4.0L 8 Cylinder Engine Gasoline Fuel,A/T,Black,Black,None Reported,Yes,128000.0,4.0,8.0,5,3.9534,5396.0,1,0,0,0.1619
Porsche,911 Carrera,2023,19800.0,Gasoline,379.0HP 3.0L Flat 6 Cylinder Engine Gasoline Fuel,8-Speed A/T,Silver,Black,None Reported,Yes,134900.0,3.0,6.0,1,6.8128,9900.0,1,0,0,0.0198
Land,Rover Range Rover Sport Hse,2011,105000.0,Gasoline,375.0HP 5.0L 8 Cylinder Engine Gasoline Fuel,A/T,Black,Black,None Reported,Yes,10000.0,5.0,8.0,13,0.0952,7500.0,0,0,0,1.365
Ford,F-250 Lariat,2016,122650.0,Diesel,440.0HP 6.7L 8 Cylinder Engine Diesel Fuel,6-Speed A/T,Gray,Black,None Reported,Yes,38900.0,6.7,8.0,8,0.3172,13628.0,0,0,0,0.9812
Subaru,Brz Limited,2022,14000.0,Gasoline,228.0HP 2.4L 4 Cylinder Engine Gasoline Fuel,6-Speed M/T,White,Black,None Reported,Yes,34999.0,2.4,4.0,2,2.4998,4667.0,0,0,0,0.028
Lexus,Ls 460 Base,2008,100868.0,Gasoline,380.0HP 4.6L 8 Cylinder Engine Gasoline Fuel,8-Speed A/T,Black,Beige,None Reported,Yes,15397.0,4.6,8.0,16,0.1526,5933.0,1,0,0,1.6139
Land,Rover Range Rover Sport Hse,2013,111000.0,Gasoline,375.0HP 5.0L 8 Cylinder Engine Gasoline Fuel,6-Speed A/T,Black,Black,At Least 1 Accident Or Damage Reported,Yes,15000.0,5.0,8.0,11,0.1351,9250.0,0,1,0,1.221
Cadillac,Escalade Sport Platinum,2021,38500.0,Gasoline,420.0HP 6.2L 8 Cylinder Engine Gasoline Fuel,A/T,White,Black,At Least 1 Accident Or Damage Reported,Yes,94995.0,6.2,8.0,3,2.4673,9625.0,1,1,0,0.1155
Nissan,Pathfinder S,2020,41250.0,Gasoline,284.0HP 3.5L V6 Cylinder Engine Gasoline Fuel,Cvt Transmission,White,–,None Reported,Yes,21865.0,3.5,6.0,4,0.53,8250.0,0,0,0,0.165
Mini,Cooper S Base,2006,99600.0,Gasoline,168.0HP 1.6L 4 Cylinder Engine Gasoline Fuel,6-Speed A/T,Orange,Black,None Reported,Yes,5500.0,1.6,4.0,18,0.0552,5242.0,0,0,0,1.7928
Acura,Ilx 2.0L W/Premium Package,2013,198000.0,Gasoline,150.0HP 2.0L 4 Cylinder Engine Gasoline Fuel,Transmission W/Dual Shift Mode,White,Black,At Least 1 Accident Or Damage Reported,Yes,11000.0,2.0,4.0,11,0.0556,16500.0,0,1,0,2.178
Lexus,Rx 350 Base,2021,20598.0,Gasoline,3.5L V6 24V PDI DOHC,8-Speed Automatic,Atomic Silver,Gray,At Least 1 Accident Or Damage Reported,Unknown,42599.0,3.5,,3,2.068,5150.0,1,1,0,0.0618
Porsche,911 Carrera S,2013,52044.0,Gasoline,400.0HP 3.8L Flat 6 Cylinder Engine Gasoline Fuel,7-Speed M/T,White,Gray,None Reported,Yes,76500.0,3.8,6.0,11,1.4699,4337.0,1,0,0,0.5725
Mini,Hardtop Cooper S,2022,23777.0,Gasoline,189.0HP 2.0L 4 Cylinder Engine Gasoline Fuel,6-Speed M/T,Gray,Black,None Reported,Yes,30000.0,2.0,4.0,2,1.2617,7926.0,0,0,0,0.0476
Ford,F-150 Platinum,2018,60660.0,Gasoline,375.0HP 3.5L V6 Cylinder Engine Gasoline Fuel,A/T,Gold,Black,At Least 1 Accident Or Damage Reported,Yes,46900.0,3.5,6.0,6,0.7731,8666.0,0,1,0,0.364
Bmw,I3 Base,2015,26000.0,Gasoline,170.0HP 0.65L Electric Motor Electric Fuel System,1-Speed A/T,White,Beige,None Reported,Yes,14999.0,0.65,,9,0.5769,2600.0,1,0,0,0.234
Mazda,Cx-5 Touring,2018,61000.0,Gasoline,187.0HP 2.5L 4 Cylinder Engine Gasoline Fuel,Transmission W/Dual Shift Mode,Gray,Black,None Reported,Yes,21800.0,2.5,4.0,6,0.3574,8714.0,0,0,0,0.366
Lexus,Rx 350 F Sport Performance,2020,53750.0,Gasoline,295.0HP 3.5L V6 Cylinder Engine Gasoline Fuel,A/T,Black,Red,None Reported,Yes,32600.0,3.5,6.0,4,0.6065,10750.0,1,0,0,0.215
Bmw,X5 M50I,2023,13735.0,Gasoline,4.4L V8 32V GDI DOHC Twin Turbo,8-Speed Automatic,Black Sapphire Metallic,Black,None Reported,Unknown,77897.0,4.4,,1,5.671,6868.0,1,0,0,0.0137
Mercedes-Benz,E-Class E 300,2019,32580.0,Gasoline,2.0 Liter Turbo,Automatic,Obsidian Black Metallic,Beige,None Reported,Unknown,33998.0,,,5,1.0435,5430.0,1,0,0,0.1629
Porsche,911 Carrera Cabriolet,2006,96275.0,Gasoline,325.0HP 3.6L Flat 6 Cylinder Engine Gasoline Fuel,6-Speed M/T,Silver,Black,At Least 1 Accident Or Damage Reported,Yes,52500.0,3.6,6.0,18,0.5453,5067.0,1,1,0,1.733
Ford,F-350 Lariat,2015,162000.0,Diesel,440.0HP 6.7L 8 Cylinder Engine Diesel Fuel,Transmission W/Dual Shift Mode,Red,Beige,None Reported,Yes,32000.0,6.7,8.0,9,0.1975,16200.0,0,0,0,1.458
Bmw,X3 Xdrive30I,2019,92040.0,Gasoline,2.0L I4 16V GDI DOHC Turbo,8-Speed Automatic,Alpine White,Black,None Reported,Yes,24999.0,2.0,,5,0.2716,15340.0,1,0,0,0.4602
Ram,1500 Slt,2017,73690.0,Gasoline,395.0HP 5.7L 8 Cylinder Engine Gasoline Fuel,8-Speed A/T,Blue,Gray,At Least 1 Accident Or Damage Reported,Yes,27000.0,5.7,8.0,7,0.3664,9211.0,0,1,0,0.5158
Toyota,Tacoma Base,2009,48750.0,Gasoline,159.0HP 2.7L 4 Cylinder Engine Gasoline Fuel,M/T,Brown,Silver,None Reported,Yes,17900.0,2.7,4.0,15,0.3672,3047.0,0,0,0,0.7312
Cadillac,Srx Performance Collection,2011,124542.0,Gasoline,265.0HP 3.0L V6 Cylinder Engine Gasoline Fuel,6-Speed A/T,Gray,Beige,None Reported,Yes,8450.0,3.0,6.0,13,0.0678,8896.0,1,0,0,1.619
Ford,Mustang Gt Premium,2010,69000.0,Gasoline,315.0HP 4.6L 8 Cylinder Engine Gasoline Fuel,5-Speed A/T,White,Black,None Reported,Yes,20000.0,4.6,8.0,14,0.2899,4600.0,0,0,0,0.966
Dodge,Ram 2500 Laramie Quad Cab,2004,148000.0,Diesel,250.0HP 5.9L Straight 6 Cylinder Engine Diesel Fuel,4-Speed A/T,Black,Beige,None Reported,Yes,19000.0,5.9,6.0,20,0.1284,7048.0,0,0,0,2.96
Bmw,650 I,2006,122141.0,Gasoline,360.0HP 4.8L 8 Cylinder Engine Gasoline Fuel,6-Speed M/T,Silver,Black,None Reported,Yes,10500.0,4.8,8.0,18,0.086,6428.0,1,0,0,2.1985
Subaru,Impreza Wrx,2012,106000.0,Gasoline,265.0HP 2.5L 4 Cylinder Engine Gasoline Fuel,M/T,Black,Black,None Reported,Yes,15000.0,2.5,4.0,12,0.1415,8154.0,0,0,0,1.272
Ford,Edge Titanium,2017,113294.0,Gasoline,245.0HP 2.0L 4 Cylinder Engine Gasoline Fuel,6-Speed A/T,Gray,Black,At Least 1 Accident Or Damage Reported,Yes,16500.0,2.0,4.0,7,0.1456,14162.0,0,1,0,0.7931
Kia,Telluride Sx,2021,24423.0,Gasoline,3.8L V6 24V GDI DOHC,8-Speed Automatic,Black,Black,None Reported,Unknown,44315.0,3.8,,3,1.8144,6106.0,0,0,0,0.0733
Tesla,Model S Long Range,2022,28000.0,Gasoline,670.0HP Electric Motor Electric Fuel System,1-Speed A/T,Gray,White,None Reported,Yes,68750.0,,,2,2.4553,9333.0,0,0,0,0.056
Ram,1500 Rebel,2018,54800.0,Gasoline,395.0HP 5.7L 8 Cylinder Engine Gasoline Fuel,A/T,White,Black,At Least 1 Accident Or Damage Reported,Yes,37050.0,5.7,8.0,6,0.6761,7829.0,0,1,0,0.3288
Ford,Explorer Xlt,2017,161000.0,Gasoline,290.0HP 3.5L V6 Cylinder Engine Gasoline Fuel,6-Speed A/T,Gray,Black,None Reported,Yes,17500.0,3.5,6.0,7,0.1087,20125.0,0,0,0,1.127
Mercedes-Benz,Amg Gle 43 4Matic Coupe,2019,28755.0,Gasoline,385.0HP 3.0L V6 Cylinder Engine Gasoline Fuel,9-Speed A/T,Black,Black,None Reported,Yes,61350.0,3.0,6.0,5,2.1335,4792.0,1,0,0,0.1438
Audi,Q5 2.0T Premium Plus,2016,52105.0,E85 Flex Fuel,220.0HP 2.0L 4 Cylinder Engine Flex Fuel Capability,A/T,White,Beige,At Least 1 Accident Or Damage Reported,Yes,20499.0,2.0,4.0,8,0.3934,5789.0,1,1,0,0.4168
Nissan,Armada Platinum,2018,119950.0,Gasoline,390.0HP 5.6L 8 Cylinder Engine Gasoline Fuel,Transmission W/Dual Shift Mode,Black,Black,None Reported,Yes,20999.0,5.6,8.0,6,0.1751,17136.0,0,0,0,0.7197
Mercedes-Benz,Sl-Class Sl500 Roadster,2003,80081.0,Gasoline,302.0HP 5.0L 8 Cylinder Engine Gasoline Fuel,5-Speed A/T,White,Beige,None Reported,Yes,12500.0,5.0,8.0,21,0.1561,3640.0,1,0,0,1.6817
Bentley,Bentayga V8,2021,24500.0,Gasoline,542.0HP 4.0L 8 Cylinder Engine Gasoline Fuel,8-Speed A/T,White,White,None Reported,Yes,165000.0,4.0,8.0,3,6.7344,6125.0,0,0,0,0.0735
Jeep,Gladiator Overland,2021,4100.0,Gasoline,285.0HP 3.6L V6 Cylinder Engine Gasoline Fuel,A/T,Black,Black,None Reported,Yes,55000.0,3.6,6.0,3,13.4114,1025.0,0,0,0,0.0123
Bmw,M2 Cs,2020,9670.0,Gasoline,444.0HP 3.0L Straight 6 Cylinder Engine Gasoline Fuel,Transmission W/Dual Shift Mode,Blue,Black,None Reported,Yes,103500.0,3.0,6.0,4,10.7021,1934.0,1,0,0,0.0387
Dodge,Charger Se,2017,63250.0,Gasoline,292.0HP 3.6L V6 Cylinder Engine Gasoline Fuel,A/T,Red,Black,None Reported,Yes,18650.0,3.6,6.0,7,0.2949,7906.0,0,0,0,0.4428
Lincoln,Mkx Black Label,2017,69431.0,Gasoline,335.0HP 2.7L V6 Cylinder Engine Gasoline Fuel,6-Speed A/T,Silver,Black,None Reported,Yes,26500.0,2.7,6.0,7,0.3817,8679.0,1,0,0,0.486
Toyota,Tundra Sr5,2015,108044.0,Gasoline,5.7L V8 32V MPFI DOHC,6-Speed Automatic,Black,–,None Reported,Yes,31380.0,5.7,,9,0.2904,10804.0,0,0,0,0.9724
Bmw,335 I,2008,98000.0,Gasoline,300.0HP 3.0L Straight 6 Cylinder Engine Gasoline Fuel,Transmission W/Dual Shift Mode,Black,Brown,None Reported,Yes,13998.0,3.0,6.0,16,0.1428,5765.0,1,0,0,1.568
Bmw,X1 Xdrive28I,2019,52253.0,Gasoline,228.0HP 2.0L 4 Cylinder Engine Gasoline Fuel,Transmission W/Dual Shift Mode,White,Black,None Reported,Yes,34500.0,2.0,4.0,5,0.6602,8709.0,1,0,0,0.2613
Ford,F-350 Platinum,2022,23850.0,Diesel,475.0HP 6.7L 8 Cylinder Engine Diesel Fuel,10-Speed A/T,Silver,Black,None Reported,Yes,99750.0,6.7,8.0,2,4.1822,7950.0,0,0,0,0.0477
Mercedes-Benz,Sprinter High Roof,2015,1500.0,Diesel,188.0HP 3.0L V6 Cylinder Engine Diesel Fuel,A/T,White,Gray,None Reported,Yes,39500.0,3.0,6.0,9,26.3158,150.0,1,0,0,0.0135
Dodge,Challenger Gt,2021,40000.0,Gasoline,303.0HP 3.6L V6 Cylinder Engine Gasoline Fuel,A/T,Black,Black,None Reported,Yes,32500.0,3.6,6.0,3,0.8125,10000.0,0,0,0,0.12
Audi,S4 3.0 Prestige,2012,38718.0,Gasoline,333.0HP 3.0L V6 Cylinder Engine Gasoline Fuel,7-Speed A/T,Black,Black,None Reported,Yes,31000.0,3.0,6.0,12,0.8006,2978.0,1,0,0,0.4646
Toyota,Tacoma Trd Sport,2018,84184.0,Gasoline,3.5 Liter,Automatic,Magnetic Gray Metallic,Graphite W/Gun Metal,None Reported,Unknown,35998.0,,,6,0.4276,12026.0,0,0,0,0.5051
Mercedes-Benz,Sprinter 2500 Standard Roof,2021,13344.0,Diesel,188.0HP 3.0L V6 Cylinder Engine Diesel Fuel,7-Speed A/T,Red,Black,None Reported,Yes,56500.0,3.0,6.0,3,4.2338,3336.0,1,0,0,0.04
Infiniti,Q50 3.0T Red Sport 400,2018,51850.0,Gasoline,400.0HP 3.0L V6 Cylinder Engine Gasoline Fuel,Transmission W/Dual Shift Mode,Black,Black,None Reported,Yes,28900.0,3.0,6.0,6,0.5574,7407.0,0,0,0,0.3111
Porsche,911 Carrera 4S,2002,119500.0,Gasoline,320.0HP 3.6L Flat 6 Cylinder Engine Gasoline Fuel,6-Speed M/T,Black,Black,At Least 1 Accident Or Damage Reported,Yes,36995.0,3.6,6.0,22,0.3096,5196.0,1,1,0,2.629
Ford,Expedition Max Limited,2021,30918.0,Gasoline,375.0HP 3.5L V6 Cylinder Engine Gasoline Fuel,10-Speed A/T,White,Beige,None Reported,Yes,51999.0,3.5,6.0,3,1.6818,7730.0,0,0,0,0.0928
Chevrolet,Corvette Stingray W/3Lt,2023,1100.0,Gasoline,490.0HP 6.2L 8 Cylinder Engine Gasoline Fuel,8-Speed A/T,Gray,Beige,None Reported,Yes,92000.0,6.2,8.0,1,83.5604,550.0,0,0,0,0.0011
Mercedes-Benz,C-Class C 300,2019,40000.0,Gasoline,255.0HP 2.0L 4 Cylinder Engine Gasoline Fuel,A/T,Blue,Black,None Reported,Yes,27900.0,2.0,4.0,5,0.6975,6667.0,1,0,0,0.2
Jeep,Grand Cherokee Limited,2005,100500.0,Gasoline,325.0HP 5.7L 8 Cylinder Engine Gasoline Fuel,A/T,Black,Gray,None Reported,Yes,9998.0,5.7,8.0,19,0.0995,5025.0,0,0,0,1.9095
Dodge,Charger Srt Hellcat,2020,54320.0,Gasoline,707.0HP 6.2L 8 Cylinder Engine Gasoline Fuel,8-Speed A/T,Gray,Black,At Least 1 Accident Or Damage Reported,Yes,67000.0,6.2,8.0,4,1.2334,10864.0,0,1,0,0.2173
Mercedes-Benz,C-Class C 300 4Matic,2018,49000.0,Gasoline,241.0HP 2.0L 4 Cylinder Engine Gasoline Fuel,A/T,Black,Black,None Reported,Yes,23450.0,2.0,4.0,6,0.4786,7000.0,1,0,0,0.294
Porsche,911 Carrera S,2020,28000.0,Gasoline,443.0HP 3.0L Flat 6 Cylinder Engine Gasoline Fuel,8-Speed A/T,Gray,Black,None Reported,Yes,134999.0,3.0,6.0,4,4.8212,5600.0,1,0,0,0.112
Cadillac,Dts Luxury,2007,130000.0,Gasoline,275.0HP 4.6L 8 Cylinder Engine Gasoline Fuel,A/T,Gold,Beige,At Least 1 Accident Or Damage Reported,Yes,3499.0,4.6,8.0,17,0.0269,7222.0,1,1,0,2.21
Maserati,Grecale Modena,2023,3721.0,Gasoline,2.0L I4 16V GDI DOHC Turbo,8-Speed Automatic,White,Red,None Reported,Yes,69645.0,2.0,,1,18.7117,1860.0,0,0,0,0.0037
Mercedes-Benz,S-Class S 550,2016,78101.0,Gasoline,449.0HP 4.7L 8 Cylinder Engine Gasoline Fuel,7-Speed A/T,Black,Black,None Reported,Yes,34500.0,4.7,8.0,8,0.4417,8678.0,1,0,0,0.6248
Chevrolet,Malibu 1Lt,2017,54000.0,Gasoline,160.0HP 1.5L 4 Cylinder Engine Gasoline Fuel,A/T,Gray,Gray,At Least 1 Accident Or Damage Reported,Yes,16000.0,1.5,4.0,7,0.2963,6750.0,0,1,0,0.378
Nissan,Quest Sl,2011,185000.0,Gasoline,260.0HP 3.5L V6 Cylinder Engine Gasoline Fuel,A/T,White,Gray,At Least 1 Accident Or Damage Reported,Yes,7500.0,3.5,6.0,13,0.0405,13214.0,0,1,0,2.405
Mercedes-Benz,Slk-Class Slk 250,2015,49000.0,Gasoline,201.0HP 1.8L 4 Cylinder Engine Gasoline Fuel,7-Speed A/T,Blue,Beige,None Reported,Yes,23500.0,1.8,4.0,9,0.4796,4900.0,1,0,0,0.441
Gmc,Sierra 2500 Denali,2024,2043.0,Gasoline,401.0HP 6.6L 8 Cylinder Engine Gasoline Fuel,10-Speed A/T,White,Black,None Reported,Yes,81500.0,6.6,8.0,0,39.8728,2043.0,0,0,0,0.0
Lexus,Rx 350 Base,2016,71750.0,Gasoline,295.0HP 3.5L V6 Cylinder Engine Gasoline Fuel,8-Speed A/T,Black,Brown,None Reported,Yes,28000.0,3.5,6.0,8,0.3902,7972.0,1,0,0,0.574
Chevrolet,Corvette Stingray W/3Lt,2020,5194.0,Gasoline,6.2L V8 16V GDI OHV,8-Speed Automatic With Auto-Shift,Arctic White,Tension,None Reported,Unknown,87500.0,6.2,,4,16.8431,1039.0,0,0,0,0.0208
Bmw,330 I,2019,42200.0,Gasoline,255.0HP 2.0L 4 Cylinder Engine Gasoline Fuel,8-Speed A/T,White,Black,None Reported,Yes,27500.0,2.0,4.0,5,0.6516,7033.0,1,0,0,0.211
Mercedes-Benz,Glc 300 Base,2020,42717.0,Gasoline,255.0HP 2.0L 4 Cylinder Engine Gasoline Fuel,A/T,Gold,Beige,None Reported,Yes,33500.0,2.0,4.0,4,0.7842,8543.0,1,0,0,0.1709
Tesla,Model S 75D,2016,102260.0,Gasoline,518.0HP Electric Motor Electric Fuel System,1-Speed A/T,White,Black,None Reported,Yes,31300.0,,,8,0.3061,11362.0,0,0,0,0.8181
Chevrolet,Corvette Stingray W/2Lt,2022,11089.0,Gasoline,6.2L V8 16V GDI OHV,8-Speed Manual,Silver Flare Metallic,Adrenaline Red,None Reported,Unknown,80900.0,6.2,,2,7.2949,3696.0,0,0,0,0.0222
Jaguar,Xf 25T Prestige,2018,37777.0,Gasoline,247.0HP 2.0L 4 Cylinder Engine Gasoline Fuel,Transmission W/Dual Shift Mode,Black,Black,None Reported,Yes,32500.0,2.0,4.0,6,0.8603,5397.0,0,0,0,0.2267
Ford,F-150 Xlt,2021,35921.0,Gasoline,2.7L V6 24V PDI DOHC Twin Turbo,10-Speed Automatic,Antimatter Blue Metallic,Black,None Reported,Unknown,42995.0,2.7,,3,1.1969,8980.0,0,0,0,0.1078
Ford,Bronco Outer Banks,2023,1800.0,Gasoline,275.0HP 2.3L 4 Cylinder Engine Gasoline Fuel,10-Speed A/T,Gray,Blue,Unknown,Unknown,54900.0,2.3,4.0,1,30.4831,900.0,0,0,0,0.0018
Scion,Fr-S Monogram,2014,163019.0,Gasoline,200.0HP 2.0L 4 Cylinder Engine Gasoline Fuel,6-Speed M/T,Black,Black,At Least 1 Accident Or Damage Reported,Yes,8900.0,2.0,4.0,10,0.0546,14820.0,0,1,0,1.6302
Mercedes-Benz,C-Class C 300 4Matic,2020,14220.0,Gasoline,255.0HP 2.0L 4 Cylinder Engine Gasoline Fuel,9-Speed A/T,Blue,Beige,None Reported,Yes,35500.0,2.0,4.0,4,2.4963,2844.0,1,0,0,0.0569
Chevrolet,Tahoe Premier,2019,48879.0,Gasoline,5.3L V8 16V GDI OHV,Automatic,Silver Ice Metallic,Jet Black,None Reported,Unknown,49573.0,5.3,,5,1.0142,8146.0,0,0,0,0.2444
Bmw,M3 Base,2002,117200.0,Gasoline,333.0HP 3.2L Straight 6 Cylinder Engine Gasoline Fuel,6-Speed A/T,Black,Black,None Reported,Yes,15000.0,3.2,6.0,22,0.128,5096.0,1,0,0,2.5784
Ford,F-150 Lariat,2016,25000.0,E85 Flex Fuel,385.0HP 5.0L 8 Cylinder Engine Flex Fuel Capability,6-Speed A/T,Gray,Black,None Reported,Yes,65000.0,5.0,8.0,8,2.5999,2778.0,0,0,0,0.2
Bmw,I3 Base W/Range Extender,2014,74500.0,Gasoline,170.0HP 0.65L Electric Motor Electric Fuel System,A/T,White,Gray,None Reported,Yes,11499.0,0.65,,10,0.1543,6773.0,1,0,0,0.745
Infiniti,G37 Journey,2013,33300.0,Gasoline,328.0HP 3.7L V6 Cylinder Engine Gasoline Fuel,A/T,Gray,Black,None Reported,Yes,21990.0,3.7,6.0,11,0.6603,2775.0,0,0,0,0.3663
Ford,Expedition Xlt,2007,123921.0,Gasoline,300.0HP 5.4L 8 Cylinder Engine Gasoline Fuel,6-Speed A/T,White,Beige,None Reported,Yes,6900.0,5.4,8.0,17,0.0557,6884.0,0,0,0,2.1067
Bmw,X3 Sdrive30I,2021,12800.0,Gasoline,248.0HP 2.0L 4 Cylinder Engine Gasoline Fuel,A/T,Blue,Blue,None Reported,Yes,39990.0,2.0,4.0,3,3.124,3200.0,1,0,0,0.0384
Aston,Martin Vantage Gt Base,2015,21100.0,Gasoline,430.0HP 4.7L 8 Cylinder Engine Gasoline Fuel,6-Speed M/T,Black,Black,None Reported,Yes,80000.0,4.7,8.0,9,3.7913,2110.0,0,0,0,0.1899
Chevrolet,Tahoe Lt,2009,104733.0,E85 Flex Fuel,320.0HP 5.3L 8 Cylinder Engine Flex Fuel Capability,6-Speed A/T,Black,Black,None Reported,Yes,15000.0,5.3,8.0,15,0.1432,6546.0,0,0,0,1.571
Ford,Transit-250 Base,2020,53000.0,Gasoline,310.0HP 3.5L V6 Cylinder Engine Gasoline Fuel,A/T,White,Black,At Least 1 Accident Or Damage Reported,Yes,38500.0,3.5,6.0,4,0.7264,10600.0,0,1,0,0.212
Lexus,Es 250 Base,2021,17570.0,Gasoline,2.5 Liter,Automatic,Emin White,Black,None Reported,Unknown,39998.0,,,3,2.2764,4392.0,1,0,0,0.0527
Ram,1500 Rebel,2020,63875.0,Hybrid,395.0HP 5.7L 8 Cylinder Engine Gasoline/Mild Electric Hybrid,8-Speed A/T,Gray,Black,At Least 1 Accident Or Damage Reported,Yes,41900.0,5.7,8.0,4,0.656,12775.0,0,1,1,0.2555
Ford,Maverick Xl,2023,12500.0,Hybrid,191.0HP 2.5L 4 Cylinder Engine Gas/Electric Hybrid,A/T,Silver,Black,None Reported,Yes,29999.0,2.5,4.0,1,2.3997,6250.0,0,0,1,0.0125
Bmw,Z3 3.0I Roadster,2001,103990.0,Gasoline,225.0HP 3.0L Straight 6 Cylinder Engine Gasoline Fuel,5-Speed M/T,Black,Beige,None Reported,Yes,10500.0,3.0,6.0,23,0.101,4333.0,1,0,0,2.3918
Chevrolet,Camaro 1Ss,2022,7000.0,Gasoline,455.0HP 6.2L 8 Cylinder Engine Gasoline Fuel,6-Speed M/T,Blue,Black,None Reported,Yes,50000.0,6.2,8.0,2,7.1418,2333.0,0,0,0,0.014
Chevrolet,Corvette Stingray W/3Lt,2023,9000.0,Gasoline,490.0HP 6.2L 8 Cylinder Engine Gasoline Fuel,8-Speed A/T,Blue,Black,None Reported,Yes,92000.0,6.2,8.0,1,10.2211,4500.0,0,0,0,0.009
Pontiac,Solstice Gxp,2007,7800.0,Gasoline,260.0HP 2.0L 4 Cylinder Engine Gasoline Fuel,5-Speed A/T,Silver,Black,None Reported,Yes,19000.0,2.0,4.0,17,2.4356,433.0,0,0,0,0.1326
Cadillac,Xts Luxury,2017,69289.0,Gasoline,304.0HP 3.6L V6 Cylinder Engine Gasoline Fuel,6-Speed A/T,Gray,Black,At Least 1 Accident Or Damage Reported,Yes,20997.0,3.6,6.0,7,0.303,8661.0,1,1,0,0.485
Toyota,Highlander Limited,2011,106000.0,Gasoline,270.0HP 3.5L V6 Cylinder Engine Gasoline Fuel,5-Speed A/T,White,Gray,At Least 1 Accident Or Damage Reported,Yes,16600.0,3.5,6.0,13,0.1566,7571.0,0,1,0,1.378
Lincoln,Navigator Reserve,2020,68000.0,Gasoline,450.0HP 3.5L V6 Cylinder Engine Gasoline Fuel,10-Speed A/T,Black,Gray,At Least 1 Accident Or Damage Reported,Yes,55999.0,3.5,6.0,4,0.8235,13600.0,1,1,0,0.272
Toyota,Highlander Hybrid Limited Platinum,2019,13828.0,Hybrid,306.0HP 3.5L V6 Cylinder Engine Gas/Electric Hybrid,Cvt Transmission,Blue,Black,None Reported,Yes,43000.0,3.5,6.0,5,3.1094,2305.0,0,0,1,0.0691
Audi,A3 2.0T Tech Premium,2018,39600.0,Gasoline,220.0HP 2.0L 4 Cylinder Engine Gasoline Fuel,Transmission W/Dual Shift Mode,White,Black,None Reported,Yes,26999.0,2.0,4.0,6,0.6818,5657.0,1,0,0,0.2376
Jeep,Wrangler Se,2003,92000.0,Gasoline,150.0HP 2.4L 4 Cylinder Engine Gasoline Fuel,M/T,Gold,Black,None Reported,Yes,12500.0,2.4,4.0,21,0.1359,4182.0,0,0,0,1.932
Toyota,Tacoma Sr,2022,5020.0,Gasoline,278.0HP 3.5L V6 Cylinder Engine Gasoline Fuel,A/T,Black,Gray,None Reported,Yes,36500.0,3.5,6.0,2,7.2695,1673.0,0,0,0,0.01
Chevrolet,Trailblazer Ss,2007,107800.0,Gasoline,395.0HP 6.0L 8 Cylinder Engine Gasoline Fuel,A/T,Black,Black,At Least 1 Accident Or Damage Reported,Yes,15000.0,6.0,8.0,17,0.1391,5989.0,0,1,0,1.8326
Audi,A5 2.0T Premium Plus,2019,23827.0,Gasoline,248.0HP 2.0L 4 Cylinder Engine Gasoline Fuel,7-Speed A/T,Gray,Black,None Reported,Yes,34995.0,2.0,4.0,5,1.4687,3971.0,1,0,0,0.1191
Audi,A6 55 Premium,2020,25300.0,Hybrid,335.0HP 3.0L V6 Cylinder Engine Gasoline/Mild Electric Hybrid,7-Speed A/T,White,Beige,None Reported,Yes,39900.0,3.0,6.0,4,1.577,5060.0,1,0,1,0.1012
Mercedes-Benz,Sprinter 2500,2016,223089.60000000012,Diesel,188.0HP 3.0L V6 Cylinder Engine Diesel Fuel,5-Speed A/T,Silver,–,At Least 1 Accident Or Damage Reported,Yes,24500.0,3.0,6.0,8,0.1098,24788.0,1,1,0,1.7847
Porsche,911 Carrera,2005,46200.0,Gasoline,325.0HP 3.6L Flat 6 Cylinder Engine Gasoline Fuel,6-Speed M/T,Silver,Black,None Reported,Yes,49999.0,3.6,6.0,19,1.0822,2310.0,1,0,0,0.8778
Chevrolet,Corvette Stingray W/2Lt,2022,3158.0,Gasoline,490.0HP 6.2L 8 Cylinder Engine Gasoline Fuel,8-Speed A/T,Red,Red,None Reported,Yes,85989.0,6.2,8.0,2,27.2203,1053.0,0,0,0,0.0063
Gmc,Acadia Sle,2021,26000.0,Gasoline,228.0HP 2.0L 4 Cylinder Engine Gasoline Fuel,A/T,White,Black,None Reported,Yes,30900.0,2.0,4.0,3,1.1884,6500.0,0,0,0,0.078
Porsche,911 Carrera,2020,12758.0,Gasoline,379.0HP 3.0L Flat 6 Cylinder Engine Gasoline Fuel,8-Speed A/T,Silver,Black,None Reported,Yes,107900.0,3.0,6.0,4,8.4568,2552.0,1,0,0,0.051
Chevrolet,Corvette Base,2007,123500.0,Gasoline,400.0HP 6.0L 8 Cylinder Engine Gasoline Fuel,Transmission W/Dual Shift Mode,Red,Beige,At Least 1 Accident Or Damage Reported,Yes,27000.0,6.0,8.0,17,0.2186,6861.0,0,1,0,2.0995
Ford,Mustang Gt Premium,2018,26840.0,Gasoline,460.0HP 5.0L 8 Cylinder Engine Gasoline Fuel,6-Speed M/T,White,Black,None Reported,Yes,42500.0,5.0,8.0,6,1.5834,3834.0,0,0,0,0.161
Ford,Edge Sel,2021,17836.0,Gasoline,2.0L I4 16V GDI DOHC Turbo,8-Speed Automatic,Silver,Ebony,None Reported,Yes,31933.0,2.0,,3,1.7903,4459.0,0,0,0,0.0535
Cadillac,Escalade Luxury,2012,114500.0,E85 Flex Fuel,403.0HP 6.2L 8 Cylinder Engine Flex Fuel Capability,A/T,Black,Black,None Reported,Yes,16100.0,6.2,8.0,12,0.1406,8808.0,1,0,0,1.374
Chevrolet,Corvette Stingray W/3Lt,2022,5400.0,Gasoline,490.0HP 6.2L 8 Cylinder Engine Gasoline Fuel,8-Speed A/T,White,Black,None Reported,Yes,89900.0,6.2,8.0,2,16.6451,1800.0,0,0,0,0.0108
Toyota,Corolla Le,2016,17500.0,Gasoline,132.0HP 1.8L 4 Cylinder Engine Gasoline Fuel,A/T,Red,Gray,None Reported,Yes,15100.0,1.8,4.0,8,0.8628,1944.0,0,0,0,0.14
Chevrolet,Express 2500 Work Van,2017,56000.0,Gasoline,285.0HP 4.8L 8 Cylinder Engine Gasoline Fuel,A/T,Blue,–,None Reported,Yes,44600.0,4.8,8.0,7,0.7964,7000.0,0,0,0,0.392
Chevrolet,Trax Ls,2020,20800.0,Gasoline,138.0HP 1.4L 4 Cylinder Engine Gasoline Fuel,6-Speed A/T,Black,Beige,None Reported,Yes,19000.0,1.4,4.0,4,0.9134,4160.0,0,0,0,0.0832
Volkswagen,Golf Auto Tsi S,2015,107543.0,Gasoline,170.0HP 1.8L 4 Cylinder Engine Gasoline Fuel,Transmission W/Dual Shift Mode,Black,Black,None Reported,Yes,13200.0,1.8,4.0,9,0.1227,10754.0,0,0,0,0.9679
Nissan,Pathfinder Silver,2012,206000.0,Gasoline,266.0HP 4.0L V6 Cylinder Engine Gasoline Fuel,Transmission W/Dual Shift Mode,Black,Black,None Reported,Yes,5000.0,4.0,6.0,12,0.0243,15846.0,0,0,0,2.472
Ford,F-150 Platinum,2018,37100.0,E85 Flex Fuel,395.0HP 5.0L 8 Cylinder Engine Flex Fuel Capability,10-Speed A/T,Black,Black,None Reported,Yes,46000.0,5.0,8.0,6,1.2399,5300.0,0,0,0,0.2226
Land,Rover Range Rover Velar P380 Se R-Dynamic,2019,19813.0,Gasoline,380.0HP 3.0L V6 Cylinder Engine Gasoline Fuel,8-Speed A/T,Silver,Beige,None Reported,Yes,51900.0,3.0,6.0,5,2.6194,3302.0,0,0,0,0.0991
Kia,Sportage Lx,2010,208321.0,Gasoline,173.0HP 2.7L V6 Cylinder Engine Gasoline Fuel,A/T,White,Beige,None Reported,Yes,3500.0,2.7,6.0,14,0.0168,13888.0,0,0,0,2.9165
Lexus,Ls 460 Base,2012,200000.0,Gasoline,380.0HP 4.6L 8 Cylinder Engine Gasoline Fuel,Transmission W/Dual Shift Mode,White,Beige,At Least 1 Accident Or Damage Reported,Yes,9995.0,4.6,8.0,12,0.05,15385.0,1,1,0,2.4
Mini,Cooper S Base,2012,66000.0,Gasoline,181.0HP 1.6L 4 Cylinder Engine Gasoline Fuel,6-Speed A/T,White,Black,None Reported,Yes,10999.0,1.6,4.0,12,0.1666,5077.0,0,0,0,0.792
Bentley,Bentayga Activity Edition,2018,41000.0,Gasoline,600.0HP 6.0L 12 Cylinder Engine Gasoline Fuel,8-Speed A/T,Gray,Gray,None Reported,Yes,113000.0,6.0,12.0,6,2.756,5857.0,0,0,0,0.246
Volvo,Xc60 T6 Inscription,2019,20623.0,Gasoline,330.0HP 2.0L 4 Cylinder Engine Gasoline Fuel,A/T,Silver,Black,None Reported,Yes,36800.0,2.0,4.0,5,1.7843,3437.0,0,0,0,0.1031
Ford,Explorer Limited,2018,86000.0,Gasoline,290.0HP 3.5L V6 Cylinder Engine Gasoline Fuel,Transmission W/Dual Shift Mode,Black,Black,None Reported,Yes,26900.0,3.5,6.0,6,0.3128,12286.0,0,0,0,0.516
Porsche,Cayenne Turbo Gt,2022,1766.0,Gasoline,4.0L,Automatic,Custom Color,Black,None Reported,Unknown,209995.0,4.0,,2,118.8427,589.0,1,0,0,0.0035
Mercedes-Benz,G-Class G 550 4Matic,2016,51354.0,Gasoline,416.0HP 4.0L 8 Cylinder Engine Gasoline Fuel,7-Speed A/T,Blue,Black,None Reported,Yes,73000.0,4.0,8.0,8,1.4215,5706.0,1,0,0,0.4108
Jeep,Wrangler Unlimited Rubicon 392,2021,38000.0,Gasoline,470.0HP 6.4L 8 Cylinder Engine Gasoline Fuel,Transmission W/Dual Shift Mode,Gray,Black,None Reported,Yes,72980.0,6.4,8.0,3,1.9205,9500.0,0,0,0,0.114
Toyota,Avalon Hybrid Xle Premium,2015,161000.0,Hybrid,200.0HP 2.5L 4 Cylinder Engine Gas/Electric Hybrid,Cvt Transmission,Blue,Gray,None Reported,Yes,11500.0,2.5,4.0,9,0.0714,16100.0,0,0,1,1.449
Nissan,Juke Sl,2012,74750.0,Gasoline,188.0HP 1.6L 4 Cylinder Engine Gasoline Fuel,Cvt Transmission,Black,Black,None Reported,Yes,12500.0,1.6,4.0,12,0.1672,5750.0,0,0,0,0.897
Porsche,911 Carrera 4,2013,67522.0,Gasoline,350.0HP 3.4L Flat 6 Cylinder Engine Gasoline Fuel,7-Speed A/T,Gray,Black,At Least 1 Accident Or Damage Reported,Yes,59500.0,3.4,6.0,11,0.8812,5627.0,1,1,0,0.7427
Mini,Cooper S Base,2012,152000.0,Gasoline,181.0HP 1.6L 4 Cylinder Engine Gasoline Fuel,6-Speed A/T,White,Black,None Reported,Yes,9000.0,1.6,4.0,12,0.0592,11692.0,0,0,0,1.824
Subaru,Ascent Touring 7-Passenger,2019,71273.0,Gasoline,260.0HP 2.4L 4 Cylinder Engine Gasoline Fuel,Cvt Transmission,Black,Brown,None Reported,Yes,23900.0,2.4,4.0,5,0.3353,11879.0,0,0,0,0.3564
Subaru,Wrx Sti Base,2017,37800.0,Gasoline,305.0HP 2.5L 4 Cylinder Engine Gasoline Fuel,6-Speed M/T,Blue,Black,None Reported,Yes,32500.0,2.5,4.0,7,0.8598,4725.0,0,0,0,0.2646
Land,Rover Range Rover Sport Hse,2019,42000.0,Gasoline,340.0HP 3.0L V6 Cylinder Engine Gasoline Fuel,Transmission W/Dual Shift Mode,White,Black,None Reported,Yes,48990.0,3.0,6.0,5,1.1664,7000.0,0,0,0,0.21
Kia,Sorento Plug-In Hybrid Sx Prestige,2022,10101.0,Plug-In Hybrid,261.0HP 1.6L 4 Cylinder Engine Plug-In Electric/Gas,6-Speed A/T,White,–,None Reported,Yes,44990.0,1.6,4.0,2,4.4536,3367.0,0,0,1,0.0202
Chevrolet,Corvette Stingray W/2Lt,2022,7900.0,Gasoline,490.0HP 6.2L 8 Cylinder Engine Gasoline Fuel,8-Speed A/T,White,Red,None Reported,Yes,92500.0,6.2,8.0,2,11.7074,2633.0,0,0,0,0.0158
Tesla,Model 3 Performance,2020,45468.0,Gasoline,455.0HP Electric Motor Electric Fuel System,1-Speed A/T,Silver,White,None Reported,Yes,45999.0,,,4,1.0117,9094.0,0,0,0,0.1819
Nissan,Armada Sv,2017,187141.0,Gasoline,390.0HP 5.6L 8 Cylinder Engine Gasoline Fuel,A/T,Black,Black,None Reported,Yes,16995.0,5.6,8.0,7,0.0908,23393.0,0,0,0,1.31
Porsche,Cayenne Turbo S,2014,99100.0,Gasoline,550.0HP 4.8L 8 Cylinder Engine Gasoline Fuel,8-Speed A/T,White,Black,None Reported,Yes,32000.0,4.8,8.0,10,0.3229,9009.0,1,0,0,0.991
Subaru,Outback Touring Xt,2021,33500.0,Gasoline,260.0HP 2.4L 4 Cylinder Engine Gasoline Fuel,Cvt Transmission,Blue,Brown,None Reported,Yes,34000.0,2.4,4.0,3,1.0149,8375.0,0,0,0,0.1005
Acura,Rlx Advance Package,2016,102665.0,Gasoline,310.0HP 3.5L V6 Cylinder Engine Gasoline Fuel,6-Speed A/T,Black,Black,None Reported,Yes,15450.0,3.5,6.0,8,0.1505,11407.0,0,0,0,0.8213
Ford,Mustang Gt,2001,52675.0,Gasoline,260.0HP 4.6L 8 Cylinder Engine Gasoline Fuel,5-Speed M/T,Black,Black,None Reported,Yes,16995.0,4.6,8.0,23,0.3226,2195.0,0,0,0,1.2115
Bmw,330 I Xdrive,2017,59203.0,Gasoline,248.0HP 2.0L 4 Cylinder Engine Gasoline Fuel,A/T,White,–,None Reported,Yes,23000.0,2.0,4.0,7,0.3885,7400.0,1,0,0,0.4144
Mercedes-Benz,Sl-Class Sl550 Roadster,2009,60100.0,Gasoline,382.0HP 5.5L 8 Cylinder Engine Gasoline Fuel,7-Speed A/T,Black,Black,None Reported,Yes,27000.0,5.5,8.0,15,0.4492,3756.0,1,0,0,0.9015
Audi,Sq8 4.0T Premium Plus,2021,43238.0,Gasoline,500.0HP 4.0L 8 Cylinder Engine Gasoline Fuel,Transmission W/Dual Shift Mode,Black,Red,None Reported,Yes,76400.0,4.0,8.0,3,1.7669,10810.0,1,0,0,0.1297
Mini,Cooper S Base,2007,118000.0,Gasoline,172.0HP 1.6L 4 Cylinder Engine Gasoline Fuel,A/T,Beige,Black,None Reported,Yes,3600.0,1.6,4.0,17,0.0305,6556.0,0,0,0,2.006
Ford,Mustang Ecoboost,2021,17300.0,Gasoline,310.0HP 2.3L 4 Cylinder Engine Gasoline Fuel,10-Speed A/T,Yellow,Black,None Reported,Yes,31000.0,2.3,4.0,3,1.7918,4325.0,0,0,0,0.0519
Audi,Rs 7 4.0T Prestige,2016,64800.0,Gasoline,560.0HP 4.0L 8 Cylinder Engine Gasoline Fuel,8-Speed A/T,White,Brown,None Reported,Yes,50000.0,4.0,8.0,8,0.7716,7200.0,1,0,0,0.5184
Mercedes-Benz,Glc 300 Glc 300,2022,1408.0,Gasoline,2.0 Liter Turbo,Automatic,Lunar Blue Metallic,–,None Reported,Unknown,46798.0,,,2,33.2136,469.0,1,0,0,0.0028
Volkswagen,Touareg Tdi Lux,2015,15167.0,Diesel,240.0HP 3.0L V6 Cylinder Engine Diesel Fuel,8-Speed A/T,Gold,Black,None Reported,Yes,35000.0,3.0,6.0,9,2.3075,1517.0,0,0,0,0.1365
Porsche,Cayenne Gts,2016,64600.0,Gasoline,440.0HP 3.6L V6 Cylinder Engine Gasoline Fuel,8-Speed A/T,White,Red,None Reported,Yes,41000.0,3.6,6.0,8,0.6347,7178.0,1,0,0,0.5168
Jeep,Grand Wagoneer Series Iii,2022,31112.0,Gasoline,471.0HP 6.4L 8 Cylinder Engine Gasoline Fuel,8-Speed A/T,Black,Black,None Reported,Yes,83000.0,6.4,8.0,2,2.6677,10371.0,0,0,0,0.0622
Tesla,Model X 100D,2018,23250.0,Gasoline,518.0HP Electric Motor Electric Fuel System,1-Speed A/T,Gray,White,None Reported,Yes,57000.0,,,6,2.4515,3321.0,0,0,0,0.1395
Mini,Cooper S Base,2011,63500.0,Gasoline,181.0HP 1.6L 4 Cylinder Engine Gasoline Fuel,6-Speed M/T,Silver,Black,None Reported,Yes,10500.0,1.6,4.0,13,0.1654,4536.0,0,0,0,0.8255
Ram,1500 Laramie,2022,13464.0,Gasoline,5.7L V8 16V MPFI OHV,8-Speed Automatic,Diamond Black,Black,None Reported,Unknown,46999.0,5.7,,2,3.4905,4488.0,0,0,0,0.0269
Chevrolet,Camaro Base,2001,64776.0,Gasoline,200.0HP 3.8L V6 Cylinder Engine Gasoline Fuel,A/T,Black,Gray,None Reported,Yes,7500.0,3.8,6.0,23,0.1158,2699.0,0,0,0,1.4898
Jeep,Cherokee X,2022,9601.0,Gasoline,3.2L V6 24V MPFI DOHC,Automatic,Sting Gray Clearcoat,Black,None Reported,Unknown,33498.0,3.2,,2,3.4886,3200.0,0,0,0,0.0192
Bmw,Alpina B7 Xdrive,2013,135000.0,Gasoline,445.0HP 4.4L 8 Cylinder Engine Gasoline Fuel,A/T,Black,Black,At Least 1 Accident Or Damage Reported,Yes,14000.0,4.4,8.0,11,0.1037,11250.0,1,1,0,1.485
Volvo,Xc90 3.2 Premier Plus,2013,208864.0,Gasoline,240.0HP 3.2L Straight 6 Cylinder Engine Gasoline Fuel,6-Speed A/T,White,Beige,At Least 1 Accident Or Damage Reported,Yes,7500.0,3.2,6.0,11,0.0359,17405.0,0,1,0,2.2975
Infiniti,Q50 3.0T Premium,2016,49872.0,Gasoline,300.0HP 3.0L V6 Cylinder Engine Gasoline Fuel,7-Speed A/T,Gray,Black,At Least 1 Accident Or Damage Reported,Yes,21500.0,3.0,6.0,8,0.4311,5541.0,0,1,0,0.399
Mini,Cooper Base,2009,90367.0,Gasoline,118.0HP 1.6L 4 Cylinder Engine Gasoline Fuel,6-Speed M/T,Red,Black,None Reported,Yes,9250.0,1.6,4.0,15,0.1024,5648.0,0,0,0,1.3555
Porsche,911 Carrera 4S,2014,36670.0,Gasoline,400.0HP 3.8L Flat 6 Cylinder Engine Gasoline Fuel,Transmission W/Dual Shift Mode,White,Black,None Reported,Yes,82499.0,3.8,6.0,10,2.2497,3334.0,1,0,0,0.3667
Jeep,Grand Wagoneer Base,2023,3752.0,Gasoline,6.4L V8 16V MPFI OHV,8-Speed Automatic,Ember Pearlcoat,Global Black,None Reported,Yes,84620.0,6.4,,1,22.5473,1876.0,0,0,0,0.0038
Lexus,Rx 350 Base,2021,30761.0,Gasoline,3.5L V6 24V PDI DOHC,8-Speed Automatic,Eminent White Pearl,Black,None Reported,Unknown,44950.0,3.5,,3,1.4612,7690.0,1,0,0,0.0923
Ram,1500 Laramie,2022,13438.0,Gasoline,5.7L V8 16V MPFI OHV,8-Speed Automatic,Diamond Black,Black,None Reported,Unknown,46599.0,5.7,,2,3.4674,4479.0,0,0,0,0.0269
Jeep,Gladiator Overland,2020,9100.0,Gasoline,285.0HP 3.6L V6 Cylinder Engine Gasoline Fuel,8-Speed A/T,Red,Black,None Reported,Yes,49895.0,3.6,6.0,4,5.4824,1820.0,0,0,0,0.0364
Chrysler,200 Limited,2017,100600.0,–,–,A/T,Black,Black,None Reported,Yes,10000.0,,,7,0.0994,12575.0,0,0,0,0.7042
Ford,Fusion Hybrid Base,2011,223089.60000000012,Hybrid,156.0HP 2.5L 4 Cylinder Engine Gas/Electric Hybrid,A/T,White,Brown,At Least 1 Accident Or Damage Reported,Yes,4500.0,2.5,4.0,13,0.0202,15935.0,0,1,1,2.9002
Audi,A6 2.0T Premium Plus,2016,96000.0,Gasoline,252.0HP 2.0L 4 Cylinder Engine Gasoline Fuel,8-Speed A/T,Black,Black,None Reported,Yes,21990.0,2.0,4.0,8,0.2291,10667.0,1,0,0,0.768
Chevrolet,Silverado 1500 Z71 Extended Cab,2004,185000.0,Gasoline,295.0HP 5.3L 8 Cylinder Engine Gasoline Fuel,4-Speed A/T,Red,Gray,At Least 1 Accident Or Damage Reported,Yes,10500.0,5.3,8.0,20,0.0568,8810.0,0,1,0,3.7
Porsche,Taycan Base,2021,6900.0,Gasoline,375.0HP Electric Motor Electric Fuel System,2-Speed A/T,White,Beige,None Reported,Yes,79999.0,,,3,11.5924,1725.0,1,0,0,0.0207
Honda,Accord Hybrid Touring,2017,96400.0,Hybrid,212.0HP 2.0L 4 Cylinder Engine Gas/Electric Hybrid,Cvt Transmission,White,Beige,At Least 1 Accident Or Damage Reported,Yes,18500.0,2.0,4.0,7,0.1919,12050.0,0,1,1,0.6748
Ram,2500 Slt,2018,67865.0,Gasoline,410.0HP 6.4L 8 Cylinder Engine Gasoline Fuel,6-Speed A/T,White,Gray,None Reported,Yes,36500.0,6.4,8.0,6,0.5378,9695.0,0,0,0,0.4072
Land,Rover Range Rover Sport Supercharged,2015,64300.0,E85 Flex Fuel,550.0HP 5.0L 8 Cylinder Engine Flex Fuel Capability,Transmission W/Dual Shift Mode,Blue,Black,None Reported,Yes,44850.0,5.0,8.0,9,0.6975,6430.0,0,0,0,0.5787
Chevrolet,Colorado Zr2,2018,76500.0,Gasoline,308.0HP 3.6L V6 Cylinder Engine Gasoline Fuel,8-Speed A/T,White,Black,None Reported,Yes,33500.0,3.6,6.0,6,0.4379,10929.0,0,0,0,0.459
Gmc,Sierra 2500 Denali,2017,96343.0,Diesel,445.0HP 6.6L 8 Cylinder Engine Diesel Fuel,6-Speed A/T,Blue,Beige,At Least 1 Accident Or Damage Reported,Yes,53000.0,6.6,8.0,7,0.5501,12043.0,0,1,0,0.6744
Subaru,Crosstrek 2.0I Limited,2018,74600.0,Gasoline,152.0HP 2.0L 4 Cylinder Engine Gasoline Fuel,Transmission W/Dual Shift Mode,Blue,Black,None Reported,Yes,24000.0,2.0,4.0,6,0.3217,10657.0,0,0,0,0.4476
Subaru,Outback 2.5I Limited,2014,157530.0,Gasoline,2.5L H4 16V MPFI DOHC,Automatic Cvt,Twilight Blue Metallic,Black,At Least 1 Accident Or Damage Reported,Yes,9995.0,2.5,,10,0.0634,14321.0,0,1,0,1.5753
Tesla,Model X Plaid,2022,15000.0,Gasoline,1020.0HP Electric Motor Electric Fuel System,A/T,White,White,None Reported,Yes,95999.0,,,2,6.3995,5000.0,0,0,0,0.03
Jeep,Wrangler Unlimited Rubicon,2012,80000.0,Gasoline,285.0HP 3.6L V6 Cylinder Engine Gasoline Fuel,A/T,Orange,Black,None Reported,Yes,30000.0,3.6,6.0,12,0.375,6154.0,0,0,0,0.96
Tesla,Model S 100D,2018,83424.0,Gasoline,518.0HP Electric Motor Electric Fuel System,1-Speed A/T,Gray,Beige,None Reported,Yes,45000.0,,,6,0.5394,11918.0,0,0,0,0.5005
Mercedes-Benz,C-Class C 300 4Matic,2021,19000.0,Gasoline,255.0HP 2.0L 4 Cylinder Engine Gasoline Fuel,A/T,Blue,Beige,None Reported,Yes,37999.0,2.0,4.0,3,1.9998,4750.0,1,0,0,0.057
Porsche,911 Carrera S,2013,64000.0,Gasoline,400.0HP 3.8L Flat 6 Cylinder Engine Gasoline Fuel,7-Speed A/T,Gray,Black,At Least 1 Accident Or Damage Reported,Yes,67000.0,3.8,6.0,11,1.0469,5333.0,1,1,0,0.704
Mercedes-Benz,Gls 450 Base 4Matic,2019,34068.0,Gasoline,362.0HP 3.0L V6 Cylinder Engine Gasoline Fuel,9-Speed A/T,White,Beige,None Reported,Yes,46900.0,3.0,6.0,5,1.3766,5678.0,1,0,0,0.1703
Buick,Envision Preferred,2021,20104.0,Gasoline,2.0L I4 16V GDI DOHC Turbo,9-Speed Automatic,Burnished Bronze Metallic,Ebony,None Reported,Yes,33295.0,2.0,,3,1.6561,5026.0,0,0,0,0.0603
Nissan,Armada Platinum,2022,8400.0,Gasoline,400.0HP 5.6L 8 Cylinder Engine Gasoline Fuel,7-Speed A/T,Red,Beige,None Reported,Yes,59950.0,5.6,8.0,2,7.1361,2800.0,0,0,0,0.0168
Porsche,911 Turbo,2021,11938.0,Gasoline,572.0HP 3.8L Flat 6 Cylinder Engine Gasoline Fuel,Transmission W/Dual Shift Mode,Black,–,Unknown,Unknown,209000.0,3.8,6.0,3,17.5057,2984.0,1,0,0,0.0358
Chevrolet,Corvette Stingray W/2Lt,2021,24670.0,Gasoline,490.0HP 6.2L 8 Cylinder Engine Gasoline Fuel,Transmission W/Dual Shift Mode,White,Brown,None Reported,Yes,72500.0,6.2,8.0,3,2.9387,6168.0,0,0,0,0.074
Ford,Mustang Shelby Gt500,2013,16478.0,Gasoline,650.0HP 5.8L 8 Cylinder Engine Gasoline Fuel,6-Speed M/T,White,Black,None Reported,Yes,66400.0,5.8,8.0,11,4.0294,1373.0,0,0,0,0.1813
Ford,F-150 Xl,2018,52500.0,E85 Flex Fuel,395.0HP 5.0L 8 Cylinder Engine Flex Fuel Capability,A/T,Gray,Gray,None Reported,Yes,35000.0,5.0,8.0,6,0.6667,7500.0,0,0,0,0.315
Porsche,Cayenne Turbo,2004,92500.0,Gasoline,450.0HP 4.5L 8 Cylinder Engine Gasoline Fuel,Transmission W/Dual Shift Mode,Silver,Black,None Reported,Yes,12000.0,4.5,8.0,20,0.1297,4405.0,1,0,0,1.85
Mitsubishi,Eclipse Spyder Gt,2008,62930.0,Gasoline,260.0HP 3.8L V6 Cylinder Engine Gasoline Fuel,A/T,Gray,Black,At Least 1 Accident Or Damage Reported,Yes,10000.0,3.8,6.0,16,0.1589,3702.0,0,1,0,1.0069
Lexus,Gx 470 Base,2007,116600.0,Gasoline,263.0HP 4.7L 8 Cylinder Engine Gasoline Fuel,5-Speed A/T,White,Gray,None Reported,Yes,19975.0,4.7,8.0,17,0.1713,6478.0,1,0,0,1.9822
Dodge,Dakota Big Horn/Lone Star,2010,172024.0,Gasoline,210.0HP 3.7L V6 Cylinder Engine Gasoline Fuel,4-Speed A/T,Red,Brown,At Least 1 Accident Or Damage Reported,Yes,7500.0,3.7,6.0,14,0.0436,11468.0,0,1,0,2.4083
Jeep,Wrangler Sport,2012,57237.0,Gasoline,285.0HP 3.6L V6 Cylinder Engine Gasoline Fuel,A/T,Black,Black,None Reported,Yes,22500.0,3.6,6.0,12,0.3931,4403.0,0,0,0,0.6868
Subaru,Outback Limited,2020,44600.0,Gasoline,182.0HP 2.5L 4 Cylinder Engine Gasoline Fuel,Cvt Transmission,Silver,Gray,None Reported,Yes,28300.0,2.5,4.0,4,0.6345,8920.0,0,0,0,0.1784
Jeep,Wrangler Unlimited Rubicon,2013,181830.0,Gasoline,285.0HP 3.6L V6 Cylinder Engine Gasoline Fuel,6-Speed M/T,Black,Black,None Reported,Yes,21000.0,3.6,6.0,11,0.1155,15152.0,0,0,0,2.0001
Subaru,Ascent Touring 7-Passenger,2021,39948.0,Gasoline,2.4L H4 16V GDI DOHC Turbo,Automatic Cvt,Ice Silver Metallic,Black,None Reported,Yes,36791.0,2.4,,3,0.9209,9987.0,0,0,0,0.1198
Ford,F-350 Xl,2017,156453.0,Diesel,440.0HP 6.7L 8 Cylinder Engine Diesel Fuel,6-Speed A/T,White,Beige,None Reported,Yes,40000.0,6.7,8.0,7,0.2557,19557.0,0,0,0,1.0952
Porsche,Cayenne Turbo S,2014,156193.0,Gasoline,550.0HP 4.8L 8 Cylinder Engine Gasoline Fuel,8-Speed A/T,Silver,Black,None Reported,Yes,36000.0,4.8,8.0,10,0.2305,14199.0,1,0,0,1.5619
Bmw,X1 Xdrive28I,2020,27989.0,Gasoline,228.0HP 2.0L 4 Cylinder Engine Gasoline Fuel,A/T,Gray,Black,None Reported,Yes,29000.0,2.0,4.0,4,1.0361,5598.0,1,0,0,0.112
Toyota,4Runner Limited,2014,146700.0,Gasoline,270.0HP 4.0L V6 Cylinder Engine Gasoline Fuel,5-Speed A/T,Blue,Black,At Least 1 Accident Or Damage Reported,Yes,24999.0,4.0,6.0,10,0.1704,13336.0,0,1,0,1.467
Gmc,Yukon Denali,2019,88450.0,Gasoline,420.0HP 6.2L 8 Cylinder Engine Gasoline Fuel,10-Speed A/T,Black,Beige,At Least 1 Accident Or Damage Reported,Yes,42900.0,6.2,8.0,5,0.485,14742.0,0,1,0,0.4422
Toyota,C-Hr Le,2020,14065.0,Gasoline,2.0L I4 16V MPFI DOHC,Automatic Cvt,Gray,Black,At Least 1 Accident Or Damage Reported,Yes,27671.0,2.0,,4,1.9672,2813.0,0,1,0,0.0563
Subaru,Outback Limited Xt,2020,36844.0,Gasoline,2.4L H4 16V GDI DOHC Turbo,Automatic Cvt,Magnetite Gray Metallic,Black,At Least 1 Accident Or Damage Reported,Unknown,30427.0,2.4,,4,0.8258,7369.0,0,1,0,0.1474
Chevrolet,Silverado 1500 Lt Trail Boss,2020,49000.0,Gasoline,355.0HP 5.3L 8 Cylinder Engine Gasoline Fuel,A/T,White,Black,None Reported,Yes,44900.0,5.3,8.0,4,0.9163,9800.0,0,0,0,0.196
Bmw,X5 Xdrive50I,2013,58000.0,Gasoline,400.0HP 4.4L 8 Cylinder Engine Gasoline Fuel,8-Speed A/T,White,Black,None Reported,Yes,17900.0,4.4,8.0,11,0.3086,4833.0,1,0,0,0.638
Audi,A6 55 Prestige,2021,22800.0,Hybrid,335.0HP 3.0L V6 Cylinder Engine Gasoline/Mild Electric Hybrid,A/T,Blue,Brown,None Reported,Yes,52000.0,3.0,6.0,3,2.2806,5700.0,1,0,1,0.0684
Subaru,Outback 2.5I Limited,2014,78007.0,Gasoline,173.0HP 2.5L 4 Cylinder Engine Gasoline Fuel,A/T,Blue,Black,None Reported,Yes,14750.0,2.5,4.0,10,0.1891,7092.0,0,0,0,0.7801
Ford,F-250 King Ranch,2020,36500.0,Diesel,475.0HP 6.7L 8 Cylinder Engine Diesel Fuel,10-Speed A/T,Gray,Brown,None Reported,Yes,69900.0,6.7,8.0,4,1.915,7300.0,0,0,0,0.146
Honda,Cr-V Ex,2004,156350.0,Gasoline,160.0HP 2.4L 4 Cylinder Engine Gasoline Fuel,A/T,Brown,Beige,At Least 1 Accident Or Damage Reported,Yes,3990.0,2.4,4.0,20,0.0255,7445.0,0,1,0,3.127
Lexus,Gx 460 Luxury,2021,17710.0,Gasoline,301.0HP 4.6L 8 Cylinder Engine Gasoline Fuel,A/T,White,Red,None Reported,Yes,59000.0,4.6,8.0,3,3.3313,4428.0,1,0,0,0.0531
Ford,Explorer Xlt,2013,149000.0,Gasoline,290.0HP 3.5L V6 Cylinder Engine Gasoline Fuel,A/T,Brown,Beige,At Least 1 Accident Or Damage Reported,Yes,7850.0,3.5,6.0,11,0.0527,12417.0,0,1,0,1.639
Subaru,Forester 2.5I Limited,2015,90000.0,Gasoline,170.0HP 2.5L 4 Cylinder Engine Gasoline Fuel,Cvt Transmission,Silver,Gray,None Reported,Yes,16000.0,2.5,4.0,9,0.1778,9000.0,0,0,0,0.81
Ford,Bronco Wildtrak Advanced,2022,9990.0,Gasoline,315.0HP 2.7L V6 Cylinder Engine Gasoline Fuel,Transmission W/Dual Shift Mode,Silver,Black,None Reported,Yes,64500.0,2.7,6.0,2,6.4558,3330.0,0,0,0,0.02
Mercedes-Benz,A-Class A 220 4Matic,2019,28663.0,Gasoline,2.0L I4 16V GDI DOHC Turbo,7-Speed Automatic With Auto-Shift,Jupiter Red,Black,None Reported,Unknown,29500.0,2.0,,5,1.0292,4777.0,1,0,0,0.1433
Lexus,Nx 200T Base,2015,124250.0,Gasoline,235.0HP 2.0L 4 Cylinder Engine Gasoline Fuel,A/T,Gray,Orange,At Least 1 Accident Or Damage Reported,Yes,17900.0,2.0,4.0,9,0.1441,12425.0,1,1,0,1.1182
Ford,F-250 Lariat,2017,50780.0,Diesel,440.0HP 6.7L 8 Cylinder Engine Diesel Fuel,6-Speed A/T,White,Black,None Reported,Yes,61000.0,6.7,8.0,7,1.2012,6348.0,0,0,0,0.3555
Porsche,911 Carrera C4S,2006,65000.0,Gasoline,355.0HP 3.8L Flat 6 Cylinder Engine Gasoline Fuel,6-Speed M/T,Blue,Gray,Unknown,Unknown,43000.0,3.8,6.0,18,0.6615,3421.0,1,0,0,1.17
Tesla,Model 3 Long Range,2022,22457.0,Gasoline,Electric,Automatic,Midnight Silver Metallic,Black,None Reported,Unknown,40036.0,,,2,1.7827,7486.0,0,0,0,0.0449
Toyota,Camry Xse,2022,19361.0,Gasoline,3.5 Liter,Automatic,Red,Black,None Reported,Unknown,38298.0,,,2,1.978,6454.0,0,0,0,0.0387
Bmw,I3 94 Ah,2017,43000.0,Gasoline,170.0HP 0.65L Electric Motor Electric Fuel System,1-Speed A/T,Black,–,None Reported,Yes,16500.0,0.65,,7,0.3837,5375.0,1,0,0,0.301
Ford,F-250 Xl Supercab H/D,1993,115000.0,–,–,A/T,Red,Gray,None Reported,Yes,21900.0,,,31,0.1904,3594.0,0,0,0,3.565
Porsche,Taycan Turbo,2020,2076.0,Gasoline,Electric,Automatic,Gray,Red,None Reported,Unknown,115998.0,,,4,55.8488,415.0,1,0,0,0.0083
Porsche,911 Gt3,2018,9712.0,Gasoline,4.0L H6 24V GDI DOHC,7-Speed Automatic With Auto-Shift,Red,Black,None Reported,Unknown,188900.0,4.0,,6,19.4482,1387.0,1,0,0,0.0583
Mercedes-Benz,E-Class E55 Amg,2005,131000.0,Gasoline,469.0HP 5.4L 8 Cylinder Engine Gasoline Fuel,5-Speed A/T,Gray,Black,None Reported,Yes,16500.0,5.4,8.0,19,0.126,6550.0,1,0,0,2.489
Toyota,Highlander Xle,2022,31000.0,Gasoline,295.0HP 3.5L V6 Cylinder Engine Gasoline Fuel,Transmission W/Dual Shift Mode,Gray,Gray,None Reported,Yes,43000.0,3.5,6.0,2,1.3871,10333.0,0,0,0,0.062
Volvo,S60 Recharge Plug-In Hybrid T8 Inscription,2021,24158.0,Plug-In Hybrid,400.0HP 2.0L 4 Cylinder Engine Plug-In Electric/Gas,8-Speed A/T,Gray,Black,None Reported,Yes,44900.0,2.0,4.0,3,1.8585,6040.0,0,0,1,0.0725
Audi,A6 3.0T Premium Plus,2016,72865.0,Gasoline,333.0HP 3.0L V6 Cylinder Engine Gasoline Fuel,A/T,Black,Black,At Least 1 Accident Or Damage Reported,Yes,22000.0,3.0,6.0,8,0.3019,8096.0,1,1,0,0.5829
Mercedes-Benz,E-Class E 350 4Matic,2014,89563.0,Gasoline,302.0HP 3.5L V6 Cylinder Engine Gasoline Fuel,7-Speed A/T,Blue,Black,None Reported,Yes,18995.0,3.5,6.0,10,0.2121,8142.0,1,0,0,0.8956
Nissan,Juke Sl,2012,72639.0,Gasoline,188.0HP 1.6L 4 Cylinder Engine Gasoline Fuel,Cvt Transmission,Black,Black,At Least 1 Accident Or Damage Reported,Yes,15000.0,1.6,4.0,12,0.2065,5588.0,0,1,0,0.8717
Mercedes-Benz,Cls-Class Cls 550,2012,79000.0,Gasoline,402.0HP 4.6L 8 Cylinder Engine Gasoline Fuel,7-Speed A/T,Black,Black,None Reported,Yes,19999.0,4.6,8.0,12,0.2531,6077.0,1,0,0,0.948
Audi,A3 2.0T Premium,2012,111564.0,Gasoline,200.0HP 2.0L 4 Cylinder Engine Gasoline Fuel,6-Speed A/T,White,Black,None Reported,Yes,11200.0,2.0,4.0,12,0.1004,8582.0,1,0,0,1.3388
Lexus,Gx 460 Base,2018,75000.0,Gasoline,301.0HP 4.6L 8 Cylinder Engine Gasoline Fuel,6-Speed A/T,White,Beige,At Least 1 Accident Or Damage Reported,Yes,38095.0,4.6,8.0,6,0.5079,10714.0,1,1,0,0.45
Ford,Mustang Premium,2007,169613.0,Gasoline,210.0HP 4.0L V6 Cylinder Engine Gasoline Fuel,A/T,Black,Black,At Least 1 Accident Or Damage Reported,Yes,5900.0,4.0,6.0,17,0.0348,9423.0,0,1,0,2.8834
Honda,Pilot Ex-L,2011,175000.0,Gasoline,250.0HP 3.5L V6 Cylinder Engine Gasoline Fuel,5-Speed A/T,Black,Gray,None Reported,Yes,9000.0,3.5,6.0,13,0.0514,12500.0,0,0,0,2.275
Bmw,540 I,2017,98500.0,Gasoline,335.0HP 3.0L Straight 6 Cylinder Engine Gasoline Fuel,8-Speed A/T,Black,Black,None Reported,Yes,24500.0,3.0,6.0,7,0.2487,12312.0,1,0,0,0.6895
Chrysler,300 S,2012,53000.0,Gasoline,292.0HP 3.6L V6 Cylinder Engine Gasoline Fuel,Transmission W/Dual Shift Mode,Black,Black,At Least 1 Accident Or Damage Reported,Yes,13750.0,3.6,6.0,12,0.2594,4077.0,0,1,0,0.636
Ram,2500 Longhorn,2015,72200.0,Diesel,370.0HP 6.7L Straight 6 Cylinder Engine Diesel Fuel,6-Speed A/T,Black,Black,None Reported,Yes,52500.0,6.7,6.0,9,0.7271,7220.0,0,0,0,0.6498
Acura,Tsx Base,2005,151600.0,Gasoline,200.0HP 2.4L 4 Cylinder Engine Gasoline Fuel,6-Speed M/T,Black,Black,None Reported,Yes,7899.0,2.4,4.0,19,0.0521,7580.0,0,0,0,2.8804
Lotus,Evora 2+2,2011,20000.0,Gasoline,276.0HP 3.5L V6 Cylinder Engine Gasoline Fuel,6-Speed M/T,White,Red,None Reported,Yes,51000.0,3.5,6.0,13,2.5499,1429.0,0,0,0,0.26
Chevrolet,Avalanche 1500 Lt,2010,170000.0,E85 Flex Fuel,320.0HP 5.3L 8 Cylinder Engine Flex Fuel Capability,A/T,Black,Black,At Least 1 Accident Or Damage Reported,Yes,9000.0,5.3,8.0,14,0.0529,11333.0,0,1,0,2.38
Ford,F-150 Xlt,2019,69800.0,E85 Flex Fuel,395.0HP 5.0L 8 Cylinder Engine Flex Fuel Capability,10-Speed A/T,Silver,Gray,None Reported,Yes,34600.0,5.0,8.0,5,0.4957,11633.0,0,0,0,0.349
Toyota,Tundra Sr5,2020,26300.0,Gasoline,381.0HP 5.7L 8 Cylinder Engine Gasoline Fuel,6-Speed A/T,Gray,Gray,At Least 1 Accident Or Damage Reported,Yes,46199.0,5.7,8.0,4,1.7565,5260.0,0,1,0,0.1052
Honda,Fit Sport,2007,156111.0,Gasoline,109.0HP 1.5L 4 Cylinder Engine Gasoline Fuel,Transmission W/Dual Shift Mode,Red,Black,At Least 1 Accident Or Damage Reported,Yes,5200.0,1.5,4.0,17,0.0333,8673.0,0,1,0,2.6539
Chevrolet,Silverado 2500 Ltz,2016,172600.0,Diesel,397.0HP 6.6L 8 Cylinder Engine Diesel Fuel,A/T,Red,Black,At Least 1 Accident Or Damage Reported,Yes,32500.0,6.6,8.0,8,0.1883,19178.0,0,1,0,1.3808
Honda,Accord Crosstour Ex-L,2010,145000.0,Gasoline,271.0HP 3.5L V6 Cylinder Engine Gasoline Fuel,A/T,Green,Black,None Reported,Yes,9000.0,3.5,6.0,14,0.0621,9667.0,0,0,0,2.03
Ford,F-250 Xlt Super Duty,2001,64309.0,Gasoline,260.0HP 5.4L 8 Cylinder Engine Gasoline Fuel,A/T,White,Gray,None Reported,Yes,7500.0,5.4,8.0,23,0.1166,2680.0,0,0,0,1.4791
Ram,1500 Trx,2021,15183.0,Gasoline,702.0HP 6.2L 8 Cylinder Engine Gasoline Fuel,8-Speed A/T,Black,Black,None Reported,Yes,90000.0,6.2,8.0,3,5.9273,3796.0,0,0,0,0.0455
Buick,Envision Essence,2020,28548.0,Gasoline,2.5L I4 16V GDI DOHC,6-Speed Automatic,Ebony Twilight Metallic,Ebony,None Reported,Unknown,32063.0,2.5,,4,1.1231,5710.0,0,0,0,0.1142
Volkswagen,Atlas 3.6L Sel Premium R-Line,2022,14000.0,Gasoline,276.0HP 3.6L V6 Cylinder Engine Gasoline Fuel,8-Speed A/T,Gray,Black,None Reported,Yes,46900.0,3.6,6.0,2,3.3498,4667.0,0,0,0,0.028
Mercedes-Benz,Cls 450 Base,2019,67000.0,Hybrid,369.0HP 3.0L Straight 6 Cylinder Engine Gasoline/Mild Electric Hybrid,Transmission W/Dual Shift Mode,Yellow,Black,None Reported,Yes,44500.0,3.0,6.0,5,0.6642,11167.0,1,0,1,0.335
Jeep,Wrangler Unlimited Sport,2017,84786.0,Gasoline,285.0HP 3.6L V6 Cylinder Engine Gasoline Fuel,5-Speed A/T,Gray,Black,None Reported,Yes,23500.0,3.6,6.0,7,0.2772,10598.0,0,0,0,0.5935
Mercedes-Benz,S-Class S 63 Amg,2008,93000.0,Gasoline,518.0HP 6.2L 8 Cylinder Engine Gasoline Fuel,A/T,Black,Black,None Reported,Yes,17800.0,6.2,8.0,16,0.1914,5471.0,1,0,0,1.488
Hyundai,Genesis Coupe 3.8 Track,2010,127500.0,Gasoline,306.0HP 3.8L V6 Cylinder Engine Gasoline Fuel,6-Speed M/T,Blue,Black,At Least 1 Accident Or Damage Reported,Yes,6000.0,3.8,6.0,14,0.0471,8500.0,0,1,0,1.785
Ford,Mustang Mach-E Gt,2022,8000.0,Gasoline,480.0HP Electric Motor Electric Fuel System,1-Speed A/T,Blue,Black,None Reported,Yes,60999.0,,,2,7.6239,2667.0,0,0,0,0.016
Gmc,Canyon Elevation Standard,2022,16500.0,Gasoline,308.0HP 3.6L V6 Cylinder Engine Gasoline Fuel,8-Speed A/T,Gray,Gray,None Reported,Yes,32900.0,3.6,6.0,2,1.9938,5500.0,0,0,0,0.033
Jaguar,Xk Base,2013,55700.0,Gasoline,385.0HP 5.0L 8 Cylinder Engine Gasoline Fuel,6-Speed A/T,Black,Black,None Reported,Yes,27200.0,5.0,8.0,11,0.4883,4642.0,0,0,0,0.6127
Ford,F-250 Lariat,2021,42245.0,Diesel,Intercooled Turbo Diesel V-8 6.7 L/406,Automatic,Agate Black Metallic,Black,None Reported,Unknown,76598.0,,,3,1.8131,10561.0,0,0,0,0.1267
Toyota,Rav4 Base,2009,78500.0,Gasoline,179.0HP 2.5L 4 Cylinder Engine Gasoline Fuel,4-Speed A/T,Silver,–,None Reported,Yes,12000.0,2.5,4.0,15,0.1529,4906.0,0,0,0,1.1775
Ford,Expedition Platinum,2018,48619.0,Gasoline,400.0HP 3.5L V6 Cylinder Engine Gasoline Fuel,10-Speed A/T,Gray,White,None Reported,Yes,51499.0,3.5,6.0,6,1.0592,6946.0,0,0,0,0.2917
Jeep,Wrangler Unlimited 4Xe Sahara,2021,51105.0,Hybrid,2.0L I4 16V GDI DOHC Turbo Hybrid,8-Speed Automatic,Black Clearcoat,Black,None Reported,Yes,42700.0,2.0,,3,0.8355,12776.0,0,0,1,0.1533
Ford,F-150 Xlt,2016,25880.0,E85 Flex Fuel,282.0HP 3.5L V6 Cylinder Engine Flex Fuel Capability,6-Speed A/T,Red,Gray,None Reported,Yes,25500.0,3.5,6.0,8,0.9853,2876.0,0,0,0,0.207
Tesla,Model S Plaid,2021,20100.0,Gasoline,1020.0HP Electric Motor Electric Fuel System,A/T,Red,Black,None Reported,Yes,69995.0,,,3,3.4822,5025.0,0,0,0,0.0603
Toyota,Tacoma Sr5,2018,25083.0,Gasoline,3.5L V6 24V PDI DOHC,6-Speed Automatic,Red,Gray,At Least 1 Accident Or Damage Reported,Yes,34955.0,3.5,,6,1.3935,3583.0,0,1,0,0.1505
Audi,Tt Roadster Quattro,2002,69300.0,Gasoline,225.0HP 1.8L 4 Cylinder Engine Gasoline Fuel,6-Speed M/T,Gray,Black,At Least 1 Accident Or Damage Reported,Yes,9995.0,1.8,4.0,22,0.1442,3013.0,1,1,0,1.5246
Toyota,Highlander Hybrid Limited Platinum,2019,46000.0,Hybrid,306.0HP 3.5L V6 Cylinder Engine Gas/Electric Hybrid,Cvt Transmission,Silver,Black,None Reported,Yes,40000.0,3.5,6.0,5,0.8695,7667.0,0,0,1,0.23
Jeep,Liberty Sport,2008,141485.0,Gasoline,210.0HP 3.7L V6 Cylinder Engine Gasoline Fuel,A/T,Black,Gray,At Least 1 Accident Or Damage Reported,Yes,6500.0,3.7,6.0,16,0.0459,8323.0,0,1,0,2.2638
Toyota,Sequoia Limited,2018,63990.0,Gasoline,381.0HP 5.7L 8 Cylinder Engine Gasoline Fuel,6-Speed A/T,White,Gray,At Least 1 Accident Or Damage Reported,Yes,48000.0,5.7,8.0,6,0.7501,9141.0,0,1,0,0.3839
Ford,Transit-350 Base,2020,19400.0,Gasoline,310.0HP 3.5L V6 Cylinder Engine Gasoline Fuel,A/T,White,Black,None Reported,Yes,58000.0,3.5,6.0,4,2.9895,3880.0,0,0,0,0.0776
Subaru,Brz Limited,2013,129858.0,Gasoline,200.0HP 2.0L 4 Cylinder Engine Gasoline Fuel,6-Speed A/T,Silver,Black,At Least 1 Accident Or Damage Reported,Yes,13490.0,2.0,4.0,11,0.1039,10822.0,0,1,0,1.4284
Volvo,Xc60 3.2,2012,102000.0,Gasoline,240.0HP 3.2L Straight 6 Cylinder Engine Gasoline Fuel,6-Speed A/T,Blue,Beige,None Reported,Yes,10800.0,3.2,6.0,12,0.1059,7846.0,0,0,0,1.224
Subaru,Impreza Wrx Sti Special Edition,2010,8700.0,Gasoline,305.0HP 2.5L 4 Cylinder Engine Gasoline Fuel,6-Speed M/T,Gray,Black,None Reported,Yes,39900.0,2.5,4.0,14,4.5857,580.0,0,0,0,0.1218
Chevrolet,Bolt Ev Lt,2018,49279.0,Gasoline,200.0HP Electric Motor Electric Fuel System,1-Speed A/T,Red,Gray,None Reported,Yes,17500.0,,,6,0.3551,7040.0,0,0,0,0.2957
Chevrolet,Monte Carlo Supercharged Ss,2004,148800.0,Gasoline,240.0HP 3.8L V6 Cylinder Engine Gasoline Fuel,A/T,Red,Black,None Reported,Yes,6500.0,3.8,6.0,20,0.0437,7086.0,0,0,0,2.976
Cadillac,Escalade Platinum Edition,2012,160249.0,E85 Flex Fuel,403.0HP 6.2L 8 Cylinder Engine Flex Fuel Capability,A/T,Black,Black,None Reported,Yes,12900.0,6.2,8.0,12,0.0805,12327.0,1,0,0,1.923
Chrysler,300M Base,2004,45000.0,Gasoline,250.0HP 3.5L V6 Cylinder Engine Gasoline Fuel,A/T,Gray,Gray,None Reported,Yes,6000.0,3.5,6.0,20,0.1333,2143.0,0,0,0,0.9
Chevrolet,Silverado 2500 Lt H/D Extended Cab,2006,169000.0,Diesel,360.0HP 6.6L 8 Cylinder Engine Diesel Fuel,6-Speed A/T,White,Gray,None Reported,Yes,19500.0,6.6,8.0,18,0.1154,8895.0,0,0,0,3.042
Mercedes-Benz,Amg C 63 S,2017,46000.0,Gasoline,503.0HP 4.0L 8 Cylinder Engine Gasoline Fuel,7-Speed A/T,Gray,Black,None Reported,Yes,56000.0,4.0,8.0,7,1.2174,5750.0,1,0,0,0.322
Acura,Tlx V6 Tech,2015,38000.0,Gasoline,290.0HP 3.5L V6 Cylinder Engine Gasoline Fuel,9-Speed A/T,White,Black,None Reported,Yes,21900.0,3.5,6.0,9,0.5763,3800.0,0,0,0,0.342
Chevrolet,Corvette Z06,2006,42000.0,Gasoline,505.0HP 7.0L 8 Cylinder Engine Gasoline Fuel,6-Speed M/T,Orange,Black,None Reported,Yes,42000.0,7.0,8.0,18,1.0,2211.0,0,0,0,0.756
Lexus,Nx 350H Premium,2024,300.0,Hybrid,240.0HP 2.5L 4 Cylinder Engine Gas/Electric Hybrid,A/T,Black,Black,None Reported,Yes,50999.0,2.5,4.0,0,169.4319,300.0,1,0,1,0.0
Mercedes-Benz,Slk-Class Slk 350,2008,120800.0,Gasoline,268.0HP 3.5L V6 Cylinder Engine Gasoline Fuel,7-Speed A/T,Red,Beige,None Reported,Yes,13900.0,3.5,6.0,16,0.1151,7106.0,1,0,0,1.9328
Jeep,Wrangler Unlimited Sahara,2020,76313.0,Gasoline,2.0L I4 16V GDI DOHC Turbo,8-Speed Automatic,Hellayella Clearcoat,Black,None Reported,Yes,35234.0,2.0,,4,0.4617,15263.0,0,0,0,0.3053
Chevrolet,Silverado 1500 Lt,2012,104000.0,E85 Flex Fuel,315.0HP 5.3L 8 Cylinder Engine Flex Fuel Capability,6-Speed A/T,Blue,Gray,At Least 1 Accident Or Damage Reported,Yes,16500.0,5.3,8.0,12,0.1587,8000.0,0,1,0,1.248
Lexus,Gx 460 Base,2010,97097.0,Gasoline,301.0HP 4.6L 8 Cylinder Engine Gasoline Fuel,A/T,Red,Beige,At Least 1 Accident Or Damage Reported,Yes,22000.0,4.6,8.0,14,0.2266,6473.0,1,1,0,1.3594
Jeep,Wrangler Unlimited X,2008,136731.0,Gasoline,202.0HP 3.8L V6 Cylinder Engine Gasoline Fuel,A/T,Yellow,Gray,None Reported,Yes,15900.0,3.8,6.0,16,0.1163,8043.0,0,0,0,2.1877
Ram,1500 Tradesman/Express,2017,40200.0,Gasoline,395.0HP 5.7L 8 Cylinder Engine Gasoline Fuel,A/T,Blue,Gray,At Least 1 Accident Or Damage Reported,Yes,24000.0,5.7,8.0,7,0.597,5025.0,0,1,0,0.2814
Ford,Explorer St,2021,39105.0,Gasoline,3.0L V6 24V GDI DOHC Twin Turbo,10-Speed Automatic,Black,–,None Reported,Yes,44605.0,3.0,,3,1.1406,9776.0,0,0,0,0.1173
Mercedes-Benz,G 550 4X4 Squared Base,2017,23567.0,Gasoline,416.0HP 4.0L 8 Cylinder Engine Gasoline Fuel,Transmission W/Dual Shift Mode,White,Black,At Least 1 Accident Or Damage Reported,Yes,215000.0,4.0,8.0,7,9.1225,2946.0,1,1,0,0.165
Bmw,M4 Competition,2021,12500.0,Gasoline,503.0HP 3.0L Straight 6 Cylinder Engine Gasoline Fuel,8-Speed A/T,Gray,Blue,At Least 1 Accident Or Damage Reported,Yes,90000.0,3.0,6.0,3,7.1994,3125.0,1,1,0,0.0375
Chevrolet,Colorado Zr2,2019,38900.0,Gasoline,308.0HP 3.6L V6 Cylinder Engine Gasoline Fuel,8-Speed A/T,White,Black,None Reported,Yes,34700.0,3.6,6.0,5,0.892,6483.0,0,0,0,0.1945
Lincoln,Navigator L Select,2016,84272.0,Gasoline,380.0HP 3.5L V6 Cylinder Engine Gasoline Fuel,6-Speed A/T,Black,Black,At Least 1 Accident Or Damage Reported,Yes,25221.0,3.5,6.0,8,0.2993,9364.0,1,1,0,0.6742
Mercedes-Benz,E-Class E 350,2016,58375.0,Gasoline,302.0HP 3.5L V6 Cylinder Engine Gasoline Fuel,A/T,White,Beige,None Reported,Yes,24999.0,3.5,6.0,8,0.4282,6486.0,1,0,0,0.467
Ford,Mustang Shelby Gt500,2007,7346.0,Gasoline,500.0HP 5.4L 8 Cylinder Engine Gasoline Fuel,6-Speed M/T,Red,Black,None Reported,Yes,40999.0,5.4,8.0,17,5.5804,408.0,0,0,0,0.1249
Dodge,Charger Srt8,2008,98231.0,Gasoline,425.0HP 6.1L 8 Cylinder Engine Gasoline Fuel,5-Speed A/T,Blue,Black,At Least 1 Accident Or Damage Reported,Yes,15500.0,6.1,8.0,16,0.1578,5778.0,0,1,0,1.5717
Jaguar,Xk Base,2007,56000.0,Gasoline,300.0HP 4.2L 8 Cylinder Engine Gasoline Fuel,A/T,White,Beige,None Reported,Yes,18000.0,4.2,8.0,17,0.3214,3111.0,0,0,0,0.952
Honda,Civic Ex,2020,13935.0,Gasoline,174.0HP 1.5L 4 Cylinder Engine Gasoline Fuel,Cvt Transmission,Gray,Black,None Reported,Yes,26000.0,1.5,4.0,4,1.8657,2787.0,0,0,0,0.0557
Subaru,Impreza 2.0I,2019,30000.0,Gasoline,152.0HP 2.0L 4 Cylinder Engine Gasoline Fuel,Cvt Transmission,Gray,Black,At Least 1 Accident Or Damage Reported,Yes,21250.0,2.0,4.0,5,0.7083,5000.0,0,1,0,0.15
Saab,9-3 Aero,2009,106000.0,Gasoline,280.0HP 2.8L V6 Cylinder Engine Gasoline Fuel,6-Speed A/T,Red,Black,None Reported,Yes,12950.0,2.8,6.0,15,0.1222,6625.0,0,0,0,1.59
Bmw,650 Gran Coupe I Xdrive,2014,82978.0,Gasoline,445.0HP 4.4L 8 Cylinder Engine Gasoline Fuel,8-Speed A/T,Black,White,None Reported,Yes,18700.0,4.4,8.0,10,0.2254,7543.0,1,0,0,0.8298
Jeep,Wrangler Unlimited Sport,2018,58500.0,Gasoline,285.0HP 3.6L V6 Cylinder Engine Gasoline Fuel,8-Speed A/T,Black,Black,None Reported,Yes,35000.0,3.6,6.0,6,0.5983,8357.0,0,0,0,0.351
Ford,F-350 King Ranch,2015,92421.0,Diesel,440.0HP 6.7L 8 Cylinder Engine Diesel Fuel,6-Speed A/T,White,Brown,None Reported,Yes,51900.0,6.7,8.0,9,0.5616,9242.0,0,0,0,0.8318
Mazda,Cx-30 Preferred,2020,9927.0,Gasoline,2.5L I4 16V GDI DOHC,6-Speed Automatic,Snowflake White Pearl,Black,None Reported,Yes,27518.0,2.5,,4,2.7718,1985.0,0,0,0,0.0397
Jeep,Wrangler Sport,2000,122945.0,Gasoline,181.0HP 4.0L Straight 6 Cylinder Engine Gasoline Fuel,5-Speed M/T,Beige,Brown,None Reported,Yes,13900.0,4.0,6.0,24,0.1131,4918.0,0,0,0,2.9507
Lexus,Rx 330 Base,2006,110250.0,Gasoline,230.0HP 3.3L V6 Cylinder Engine Gasoline Fuel,A/T,White,Beige,None Reported,Yes,11000.0,3.3,6.0,18,0.0998,5803.0,1,0,0,1.9845
Infiniti,Qx56 Base,2011,103010.0,Gasoline,400.0HP 5.6L 8 Cylinder Engine Gasoline Fuel,7-Speed A/T,Black,Beige,None Reported,Yes,13500.0,5.6,8.0,13,0.1311,7358.0,0,0,0,1.3391
Hyundai,Veloster Value Edition,2017,55359.0,Gasoline,1.6L I4 16V GDI DOHC,6-Speed Automatic With Auto-Shift,Ironman Silver,Black,None Reported,Unknown,15599.0,1.6,,7,0.2818,6920.0,0,0,0,0.3875
Chevrolet,Silverado 1500 Lt Extended Cab,2002,118500.0,Gasoline,285.0HP 5.3L 8 Cylinder Engine Gasoline Fuel,A/T,Silver,Black,At Least 1 Accident Or Damage Reported,Yes,5900.0,5.3,8.0,22,0.0498,5152.0,0,1,0,2.607
Rivian,R1S Launch Edition,2022,7800.0,Gasoline,835.0HP Electric Motor Electric Fuel System,1-Speed A/T,Green,Black,None Reported,Yes,92500.0,,,2,11.8575,2600.0,0,0,0,0.0156
Land,Rover Range Rover Hse Swb,2020,41500.0,Hybrid,395.0HP 3.0L Straight 6 Cylinder Engine Gasoline/Mild Electric Hybrid,8-Speed A/T,Gray,Gray,None Reported,Yes,68000.0,3.0,6.0,4,1.6385,8300.0,0,0,1,0.166
Bmw,M4 Base,2020,28000.0,Gasoline,425.0HP 3.0L Straight 6 Cylinder Engine Gasoline Fuel,7-Speed A/T,White,White,None Reported,Yes,59900.0,3.0,6.0,4,2.1392,5600.0,1,0,0,0.112
Mercedes-Benz,E-Class E 350,2014,53500.0,Gasoline,302.0HP 3.5L V6 Cylinder Engine Gasoline Fuel,A/T,Black,Brown,None Reported,Yes,24500.0,3.5,6.0,10,0.4579,4864.0,1,0,0,0.535
Honda,Accord Hybrid Base,2021,33523.0,Hybrid,2.0L I4 16V MPFI DOHC Hybrid,Automatic Cvt,Lunar Silver Metallic,Gray,None Reported,Unknown,28748.0,2.0,,3,0.8575,8381.0,0,0,1,0.1006
Toyota,Prius V Three,2016,86300.0,Hybrid,134.0HP 1.8L 4 Cylinder Engine Gas/Electric Hybrid,A/T,Gray,Black,At Least 1 Accident Or Damage Reported,Yes,18000.0,1.8,4.0,8,0.2086,9589.0,0,1,1,0.6904
Subaru,Wrx Premium,2022,7738.0,Gasoline,271.0HP 2.4L 4 Cylinder Engine Gasoline Fuel,Transmission W/Dual Shift Mode,Orange,Black,At Least 1 Accident Or Damage Reported,Yes,33000.0,2.4,4.0,2,4.2641,2579.0,0,1,0,0.0155
Bentley,Bentayga Speed,2020,22001.0,Gasoline,6.0L W12 48V PDI DOHC Twin Turbo,8-Speed Automatic,Beluga Black,Hotspur Hide,None Reported,Yes,173995.0,6.0,,4,7.9081,4400.0,0,0,0,0.088
Ford,Explorer St,2022,14361.0,Gasoline,400.0HP 3.0L V6 Cylinder Engine Gasoline Fuel,10-Speed A/T,Black,Black,None Reported,Yes,51500.0,3.0,6.0,2,3.5859,4787.0,0,0,0,0.0287
Chevrolet,Suburban Lt,2016,98000.0,E85 Flex Fuel,355.0HP 5.3L 8 Cylinder Engine Flex Fuel Capability,Transmission Overdrive Switch,Gray,Gray,At Least 1 Accident Or Damage Reported,Yes,30000.0,5.3,8.0,8,0.3061,10889.0,0,1,0,0.784
Chevrolet,Silverado 1500 Limited Custom,2022,30455.0,Gasoline,2.7 Liter DOHC Turbo,Automatic,Summit White,Jet Black,None Reported,Unknown,37698.0,,,2,1.2378,10152.0,0,0,0,0.0609
Ford,Explorer Platinum,2020,64552.0,Gasoline,3.0L V6 24V GDI DOHC Twin Turbo,10-Speed Automatic,Iconic Silver Metallic,Ebony,At Least 1 Accident Or Damage Reported,Yes,36750.0,3.0,,4,0.5693,12910.0,0,1,0,0.2582
Lexus,Rx 350 Base,2017,103866.0,Gasoline,295.0HP 3.5L V6 Cylinder Engine Gasoline Fuel,8-Speed A/T,Beige,Beige,At Least 1 Accident Or Damage Reported,Yes,24700.0,3.5,6.0,7,0.2378,12983.0,1,1,0,0.7271
Land,Rover Range Rover 3.0L V6 Supercharged Hse,2019,35650.0,Gasoline,380.0HP 3.0L V6 Cylinder Engine Gasoline Fuel,8-Speed A/T,Black,Black,At Least 1 Accident Or Damage Reported,Yes,57999.0,3.0,6.0,5,1.6269,5942.0,0,1,0,0.1782
Ford,Explorer Platinum,2021,64957.0,Gasoline,3.0L V6 24V GDI DOHC Twin Turbo,10-Speed Automatic,Black,Light Slate,None Reported,Yes,39979.0,3.0,,3,0.6155,16239.0,0,0,0,0.1949
Dodge,Challenger Srt8 392,2012,33700.0,–,–,6-Speed M/T,Black,Black,None Reported,Yes,33500.0,,,12,0.994,2592.0,0,0,0,0.4044
Chevrolet,Equinox 2Lt,2012,96653.0,Gasoline,264.0HP 3.0L V6 Cylinder Engine Gasoline Fuel,6-Speed A/T,Black,Brown,At Least 1 Accident Or Damage Reported,Yes,7500.0,3.0,6.0,12,0.0776,7435.0,0,1,0,1.1598
Dodge,Challenger Sxt,2022,29500.0,Gasoline,303.0HP 3.6L V6 Cylinder Engine Gasoline Fuel,8-Speed A/T,Gray,Black,None Reported,Yes,31000.0,3.6,6.0,2,1.0508,9833.0,0,0,0,0.059
Porsche,911 Carrera,2021,7400.0,Gasoline,379.0HP 3.0L Flat 6 Cylinder Engine Gasoline Fuel,8-Speed A/T,Red,Black,Unknown,Unknown,116999.0,3.0,6.0,3,15.8085,1850.0,1,0,0,0.0222
Volvo,Xc70 T6 Platinum,2012,69000.0,Gasoline,300.0HP 3.0L Straight 6 Cylinder Engine Gasoline Fuel,A/T,Silver,Black,At Least 1 Accident Or Damage Reported,Yes,15900.0,3.0,6.0,12,0.2304,5308.0,0,1,0,0.828
Lexus,Gx 470 Base,2005,198000.0,Gasoline,270.0HP 4.7L 8 Cylinder Engine Gasoline Fuel,5-Speed A/T,Gray,Gray,At Least 1 Accident Or Damage Reported,Yes,15500.0,4.7,8.0,19,0.0783,9900.0,1,1,0,3.762
Porsche,911 Carrera Gts,2015,23600.0,Gasoline,430.0HP 3.8L Flat 6 Cylinder Engine Gasoline Fuel,7-Speed M/T,Red,Black,None Reported,Yes,132900.0,3.8,6.0,9,5.6311,2360.0,1,0,0,0.2124
Volvo,Xc70 3.2,2008,170000.0,Gasoline,235.0HP 3.2L Straight 6 Cylinder Engine Gasoline Fuel,6-Speed A/T,White,Beige,None Reported,Yes,7000.0,3.2,6.0,16,0.0412,10000.0,0,0,0,2.72
Nissan,350Z Nismo,2008,76500.0,Gasoline,306.0HP 3.5L V6 Cylinder Engine Gasoline Fuel,6-Speed M/T,Silver,Red,At Least 1 Accident Or Damage Reported,Yes,28000.0,3.5,6.0,16,0.366,4500.0,0,1,0,1.224
Porsche,911 Turbo,2007,73500.0,Gasoline,480.0HP 3.6L Flat 6 Cylinder Engine Gasoline Fuel,5-Speed A/T,Black,Black,None Reported,Yes,75499.0,3.6,6.0,17,1.0272,4083.0,1,0,0,1.2495
Land,Rover Range Rover Swb,2020,29000.0,Hybrid,355.0HP 3.0L Straight 6 Cylinder Engine Gasoline/Mild Electric Hybrid,A/T,Black,Black,None Reported,Yes,70000.0,3.0,6.0,4,2.4137,5800.0,0,0,1,0.116
Porsche,Cayenne E-Hybrid S Platinum Edition,2017,69404.0,Plug-In Hybrid,416.0HP 3.0L V6 Cylinder Engine Plug-In Electric/Gas,8-Speed A/T,Black,Beige,At Least 1 Accident Or Damage Reported,Yes,29500.0,3.0,6.0,7,0.425,8676.0,1,1,1,0.4858
Lexus,Is 350 Base,2007,103000.0,Gasoline,306.0HP 3.5L V6 Cylinder Engine Gasoline Fuel,6-Speed A/T,Red,Beige,At Least 1 Accident Or Damage Reported,Yes,12900.0,3.5,6.0,17,0.1252,5722.0,1,1,0,1.751
Porsche,Macan S,2015,70500.0,Gasoline,340.0HP 3.0L V6 Cylinder Engine Gasoline Fuel,Transmission W/Dual Shift Mode,Silver,Black,At Least 1 Accident Or Damage Reported,Yes,26500.0,3.0,6.0,9,0.3759,7050.0,1,1,0,0.6345
Land,Rover Range Rover 5.0L Supercharged,2016,64000.0,Gasoline,510.0HP 5.0L 8 Cylinder Engine Gasoline Fuel,Transmission W/Dual Shift Mode,White,White,None Reported,Yes,36995.0,5.0,8.0,8,0.578,7111.0,0,0,0,0.512
Gmc,Savana 2500 Work Van,2018,63460.0,E85 Flex Fuel,341.0HP 6.0L 8 Cylinder Engine Flex Fuel Capability,A/T,White,Beige,None Reported,Yes,33000.0,6.0,8.0,6,0.52,9066.0,0,0,0,0.3808
Toyota,4Runner Sr5,2018,32199.0,Gasoline,270.0HP 4.0L V6 Cylinder Engine Gasoline Fuel,A/T,Silver,Black,None Reported,Yes,35500.0,4.0,6.0,6,1.1025,4600.0,0,0,0,0.1932
Hyundai,Palisade Sel,2020,69487.0,Gasoline,291.0HP 3.8L V6 Cylinder Engine Gasoline Fuel,A/T,White,Black,None Reported,Yes,32000.0,3.8,6.0,4,0.4605,13897.0,0,0,0,0.2779
Gmc,Sierra 2500 Denali,2015,86000.0,Diesel,397.0HP 6.6L 8 Cylinder Engine Diesel Fuel,A/T,Gray,Brown,None Reported,Yes,49000.0,6.6,8.0,9,0.5698,8600.0,0,0,0,0.774
Genesis,Gv70 3.5T Sport,2022,8730.0,Gasoline,3.5L V6 24V PDI DOHC Twin Turbo,8-Speed Automatic,Alta White,Red,None Reported,Unknown,48219.0,3.5,,2,5.5227,2910.0,1,0,0,0.0175
Dodge,Ram Van 1500,2002,70000.0,Gasoline,175.0HP 3.9L V6 Cylinder Engine Gasoline Fuel,A/T,Red,Beige,At Least 1 Accident Or Damage Reported,Yes,8000.0,3.9,6.0,22,0.1143,3043.0,0,1,0,1.54
Chevrolet,Impala 1Lt,2017,70000.0,Gasoline,305.0HP 3.6L V6 Cylinder Engine Gasoline Fuel,6-Speed A/T,White,Gray,At Least 1 Accident Or Damage Reported,Yes,17900.0,3.6,6.0,7,0.2557,8750.0,0,1,0,0.49
Audi,A4 2.0T Premium Plus,2015,83420.0,E85 Flex Fuel,220.0HP 2.0L 4 Cylinder Engine Flex Fuel Capability,8-Speed A/T,Red,Gray,At Least 1 Accident Or Damage Reported,Yes,16000.0,2.0,4.0,9,0.1918,8342.0,1,1,0,0.7508
Nissan,Altima 2.5 S,2003,189000.0,Gasoline,175.0HP 2.5L 4 Cylinder Engine Gasoline Fuel,A/T,Silver,Beige,At Least 1 Accident Or Damage Reported,Yes,2899.0,2.5,4.0,21,0.0153,8591.0,0,1,0,3.969
Porsche,911 Carrera 4S,2017,31500.0,Gasoline,420.0HP 3.0L Flat 6 Cylinder Engine Gasoline Fuel,7-Speed A/T,Blue,Red,None Reported,Yes,97555.0,3.0,6.0,7,3.0969,3938.0,1,0,0,0.2205
Bmw,X1 Xdrive 28I,2015,85766.0,Gasoline,240.0HP 2.0L 4 Cylinder Engine Gasoline Fuel,A/T,Gray,Black,None Reported,Yes,13000.0,2.0,4.0,9,0.1516,8577.0,1,0,0,0.7719
Gmc,Yukon Denali,2018,92800.0,Gasoline,420.0HP 6.2L 8 Cylinder Engine Gasoline Fuel,10-Speed A/T,White,Black,None Reported,Yes,34000.0,6.2,8.0,6,0.3664,13257.0,0,0,0,0.5568
Land,Rover Defender Se,2021,13970.0,Hybrid,395.0HP 3.0L Straight 6 Cylinder Engine Gasoline/Mild Electric Hybrid,A/T,Gray,Black,None Reported,Yes,75500.0,3.0,6.0,3,5.4041,3492.0,0,0,1,0.0419
Toyota,Land Cruiser Base,2000,223089.60000000012,Gasoline,230.0HP 4.7L 8 Cylinder Engine Gasoline Fuel,4-Speed A/T,Black,Beige,None Reported,Yes,15500.0,4.7,8.0,24,0.0695,8924.0,0,0,0,5.3542
Scion,Xb Base,2011,95426.0,Gasoline,158.0HP 2.4L 4 Cylinder Engine Gasoline Fuel,A/T,Green,Gray,None Reported,Yes,8000.0,2.4,4.0,13,0.0838,6816.0,0,0,0,1.2405
Honda,S2000 Base,2001,119900.0,Gasoline,240.0HP 2.0L 4 Cylinder Engine Gasoline Fuel,6-Speed M/T,Black,Red,At Least 1 Accident Or Damage Reported,Yes,18000.0,2.0,4.0,23,0.1501,4996.0,0,1,0,2.7577
Mazda,Cx-30 Select,2020,23162.0,Gasoline,2.5L I4 16V GDI DOHC,6-Speed Automatic,Soul Red Crystal Metallic,Black,None Reported,Yes,25495.0,2.5,,4,1.1007,4632.0,0,0,0,0.0926
Bmw,M4 Competition,2023,3950.0,Gasoline,503.0HP 3.0L Straight 6 Cylinder Engine Gasoline Fuel,A/T,White,Blue,None Reported,Yes,83500.0,3.0,6.0,1,21.1339,1975.0,1,0,0,0.004
Porsche,911 Carrera 4S,2006,80000.0,Gasoline,355.0HP 3.8L Flat 6 Cylinder Engine Gasoline Fuel,6-Speed M/T,Black,Beige,None Reported,Yes,43000.0,3.8,6.0,18,0.5375,4211.0,1,0,0,1.44
Ford,F-250 Lariat,2015,94634.0,E85 Flex Fuel,385.0HP 6.2L 8 Cylinder Engine Flex Fuel Capability,A/T,White,Black,At Least 1 Accident Or Damage Reported,Yes,32500.0,6.2,8.0,9,0.3434,9463.0,0,1,0,0.8517
Chevrolet,Corvette Base,2007,65000.0,Gasoline,400.0HP 6.0L 8 Cylinder Engine Gasoline Fuel,6-Speed A/T,Silver,Beige,At Least 1 Accident Or Damage Reported,Yes,33885.0,6.0,8.0,17,0.5213,3611.0,0,1,0,1.105
Lexus,Ls 460 L,2008,100000.0,Gasoline,380.0HP 4.6L 8 Cylinder Engine Gasoline Fuel,A/T,Black,Black,At Least 1 Accident Or Damage Reported,Yes,11500.0,4.6,8.0,16,0.115,5882.0,1,1,0,1.6
Toyota,Sienna Xse 25Th Anniversary,2023,500.0,Hybrid,245.0HP 2.5L 4 Cylinder Engine Gas/Electric Hybrid,A/T,White,Black,None Reported,Yes,59500.0,2.5,4.0,1,118.7625,250.0,0,0,1,0.0005
Audi,A4 2.0T Premium Quattro,2011,181000.0,Gasoline,211.0HP 2.0L 4 Cylinder Engine Gasoline Fuel,A/T,White,Black,None Reported,Yes,5500.0,2.0,4.0,13,0.0304,12929.0,1,0,0,2.353
Mercedes-Benz,Glc 300 Base 4Matic,2018,48700.0,Gasoline,241.0HP 2.0L 4 Cylinder Engine Gasoline Fuel,9-Speed A/T,Blue,Brown,None Reported,Yes,27900.0,2.0,4.0,6,0.5729,6957.0,1,0,0,0.2922
Porsche,911 Turbo Cabriolet,2009,13500.0,Gasoline,480.0HP 3.6L Flat 6 Cylinder Engine Gasoline Fuel,6-Speed M/T,Gray,Black,None Reported,Yes,130000.0,3.6,6.0,15,9.6289,844.0,1,0,0,0.2025
Toyota,86 860 Special Edition,2017,87500.0,Gasoline,200.0HP 2.0L 4 Cylinder Engine Gasoline Fuel,6-Speed A/T,Silver,Black,None Reported,Yes,20000.0,2.0,4.0,7,0.2286,10938.0,0,0,0,0.6125
Jaguar,Xj8 L,2000,45000.0,Gasoline,290.0HP 4.0L 8 Cylinder Engine Gasoline Fuel,A/T,Silver,Beige,None Reported,Yes,12500.0,4.0,8.0,24,0.2778,1800.0,0,0,0,1.08
Chevrolet,Corvette Base,1996,85760.0,Gasoline,300.0HP 5.7L 8 Cylinder Engine Gasoline Fuel,4-Speed A/T,Silver,Black,None Reported,Yes,14500.0,5.7,8.0,28,0.1691,2957.0,0,0,0,2.4013
Tesla,Model 3 Long Range,2018,36187.0,Gasoline,271.0HP Electric Motor Electric Fuel System,1-Speed A/T,White,Black,None Reported,Yes,28895.0,,,6,0.7985,5170.0,0,0,0,0.2171
Hyundai,Tucson Sel,2022,13666.0,Gasoline,2.5L I4 16V PDI DOHC,8-Speed Automatic,Portofino Gray,Black,None Reported,Unknown,27999.0,2.5,,2,2.0487,4555.0,0,0,0,0.0273
Porsche,911 Carrera S,2007,50500.0,Gasoline,355.0HP 3.8L Flat 6 Cylinder Engine Gasoline Fuel,6-Speed M/T,Silver,Black,None Reported,Yes,56000.0,3.8,6.0,17,1.1089,2806.0,1,0,0,0.8585
Lincoln,Nautilus Reserve,2021,19291.0,Gasoline,2.0L I4 16V GDI DOHC Turbo,8-Speed Automatic,Black,Ebony,None Reported,Unknown,44340.0,2.0,,3,2.2984,4823.0,1,0,0,0.0579
Ford,Mustang Boss 302,2012,1295.0,Gasoline,444.0HP 5.0L 8 Cylinder Engine Gasoline Fuel,M/T,Silver,Black,None Reported,Yes,49990.0,5.0,8.0,12,38.5725,100.0,0,0,0,0.0155
Cadillac,Escalade Premium Luxury,2017,55000.0,Gasoline,420.0HP 6.2L 8 Cylinder Engine Gasoline Fuel,8-Speed A/T,White,Beige,At Least 1 Accident Or Damage Reported,Yes,49900.0,6.2,8.0,7,0.9073,6875.0,1,1,0,0.385
Mini,Cooper Base,2010,74000.0,Gasoline,118.0HP 1.6L 4 Cylinder Engine Gasoline Fuel,6-Speed M/T,Yellow,Black,None Reported,Yes,9650.0,1.6,4.0,14,0.1304,4933.0,0,0,0,1.036
Dodge,Durango R/T,2022,14976.0,Gasoline,5.7L V8 16V MPFI OHV,8-Speed Automatic,White Knuckle Clearcoat,Black,None Reported,Yes,49999.0,5.7,,2,3.3384,4992.0,0,0,0,0.03
Bmw,X5 Xdrive35I,2018,25348.0,Gasoline,3.0L I6 24V GDI DOHC Turbo,8-Speed Automatic,Imperial Blue Metallic,Black,At Least 1 Accident Or Damage Reported,Unknown,33889.0,3.0,,6,1.3369,3621.0,1,1,0,0.1521
Chevrolet,Corvette Base,2010,23133.0,Gasoline,430.0HP 6.2L 8 Cylinder Engine Gasoline Fuel,6-Speed M/T,White,Black,None Reported,Yes,35000.0,6.2,8.0,14,1.5129,1542.0,0,0,0,0.3239
Jaguar,Xe 20D Prestige,2018,34322.0,Diesel,2.0 Liter,Automatic,Blue,Beige,None Reported,Unknown,29998.0,,,6,0.874,4903.0,0,0,0,0.2059
Dodge,Challenger R/T,2021,39960.0,Gasoline,375.0HP 5.7L 8 Cylinder Engine Gasoline Fuel,8-Speed A/T,White,Gray,At Least 1 Accident Or Damage Reported,Yes,28500.0,5.7,8.0,3,0.7132,9990.0,0,1,0,0.1199
Bmw,550 I Xdrive,2016,76400.0,Gasoline,445.0HP 4.4L 8 Cylinder Engine Gasoline Fuel,8-Speed A/T,Black,Black,At Least 1 Accident Or Damage Reported,Yes,31300.0,4.4,8.0,8,0.4097,8489.0,1,1,0,0.6112
Ford,Explorer Xlt,2022,18533.0,Gasoline,2.3L I4 16V GDI DOHC Turbo,10-Speed Automatic,White,Ebony,None Reported,Yes,38978.0,2.3,,2,2.1031,6178.0,0,0,0,0.0371
Gmc,Yukon Xl Denali,2023,7500.0,Gasoline,420.0HP 6.2L 8 Cylinder Engine Gasoline Fuel,10-Speed A/T,Gray,Black,None Reported,Yes,92888.0,6.2,8.0,1,12.3834,3750.0,0,0,0,0.0075
Infiniti,Qx80 Sensory,2022,26520.0,Gasoline,400.0HP 5.6L 8 Cylinder Engine Gasoline Fuel,7-Speed A/T,Blue,Brown,At Least 1 Accident Or Damage Reported,Yes,64000.0,5.6,8.0,2,2.4132,8840.0,0,1,0,0.053
Land,Rover Range Rover 3.0L Supercharged,2014,59500.0,E85 Flex Fuel,340.0HP 3.0L V6 Cylinder Engine Flex Fuel Capability,A/T,Red,Black,None Reported,Yes,33800.0,3.0,6.0,10,0.5681,5409.0,0,0,0,0.595
Honda,Pilot Ex-L,2020,44000.0,Gasoline,280.0HP 3.5L V6 Cylinder Engine Gasoline Fuel,A/T,White,Black,None Reported,Yes,34999.0,3.5,6.0,4,0.7954,8800.0,0,0,0,0.176
Pontiac,Firebird Base,2001,111000.0,Gasoline,200.0HP 3.8L V6 Cylinder Engine Gasoline Fuel,A/T,White,Gray,None Reported,Yes,11000.0,3.8,6.0,23,0.0991,4625.0,0,0,0,2.553
Toyota,4Runner Limited,2016,82260.0,Gasoline,4.0L V6 24V MPFI DOHC,5-Speed Automatic,Nautical Blue Pearl,Black,None Reported,Yes,31906.0,4.0,,8,0.3879,9140.0,0,0,0,0.6581
Porsche,911 Carrera Cabriolet,2006,52744.0,Gasoline,325.0HP 3.6L Flat 6 Cylinder Engine Gasoline Fuel,Transmission W/Dual Shift Mode,Gray,Black,At Least 1 Accident Or Damage Reported,Yes,37500.0,3.6,6.0,18,0.711,2776.0,1,1,0,0.9494
Bmw,I8 Base,2019,28200.0,Plug-In Hybrid,369.0HP 1.5L 3 Cylinder Engine Plug-In Electric/Gas,Transmission W/Dual Shift Mode,Gray,Beige,At Least 1 Accident Or Damage Reported,Yes,79950.0,1.5,3.0,5,2.835,4700.0,1,1,1,0.141
Nissan,Maxima Gle,2000,194277.0,Gasoline,222.0HP 3.0L V6 Cylinder Engine Gasoline Fuel,A/T,Blue,Beige,At Least 1 Accident Or Damage Reported,Yes,2300.0,3.0,6.0,24,0.0118,7771.0,0,1,0,4.6626
Pontiac,Firebird Trans Am,2001,91812.0,Gasoline,310.0HP 5.7L 8 Cylinder Engine Gasoline Fuel,A/T,Green,Black,None Reported,Yes,12850.0,5.7,8.0,23,0.14,3826.0,0,0,0,2.1117
Chevrolet,Suburban Premier,2018,84224.0,Gasoline,5.3L V8 16V GDI OHV,6-Speed Automatic,Tungsten Metallic,Jet Black,None Reported,Yes,43775.0,5.3,,6,0.5197,12032.0,0,0,0,0.5053
Bmw,X2 Xdrive28I,2018,66690.0,Gasoline,228.0HP 2.0L 4 Cylinder Engine Gasoline Fuel,Transmission W/Dual Shift Mode,Gray,Black,At Least 1 Accident Or Damage Reported,Yes,24900.0,2.0,4.0,6,0.3734,9527.0,1,1,0,0.4001
Mercedes-Benz,Amg C 43 Base 4Matic,2018,41500.0,Gasoline,362.0HP 3.0L V6 Cylinder Engine Gasoline Fuel,9-Speed A/T,White,Brown,At Least 1 Accident Or Damage Reported,Yes,39848.0,3.0,6.0,6,0.9602,5929.0,1,1,0,0.249
Bmw,750 I Xdrive,2014,85095.0,Gasoline,445.0HP 4.4L 8 Cylinder Engine Gasoline Fuel,8-Speed A/T,Black,Brown,At Least 1 Accident Or Damage Reported,Yes,24900.0,4.4,8.0,10,0.2926,7736.0,1,1,0,0.851
Volvo,S60 T5 Premier Plus,2015,39000.0,Gasoline,250.0HP 2.5L 5 Cylinder Engine Gasoline Fuel,Transmission W/Dual Shift Mode,Silver,Gray,At Least 1 Accident Or Damage Reported,Yes,17900.0,2.5,5.0,9,0.459,3900.0,0,1,0,0.351
Tesla,Model Y Long Range,2022,20500.0,Gasoline,425.0HP Electric Motor Electric Fuel System,1-Speed A/T,Gray,Black,None Reported,Yes,46500.0,,,2,2.2682,6833.0,0,0,0,0.041
Ford,F-350 Platinum,2019,112000.0,Diesel,450.0HP 6.7L 8 Cylinder Engine Diesel Fuel,6-Speed A/T,Black,Black,None Reported,Yes,61995.0,6.7,8.0,5,0.5535,18667.0,0,0,0,0.56
Volkswagen,Id.4 Pro S,2023,1716.0,Gasoline,Battery Electric,Automatic,Gray,Gray W/Blue Bolsters,None Reported,Unknown,39998.0,,,1,23.2953,858.0,0,0,0,0.0017
Audi,A3 2.0T Premium,2016,90360.0,Gasoline,220.0HP 2.0L 4 Cylinder Engine Gasoline Fuel,A/T,Black,Black,At Least 1 Accident Or Damage Reported,Yes,15499.0,2.0,4.0,8,0.1715,10040.0,1,1,0,0.7229
Ford,Explorer Limited,2020,82146.0,Gasoline,2.3L I4 16V GDI DOHC Turbo,10-Speed Automatic,Gray,Ebony,None Reported,Yes,30825.0,2.3,,4,0.3752,16429.0,0,0,0,0.3286
Ford,Mustang Gt Premium,2020,16850.0,Gasoline,460.0HP 5.0L 8 Cylinder Engine Gasoline Fuel,10-Speed A/T,Blue,Black,At Least 1 Accident Or Damage Reported,Yes,41000.0,5.0,8.0,4,2.4331,3370.0,0,1,0,0.0674
Honda,S2000 Base,2003,101000.0,Gasoline,240.0HP 2.0L 4 Cylinder Engine Gasoline Fuel,6-Speed M/T,Silver,Black,None Reported,Yes,28000.0,2.0,4.0,21,0.2772,4591.0,0,0,0,2.121
Bmw,M235 I,2015,68750.0,Gasoline,320.0HP 3.0L Straight 6 Cylinder Engine Gasoline Fuel,6-Speed M/T,Red,Black,None Reported,Yes,25999.0,3.0,6.0,9,0.3782,6875.0,1,0,0,0.6188
Dodge,Durango Slt,2004,143000.0,Gasoline,335.0HP 5.7L 8 Cylinder Engine Gasoline Fuel,A/T,Beige,Beige,None Reported,Yes,3200.0,5.7,8.0,20,0.0224,6810.0,0,0,0,2.86
Nissan,Armada Le,2005,152270.0,Gasoline,305.0HP 5.6L 8 Cylinder Engine Gasoline Fuel,A/T,Green,Beige,At Least 1 Accident Or Damage Reported,Yes,6900.0,5.6,8.0,19,0.0453,7614.0,0,1,0,2.8931
Kia,Sorento S,2021,19605.0,Gasoline,2.5L I4 16V PDI DOHC,8-Speed Automatic,Glacial White Pearl,Black,None Reported,Unknown,33591.0,2.5,,3,1.7133,4901.0,0,0,0,0.0588
Chevrolet,Silverado 1500 Rst,2020,19200.0,Gasoline,355.0HP 5.3L 8 Cylinder Engine Gasoline Fuel,10-Speed A/T,Gray,Black,None Reported,Yes,69999.0,5.3,8.0,4,3.6456,3840.0,0,0,0,0.0768
Chevrolet,Impala Base,2004,64500.0,Gasoline,180.0HP 3.4L V6 Cylinder Engine Gasoline Fuel,A/T,Beige,Beige,None Reported,Yes,5900.0,3.4,6.0,20,0.0915,3071.0,0,0,0,1.29
Toyota,Tacoma Prerunner,2011,149000.0,Gasoline,236.0HP 4.0L V6 Cylinder Engine Gasoline Fuel,A/T,Black,Beige,None Reported,Yes,18995.0,4.0,6.0,13,0.1275,10643.0,0,0,0,1.937
Mclaren,570S Spider,2018,5918.0,Gasoline,3.8L V8 32V MPFI DOHC Twin Turbo,7-Speed Automatic With Auto-Shift,Silician Yellow,Jet Black,None Reported,Unknown,179900.0,3.8,,6,30.3936,845.0,0,0,0,0.0355
Pontiac,Firebird Trans Am,1997,134033.0,Gasoline,285.0HP 5.7L 8 Cylinder Engine Gasoline Fuel,A/T,Red,Beige,At Least 1 Accident Or Damage Reported,Yes,7200.0,5.7,8.0,27,0.0537,4787.0,0,1,0,3.6189
Kia,Stinger Gt1,2019,37226.0,Gasoline,"3.3L V-6 gasoline direct injection, DOHC, D-CVVT variable valve",Automatic,Snow White Pearl,Black,None Reported,Unknown,34998.0,3.3,,5,0.9401,6204.0,0,0,0,0.1861
Ford,Escape Se,2017,71924.0,Gasoline,179.0HP 1.5L 4 Cylinder Engine Gasoline Fuel,A/T,Beige,Beige,None Reported,Yes,13700.0,1.5,4.0,7,0.1905,8990.0,0,0,0,0.5035
Jeep,Wrangler Unlimited Sport,2014,122200.0,Gasoline,285.0HP 3.6L V6 Cylinder Engine Gasoline Fuel,A/T,Orange,Black,At Least 1 Accident Or Damage Reported,Yes,21500.0,3.6,6.0,10,0.1759,11109.0,0,1,0,1.222
Land,Rover Range Rover Sport Hst Mhev,2020,37248.0,Hybrid,395.0HP 3.0L Straight 6 Cylinder Engine Gasoline/Mild Electric Hybrid,8-Speed A/T,Silver,Black,None Reported,Yes,54500.0,3.0,6.0,4,1.4631,7450.0,0,0,1,0.149
Chevrolet,Silverado 1500 Base,1999,88750.0,Gasoline,255.0HP 4.8L 8 Cylinder Engine Gasoline Fuel,A/T,White,Gray,None Reported,Yes,6800.0,4.8,8.0,25,0.0766,3413.0,0,0,0,2.2188
Cadillac,Xlr V,2008,64800.0,Gasoline,443.0HP 4.4L 8 Cylinder Engine Gasoline Fuel,6-Speed A/T,Black,Black,Unknown,Unknown,24700.0,4.4,8.0,16,0.3812,3812.0,1,0,0,1.0368
Ford,Fusion Hybrid Titanium,2014,112180.0,Hybrid,2.0L I4 16V MPFI DOHC Hybrid,Automatic Cvt,White,Charcoal Black,None Reported,Unknown,12599.0,2.0,,10,0.1123,10198.0,0,0,1,1.1218
Ram,2500 Slt,2015,149130.0,Diesel,350.0HP 6.7L Straight 6 Cylinder Engine Diesel Fuel,6-Speed A/T,White,Black,At Least 1 Accident Or Damage Reported,Yes,35000.0,6.7,6.0,9,0.2347,14913.0,0,1,0,1.3422
Tesla,Model Y Long Range,2020,88000.0,Gasoline,425.0HP Electric Motor Electric Fuel System,1-Speed A/T,Gray,White,None Reported,Yes,35500.0,,,4,0.4034,17600.0,0,0,0,0.352
Toyota,Highlander Xle,2018,74000.0,Gasoline,295.0HP 3.5L V6 Cylinder Engine Gasoline Fuel,8-Speed A/T,White,Black,None Reported,Yes,27950.0,3.5,6.0,6,0.3777,10571.0,0,0,0,0.444
Ford,F-150 Xlt,2019,44460.0,Gasoline,325.0HP 2.7L V6 Cylinder Engine Gasoline Fuel,10-Speed A/T,Red,Gray,None Reported,Yes,34500.0,2.7,6.0,5,0.776,7410.0,0,0,0,0.2223
Gmc,Acadia Sle-2,2015,96000.0,Gasoline,281.0HP 3.6L V6 Cylinder Engine Gasoline Fuel,6-Speed A/T,Blue,Beige,None Reported,Yes,17000.0,3.6,6.0,9,0.1771,9600.0,0,0,0,0.864
Porsche,Boxster Base,2005,75000.0,Gasoline,240.0HP 2.7L Flat 6 Cylinder Engine Gasoline Fuel,5-Speed M/T,Silver,Black,Unknown,Unknown,17500.0,2.7,6.0,19,0.2333,3750.0,1,0,0,1.425
Dodge,Charger R/T,2014,95000.0,Gasoline,370.0HP 5.7L 8 Cylinder Engine Gasoline Fuel,Transmission W/Dual Shift Mode,Black,Black,None Reported,Yes,17900.0,5.7,8.0,10,0.1884,8636.0,0,0,0,0.95
Land,Rover Range Rover Sport Supercharged Hse,2016,49799.0,Gasoline,340.0HP 3.0L V6 Cylinder Engine Gasoline Fuel,A/T,Brown,Brown,None Reported,Yes,37500.0,3.0,6.0,8,0.753,5533.0,0,0,0,0.3984
Ford,Mustang Gt,2006,27407.0,Gasoline,300.0HP 4.6L 8 Cylinder Engine Gasoline Fuel,5-Speed M/T,Silver,Red,None Reported,Yes,21750.0,4.6,8.0,18,0.7936,1442.0,0,0,0,0.4933
Alfa,Romeo Giulia Ti,2020,23339.0,Gasoline,2.0L I4 16V GDI SOHC Turbo,8-Speed Automatic,Rosso,Black,Unknown,Unknown,34645.0,2.0,,4,1.4844,4668.0,0,0,0,0.0934
Tesla,Model S 90D,2016,74122.0,Gasoline,417.0HP Electric Motor Electric Fuel System,A/T,Black,Black,None Reported,Yes,35900.0,,,8,0.4843,8236.0,0,0,0,0.593
Jaguar,Xk8 Base,1997,50000.0,Gasoline,290.0HP 4.0L 8 Cylinder Engine Gasoline Fuel,A/T,White,Beige,None Reported,Yes,6000.0,4.0,8.0,27,0.12,1786.0,0,0,0,1.35
Mercedes-Benz,Glc 300 Glc 300,2021,14745.0,Gasoline,2.0 Liter Turbo,Automatic,Graphite Grey,–,None Reported,Unknown,38998.0,,,3,2.6446,3686.0,1,0,0,0.0442
Chevrolet,Corvette Stingray W/3Lt,2021,2700.0,Gasoline,490.0HP 6.2L 8 Cylinder Engine Gasoline Fuel,Transmission W/Dual Shift Mode,Blue,Blue,None Reported,Yes,85950.0,6.2,8.0,3,31.8215,675.0,0,0,0,0.0081
Buick,Regal Turbo - Premium 1,2012,190000.0,Gasoline,220.0HP 2.0L 4 Cylinder Engine Gasoline Fuel,6-Speed A/T,Beige,Beige,At Least 1 Accident Or Damage Reported,Yes,6000.0,2.0,4.0,12,0.0316,14615.0,0,1,0,2.28
Audi,A4 2.0T Premium,2014,90236.0,E85 Flex Fuel,220.0HP 2.0L 4 Cylinder Engine Flex Fuel Capability,Transmission W/Dual Shift Mode,Gray,Black,None Reported,Yes,9999.0,2.0,4.0,10,0.1108,8203.0,1,0,0,0.9024
Jeep,Gladiator Overland,2020,4000.0,Gasoline,285.0HP 3.6L V6 Cylinder Engine Gasoline Fuel,8-Speed A/T,Silver,Black,None Reported,Yes,50000.0,3.6,6.0,4,12.4969,800.0,0,0,0,0.016
Land,Rover Range Rover Westminster Swb,2022,2220.0,Hybrid,395.0HP 3.0L Straight 6 Cylinder Engine Gasoline/Mild Electric Hybrid,8-Speed A/T,Blue,White,None Reported,Yes,115999.0,3.0,6.0,2,52.2283,740.0,0,0,1,0.0044
Gmc,Yukon Xl Denali,2017,124000.0,Gasoline,420.0HP 6.2L 8 Cylinder Engine Gasoline Fuel,8-Speed A/T,Gray,Beige,At Least 1 Accident Or Damage Reported,Yes,32000.0,6.2,8.0,7,0.2581,15500.0,0,1,0,0.868
Ford,Ranger Lariat,2019,45163.0,Gasoline,2.3L I4 16V GDI DOHC Turbo,10-Speed Automatic,Red,–,None Reported,Yes,35690.0,2.3,,5,0.7902,7527.0,0,0,0,0.2258
Volkswagen,Passat 2.0T Se,2020,49400.0,Gasoline,174.0HP 2.0L 4 Cylinder Engine Gasoline Fuel,6-Speed A/T,Black,Brown,None Reported,Yes,20900.0,2.0,4.0,4,0.4231,9880.0,0,0,0,0.1976
Porsche,911 Carrera,2020,11256.0,Gasoline,379.0HP 3.0L Flat 6 Cylinder Engine Gasoline Fuel,8-Speed A/T,Red,Black,None Reported,Yes,124900.0,3.0,6.0,4,11.0953,2251.0,1,0,0,0.045
Chevrolet,Corvette Stingray W/1Lt,2021,13700.0,Gasoline,490.0HP 6.2L 8 Cylinder Engine Gasoline Fuel,A/T,White,Red,None Reported,Yes,75000.0,6.2,8.0,3,5.4741,3425.0,0,0,0,0.0411
Land,Rover Range Rover Hse,2011,174678.0,Gasoline,230.0HP 3.2L Straight 6 Cylinder Engine Gasoline Fuel,6-Speed A/T,Black,Black,None Reported,Yes,9500.0,3.2,6.0,13,0.0544,12477.0,0,0,0,2.2708
Lexus,Rx 450H F Sport Handling,2022,1600.0,Hybrid,308.0HP 3.5L V6 Cylinder Engine Gas/Electric Hybrid,A/T,White,Black,None Reported,Yes,59000.0,3.5,6.0,2,36.852,533.0,1,0,1,0.0032
Porsche,911 Gt3 Rs,2019,15509.0,Gasoline,4.0L H6 24V GDI DOHC,7-Speed Automatic With Auto-Shift,Lizard Green,Black,None Reported,Unknown,229900.0,4.0,,5,14.8227,2585.0,1,0,0,0.0775
Ford,Expedition Platinum,2020,69849.0,Gasoline,3.5L V6 24V GDI DOHC Twin Turbo,10-Speed Automatic,Red,Ebony,None Reported,Yes,48149.0,3.5,,4,0.6893,13970.0,0,0,0,0.2794
Toyota,Tacoma Prerunner,2008,160000.0,Gasoline,236.0HP 4.0L V6 Cylinder Engine Gasoline Fuel,A/T,White,–,At Least 1 Accident Or Damage Reported,Yes,17000.0,4.0,6.0,16,0.1062,9412.0,0,1,0,2.56
Toyota,Mirai Base,2016,40000.0,Not Supported,151.0HP Electric Motor Hydrogen Fuel,A/T,Silver,Black,None Reported,Yes,9500.0,,,8,0.2375,4444.0,0,0,0,0.32
Ford,Explorer Sport Trac Xlt,2007,223089.60000000012,Gasoline,292.0HP 4.6L 8 Cylinder Engine Gasoline Fuel,A/T,Red,Beige,At Least 1 Accident Or Damage Reported,Yes,3850.0,4.6,8.0,17,0.0173,12394.0,0,1,0,3.7925
Gmc,Sierra 1500 Sle1 Extended Cab,2008,187000.0,–,–,4-Speed A/T,Red,Gray,At Least 1 Accident Or Damage Reported,Yes,6100.0,,,16,0.0326,11000.0,0,1,0,2.992
Mercedes-Benz,C-Class C 300 Luxury,2015,102000.0,Gasoline,241.0HP 2.0L 4 Cylinder Engine Gasoline Fuel,7-Speed A/T,Black,Black,None Reported,Yes,17000.0,2.0,4.0,9,0.1667,10200.0,1,0,0,0.918
Cadillac,Srx Standard,2016,48000.0,Gasoline,308.0HP 3.6L V6 Cylinder Engine Gasoline Fuel,6-Speed A/T,White,Black,At Least 1 Accident Or Damage Reported,Yes,24995.0,3.6,6.0,8,0.5207,5333.0,1,1,0,0.384
Chrysler,Town & Country Touring-L,2012,163500.0,E85 Flex Fuel,283.0HP 3.6L V6 Cylinder Engine Flex Fuel Capability,6-Speed A/T,Gray,Beige,None Reported,Yes,5949.0,3.6,6.0,12,0.0364,12577.0,0,0,0,1.962
Porsche,911 Carrera,2023,1500.0,Gasoline,379.0HP 3.0L Flat 6 Cylinder Engine Gasoline Fuel,A/T,Silver,Black,None Reported,Yes,149000.0,3.0,6.0,1,99.2672,750.0,1,0,0,0.0015
Porsche,718 Cayman Gt4,2021,2100.0,Gasoline,414.0HP 4.0L Flat 6 Cylinder Engine Gasoline Fuel,6-Speed M/T,Yellow,Black,Unknown,Unknown,136900.0,4.0,6.0,3,65.1594,525.0,1,0,0,0.0063
Ford,F-350 Lariat,2018,66281.0,Diesel,450.0HP 6.7L 8 Cylinder Engine Diesel Fuel,Transmission W/Dual Shift Mode,Gray,Black,None Reported,Yes,63500.0,6.7,8.0,6,0.958,9469.0,0,0,0,0.3977
Ford,Mustang Mach-E Select,2021,18000.0,Gasoline,266.0HP Electric Motor Electric Fuel System,A/T,Blue,Black,None Reported,Yes,39499.0,,,3,2.1943,4500.0,0,0,0,0.054
Ford,F-150 Xl,2014,27300.0,Gasoline,365.0HP 3.5L V6 Cylinder Engine Gasoline Fuel,6-Speed A/T,Gray,Gray,None Reported,Yes,21500.0,3.5,6.0,10,0.7875,2482.0,0,0,0,0.273
Mazda,Cx-30 Base,2020,19319.0,Gasoline,2.5L I4 16V GDI DOHC,6-Speed Automatic,Snowflake White Pearl,Black,At Least 1 Accident Or Damage Reported,Yes,24899.0,2.5,,4,1.2888,3864.0,0,1,0,0.0773
Mercedes-Benz,Amg G Amg G 63 4Matic,2016,32936.0,Gasoline,563.0HP 5.5L 8 Cylinder Engine Gasoline Fuel,Transmission W/Dual Shift Mode,White,Beige,At Least 1 Accident Or Damage Reported,Yes,90000.0,5.5,8.0,8,2.7325,3660.0,1,1,0,0.2635
Bmw,M4 Base,2017,30450.0,Gasoline,425.0HP 3.0L Straight 6 Cylinder Engine Gasoline Fuel,Transmission W/Dual Shift Mode,White,Black,None Reported,Yes,52999.0,3.0,6.0,7,1.7405,3806.0,1,0,0,0.2132
Jeep,Wrangler Sport,2017,38200.0,Gasoline,285.0HP 3.6L V6 Cylinder Engine Gasoline Fuel,A/T,Red,–,None Reported,Yes,29500.0,3.6,6.0,7,0.7722,4775.0,0,0,0,0.2674
Jeep,Wrangler Sport,2020,26315.0,Gasoline,2.0L I4 16V GDI DOHC Turbo,8-Speed Automatic,Black Clearcoat,Black,None Reported,Yes,31871.0,2.0,,4,1.2111,5263.0,0,0,0,0.1053
Chevrolet,Silverado 1500 Ls,2003,110000.0,Gasoline,270.0HP 4.8L 8 Cylinder Engine Gasoline Fuel,A/T,Green,Beige,None Reported,Yes,8900.0,4.8,8.0,21,0.0809,5000.0,0,0,0,2.31
Mini,Hardtop Cooper,2014,19700.0,Gasoline,189.0HP 2.0L 4 Cylinder Engine Gasoline Fuel,6-Speed A/T,Silver,Black,None Reported,Yes,13500.0,2.0,4.0,10,0.6852,1791.0,0,0,0,0.197
Honda,Element Ex,2008,192000.0,Gasoline,166.0HP 2.4L 4 Cylinder Engine Gasoline Fuel,5-Speed A/T,Black,Gray,At Least 1 Accident Or Damage Reported,Yes,11000.0,2.4,4.0,16,0.0573,11294.0,0,1,0,3.072
Porsche,911 Carrera 4S,2017,26000.0,Gasoline,420.0HP 3.0L Flat 6 Cylinder Engine Gasoline Fuel,Transmission W/Dual Shift Mode,Gray,Red,None Reported,Yes,116911.0,3.0,6.0,7,4.4964,3250.0,1,0,0,0.182
Subaru,Impreza Outback Sport Wagon,2008,98313.0,Gasoline,170.0HP 2.5L 4 Cylinder Engine Gasoline Fuel,4-Speed A/T,Silver,Gray,None Reported,Yes,7495.0,2.5,4.0,16,0.0762,5783.0,0,0,0,1.573
Cadillac,Xt5 Premium Luxury,2021,66500.0,Gasoline,310.0HP 3.6L V6 Cylinder Engine Gasoline Fuel,A/T,Silver,Black,None Reported,Yes,28500.0,3.6,6.0,3,0.4286,16625.0,1,0,0,0.1995
Nissan,Kicks S,2022,19877.0,Gasoline,1.6L I4 16V MPFI DOHC,Automatic Cvt,Super Black,Charcoal,None Reported,Unknown,18999.0,1.6,,2,0.9558,6626.0,0,0,0,0.0398
Kia,Seltos S,2021,16100.0,Gasoline,146.0HP 2.0L 4 Cylinder Engine Gasoline Fuel,A/T,Blue,Black,None Reported,Yes,25500.0,2.0,4.0,3,1.5838,4025.0,0,0,0,0.0483
Gmc,Yukon Sle,2016,83858.0,Gasoline,355.0HP 5.3L 8 Cylinder Engine Gasoline Fuel,6-Speed A/T,Blue,Gray,At Least 1 Accident Or Damage Reported,Yes,27633.0,5.3,8.0,8,0.3295,9318.0,0,1,0,0.6709
Mercedes-Benz,Gle 350 Base 4Matic,2020,24108.0,Gasoline,255.0HP 2.0L 4 Cylinder Engine Gasoline Fuel,9-Speed A/T,Black,Black,None Reported,Yes,56000.0,2.0,4.0,4,2.3228,4822.0,1,0,0,0.0964
Ford,Explorer Xlt,2020,42609.0,Gasoline,2.3L I4 16V GDI DOHC Turbo,10-Speed Automatic,Magnetic Metallic,Ebony,At Least 1 Accident Or Damage Reported,Yes,32107.0,2.3,,4,0.7535,8522.0,0,1,0,0.1704
Subaru,Impreza 2.0I Premium,2017,160000.0,Gasoline,152.0HP 2.0L 4 Cylinder Engine Gasoline Fuel,A/T,White,Beige,At Least 1 Accident Or Damage Reported,Yes,7750.0,2.0,4.0,7,0.0484,20000.0,0,1,0,1.12
Infiniti,Qx80 Base,2017,121525.0,Gasoline,400.0HP 5.6L 8 Cylinder Engine Gasoline Fuel,A/T,Black,Black,At Least 1 Accident Or Damage Reported,Yes,28500.0,5.6,8.0,7,0.2345,15191.0,0,1,0,0.8507
Kia,Telluride S,2023,6423.0,Gasoline,291.0HP 3.8L V6 Cylinder Engine Gasoline Fuel,A/T,Gray,Black,None Reported,Yes,42500.0,3.8,6.0,1,6.6158,3212.0,0,0,0,0.0064
Pontiac,Solstice Base,2007,62310.0,Gasoline,177.0HP 2.4L 4 Cylinder Engine Gasoline Fuel,5-Speed A/T,Gray,Black,None Reported,Yes,12900.0,2.4,4.0,17,0.207,3462.0,0,0,0,1.0593
Mazda,Mazda6 Carbon Edition,2021,21444.0,Gasoline,2.5L I4 16V,6-Speed Automatic,Polymetal Gray Metallic,Red,None Reported,Yes,29995.0,2.5,,3,1.3987,5361.0,0,0,0,0.0643
Ford,Transit-350 Base,2015,112000.0,Gasoline,310.0HP 3.5L V6 Cylinder Engine Gasoline Fuel,A/T,White,Gray,At Least 1 Accident Or Damage Reported,Yes,29500.0,3.5,6.0,9,0.2634,11200.0,0,1,0,1.008
Hyundai,Genesis Coupe 3.8 Grand Touring,2013,60000.0,Gasoline,344.0HP 3.8L V6 Cylinder Engine Gasoline Fuel,A/T,White,–,None Reported,Yes,16500.0,3.8,6.0,11,0.275,5000.0,0,0,0,0.66
Dodge,Dart Se,2013,153250.0,Gasoline,160.0HP 1.4L 4 Cylinder Engine Gasoline Fuel,6-Speed A/T,Silver,Black,None Reported,Yes,4399.0,1.4,4.0,11,0.0287,12771.0,0,0,0,1.6858
Jeep,Wrangler Unlimited Sahara,2019,57000.0,Gasoline,285.0HP 3.6L V6 Cylinder Engine Gasoline Fuel,8-Speed A/T,Gray,Black,None Reported,Yes,39900.0,3.6,6.0,5,0.7,9500.0,0,0,0,0.285
Chevrolet,Tahoe Ltz,2011,140401.0,E85 Flex Fuel,320.0HP 5.3L 8 Cylinder Engine Flex Fuel Capability,6-Speed A/T,Red,Beige,At Least 1 Accident Or Damage Reported,Yes,16000.0,5.3,8.0,13,0.114,10029.0,0,1,0,1.8252
Ford,F-150 Tremor,2023,5500.0,Gasoline,400.0HP 3.5L V6 Cylinder Engine Gasoline Fuel,10-Speed A/T,Gray,Black,None Reported,Yes,70000.0,3.5,6.0,1,12.725,2750.0,0,0,0,0.0055
Chevrolet,Corvette Stingray W/2Lt,2022,2010.0,Gasoline,490.0HP 6.2L 8 Cylinder Engine Gasoline Fuel,Transmission W/Dual Shift Mode,Gray,Brown,None Reported,Yes,89000.0,6.2,8.0,2,44.2566,670.0,0,0,0,0.004
Tesla,Model 3 Long Range,2018,24360.0,Gasoline,271.0HP Electric Motor Electric Fuel System,A/T,Black,White,None Reported,Yes,31500.0,,,6,1.2931,3480.0,0,0,0,0.1462
Audi,A4 2.0T Premium,2013,96800.0,Gasoline,211.0HP 2.0L 4 Cylinder Engine Gasoline Fuel,A/T,Gray,Black,At Least 1 Accident Or Damage Reported,Yes,11000.0,2.0,4.0,11,0.1136,8067.0,1,1,0,1.0648
Cadillac,Cts Performance,2014,34988.0,Gasoline,318.0HP 3.6L V6 Cylinder Engine Gasoline Fuel,6-Speed A/T,Red,Black,None Reported,Yes,21500.0,3.6,6.0,10,0.6145,3181.0,1,0,0,0.3499
Nissan,Frontier Sv,2012,65750.0,Gasoline,261.0HP 4.0L V6 Cylinder Engine Gasoline Fuel,A/T,Black,Gray,At Least 1 Accident Or Damage Reported,Yes,15995.0,4.0,6.0,12,0.2433,5058.0,0,1,0,0.789
Chevrolet,Silverado 1500 Ltz,2019,56654.0,Gasoline,6.2L V8 16V GDI OHV,Automatic,Cajun Red Tintcoat,Jet Black,None Reported,Yes,43860.0,6.2,,5,0.7742,9442.0,0,0,0,0.2833
Lincoln,Mkt Base,2016,140200.0,Gasoline,303.0HP 3.7L V6 Cylinder Engine Gasoline Fuel,6-Speed A/T,Black,Black,None Reported,Yes,10500.0,3.7,6.0,8,0.0749,15578.0,1,0,0,1.1216
Chevrolet,Cruze Lt Automatic,2016,122971.0,Gasoline,1.4L I4 16V GDI DOHC Turbo,6-Speed Automatic,Kinetic Blue,Jet Black,At Least 1 Accident Or Damage Reported,Yes,12999.0,1.4,,8,0.1057,13663.0,0,1,0,0.9838
Nissan,Xterra S,2008,223089.60000000012,Gasoline,261.0HP 4.0L V6 Cylinder Engine Gasoline Fuel,5-Speed A/T,Gray,Gray,None Reported,Yes,3850.0,4.0,6.0,16,0.0173,13123.0,0,0,0,3.5694
Ford,F-150 Lariat Supercrew,2004,223089.60000000012,Gasoline,300.0HP 5.4L 8 Cylinder Engine Gasoline Fuel,A/T,Red,Beige,At Least 1 Accident Or Damage Reported,Yes,9500.0,5.4,8.0,20,0.0426,10623.0,0,1,0,4.4618
Porsche,911 Turbo,2022,13800.0,Gasoline,572.0HP 3.8L Flat 6 Cylinder Engine Gasoline Fuel,8-Speed A/T,Gray,Red,None Reported,Yes,234000.0,3.8,6.0,2,16.9553,4600.0,1,0,0,0.0276
Dodge,Ram 2500 Quad Cab,2001,171079.0,Diesel,245.0HP 5.9L Straight 6 Cylinder Engine Diesel Fuel,A/T,Silver,Gray,None Reported,Yes,27500.0,5.9,6.0,23,0.1607,7128.0,0,0,0,3.9348
Chevrolet,Colorado Zr2,2021,24915.0,Gasoline,3.6L V6 24V GDI DOHC,Automatic,Satin Steel Metallic,Jet Black,None Reported,Unknown,44791.0,3.6,,3,1.7977,6229.0,0,0,0,0.0747
Nissan,Kicks S,2022,15577.0,Gasoline,1.6L I4 16V MPFI DOHC,Automatic Cvt,Electric Blue Metallic,Charcoal,None Reported,Unknown,19599.0,1.6,,2,1.2581,5192.0,0,0,0,0.0312
Audi,S4 3.0T Premium Plus,2014,102370.0,Gasoline,333.0HP 3.0L V6 Cylinder Engine Gasoline Fuel,7-Speed A/T,Gray,Black,None Reported,Yes,21373.0,3.0,6.0,10,0.2088,9306.0,1,0,0,1.0237
Lamborghini,Gallardo Lp570-4 Superleggera,2011,16000.0,Gasoline,562.0HP 5.2L 10 Cylinder Engine Gasoline Fuel,Transmission W/Dual Shift Mode,Yellow,Black,None Reported,Yes,229000.0,5.2,10.0,13,14.3116,1143.0,0,0,0,0.208
Mercedes-Benz,C-Class C 250 Luxury,2012,122000.0,Gasoline,201.0HP 1.8L 4 Cylinder Engine Gasoline Fuel,7-Speed A/T,White,White,None Reported,Yes,15000.0,1.8,4.0,12,0.1229,9385.0,1,0,0,1.464
Fiat,500X Trekking Plus,2016,48500.0,Gasoline,180.0HP 2.4L 4 Cylinder Engine Gasoline Fuel,A/T,Yellow,Brown,None Reported,Yes,15999.0,2.4,4.0,8,0.3299,5389.0,0,0,0,0.388
Ford,F-150 Xlt,2018,53500.0,Gasoline,325.0HP 2.7L V6 Cylinder Engine Gasoline Fuel,10-Speed A/T,Brown,Beige,At Least 1 Accident Or Damage Reported,Yes,31500.0,2.7,6.0,6,0.5888,7643.0,0,1,0,0.321
Ford,F-250 Xl Crew Cab Super Duty,2004,223089.60000000012,Diesel,325.0HP 6.0L 8 Cylinder Engine Diesel Fuel,A/T,White,Gray,None Reported,Yes,9200.0,6.0,8.0,20,0.0412,10623.0,0,0,0,4.4618
Ford,E350 Super Duty Base,2006,158000.0,Gasoline,305.0HP 6.8L 10 Cylinder Engine Gasoline Fuel,A/T,White,Gray,At Least 1 Accident Or Damage Reported,Yes,8500.0,6.8,10.0,18,0.0538,8316.0,0,1,0,2.844
Kia,Sorento Sxl,2019,43850.0,Gasoline,290.0HP 3.3L V6 Cylinder Engine Gasoline Fuel,8-Speed A/T,Black,Black,At Least 1 Accident Or Damage Reported,Yes,30000.0,3.3,6.0,5,0.6841,7308.0,0,1,0,0.2192
Mercedes-Benz,C-Class C 300 4Matic Sport,2015,73500.0,Gasoline,241.0HP 2.0L 4 Cylinder Engine Gasoline Fuel,7-Speed A/T,White,Black,None Reported,Yes,19000.0,2.0,4.0,9,0.2585,7350.0,1,0,0,0.6615
Nissan,Altima 2.5 Sl,2014,153350.0,Gasoline,182.0HP 2.5L 4 Cylinder Engine Gasoline Fuel,A/T,Black,Black,At Least 1 Accident Or Damage Reported,Yes,9000.0,2.5,4.0,10,0.0587,13941.0,0,1,0,1.5335
Volkswagen,Tiguan 2.0T Sel Premium R-Line,2019,74000.0,Gasoline,184.0HP 2.0L 4 Cylinder Engine Gasoline Fuel,A/T,White,Silver,None Reported,Yes,25500.0,2.0,4.0,5,0.3446,12333.0,0,0,0,0.37
Bmw,328 I Xdrive,2013,52000.0,Gasoline,240.0HP 2.0L 4 Cylinder Engine Gasoline Fuel,Transmission W/Dual Shift Mode,White,Beige,None Reported,Yes,17500.0,2.0,4.0,11,0.3365,4333.0,1,0,0,0.572
Audi,Q4 E-Tron 50 Premium Plus,2022,250.0,Gasoline,295.0HP Electric Motor Electric Fuel System,1-Speed A/T,Gray,Black,None Reported,Yes,52000.0,,,2,207.1713,83.0,1,0,0,0.0005
Nissan,Pathfinder S,2017,145000.0,Gasoline,284.0HP 3.5L V6 Cylinder Engine Gasoline Fuel,A/T,Silver,Gray,At Least 1 Accident Or Damage Reported,Yes,8500.0,3.5,6.0,7,0.0586,18125.0,0,1,0,1.015
Subaru,Ascent Touring 7-Passenger,2020,40971.0,Gasoline,260.0HP 2.4L 4 Cylinder Engine Gasoline Fuel,Transmission W/Dual Shift Mode,Blue,Brown,None Reported,Yes,32500.0,2.4,4.0,4,0.7932,8194.0,0,0,0,0.1639
Ford,E350 Super Duty Xlt,2010,223089.60000000012,E85 Flex Fuel,255.0HP 5.4L 8 Cylinder Engine Flex Fuel Capability,A/T,Silver,Beige,At Least 1 Accident Or Damage Reported,Yes,14000.0,5.4,8.0,14,0.0628,14873.0,0,1,0,3.1233
Gmc,Hummer Ev Edition 1,2023,940.0,Gasoline,Electric Motor Electric Fuel System,A/T,White,Black,Unknown,Unknown,146000.0,,,1,155.1541,470.0,0,0,0,0.0009
Bmw,M3 Cs,2018,38000.0,Gasoline,453.0HP 3.0L Straight 6 Cylinder Engine Gasoline Fuel,A/T,White,Black,None Reported,Yes,60500.0,3.0,6.0,6,1.5921,5429.0,1,0,0,0.228
Acura,Tlx V6 Advance,2016,128000.0,Gasoline,290.0HP 3.5L V6 Cylinder Engine Gasoline Fuel,A/T,Gray,Black,None Reported,Yes,19500.0,3.5,6.0,8,0.1523,14222.0,0,0,0,1.024
Chevrolet,Silverado 1500 Zr2,2022,7455.0,Gasoline,6.2L V8 16V GDI OHV,Automatic,Glacier Blue Metallic,Jet Black,None Reported,Unknown,68990.0,6.2,,2,9.253,2485.0,0,0,0,0.0149
Jeep,Wrangler Se,1999,137790.0,Gasoline,120.0HP 2.5L 4 Cylinder Engine Gasoline Fuel,5-Speed M/T,Red,–,None Reported,Yes,12000.0,2.5,4.0,25,0.0871,5300.0,0,0,0,3.4448
Ford,Edge Sport,2016,92000.0,Gasoline,315.0HP 2.7L V6 Cylinder Engine Gasoline Fuel,6-Speed A/T,White,Black,None Reported,Yes,19995.0,2.7,6.0,8,0.2173,10222.0,0,0,0,0.736
Porsche,911 Carrera Cabriolet,2001,21450.0,Gasoline,300.0HP 3.4L Flat 6 Cylinder Engine Gasoline Fuel,6-Speed M/T,Black,Black,None Reported,Yes,36000.0,3.4,6.0,23,1.6782,894.0,1,0,0,0.4934
Nissan,Murano Sl,2021,43875.0,Gasoline,3.5L V6 24V MPFI DOHC,Automatic Cvt,Magnetic Black,Graphite,At Least 1 Accident Or Damage Reported,Unknown,29725.0,3.5,,3,0.6775,10969.0,0,1,0,0.1316
Pontiac,G8 Gt,2009,81327.0,Gasoline,355.0HP 6.0L 8 Cylinder Engine Gasoline Fuel,Transmission W/Dual Shift Mode,Black,Black,None Reported,Yes,17500.0,6.0,8.0,15,0.2152,5083.0,0,0,0,1.2199
Mercedes-Benz,E-Class E 350,2021,72836.0,Gasoline,255.0HP 2.0L 4 Cylinder Engine Gasoline Fuel,9-Speed A/T,White,Beige,None Reported,Yes,41000.0,2.0,4.0,3,0.5629,18209.0,1,0,0,0.2185
Jeep,Commander Sport,2007,161900.0,E85 Flex Fuel,235.0HP 4.7L 8 Cylinder Engine Flex Fuel Capability,A/T,Blue,Gray,At Least 1 Accident Or Damage Reported,Yes,4800.0,4.7,8.0,17,0.0296,8994.0,0,1,0,2.7523
Audi,A5 45 S Line Premium Plus,2022,24500.0,Hybrid,261.0HP 2.0L 4 Cylinder Engine Gasoline/Mild Electric Hybrid,Transmission W/Dual Shift Mode,White,Black,None Reported,Yes,47000.0,2.0,4.0,2,1.9183,8167.0,1,0,1,0.049
Bmw,M550 I Xdrive,2018,14993.0,Gasoline,456.0HP 4.4L 8 Cylinder Engine Gasoline Fuel,8-Speed A/T,Gray,Black,None Reported,Yes,44900.0,4.4,8.0,6,2.9945,2142.0,1,0,0,0.09
Volkswagen,Jetta 1.4T R-Line,2019,96000.0,Gasoline,147.0HP 1.4L 4 Cylinder Engine Gasoline Fuel,A/T,Orange,White,At Least 1 Accident Or Damage Reported,Yes,14980.0,1.4,4.0,5,0.156,16000.0,0,1,0,0.48
Porsche,Taycan 4S,2022,7900.0,Gasoline,482.0HP Electric Motor Electric Fuel System,2-Speed A/T,Red,–,None Reported,Yes,108000.0,,,2,13.6692,2633.0,1,0,0,0.0158
Cadillac,Cts 2.0L Turbo Luxury,2019,35566.0,Gasoline,265.0HP 2.0L 4 Cylinder Engine Gasoline Fuel,8-Speed A/T,White,Beige,At Least 1 Accident Or Damage Reported,Yes,26000.0,2.0,4.0,5,0.731,5928.0,1,1,0,0.1778
Lexus,Is-F Base,2008,113000.0,Gasoline,416.0HP 5.0L 8 Cylinder Engine Gasoline Fuel,8-Speed A/T,Black,Black,At Least 1 Accident Or Damage Reported,Yes,34000.0,5.0,8.0,16,0.3009,6647.0,1,1,0,1.808
Ford,Explorer Xlt,2022,20678.0,Gasoline,300.0HP 2.3L 4 Cylinder Engine Gasoline Fuel,A/T,Red,Black,None Reported,Yes,46000.0,2.3,4.0,2,2.2245,6893.0,0,0,0,0.0414
Porsche,911 Turbo Cabriolet,2008,10900.0,Gasoline,480.0HP 3.6L Flat 6 Cylinder Engine Gasoline Fuel,6-Speed M/T,Black,Black,None Reported,Yes,129000.0,3.6,6.0,16,11.8338,641.0,1,0,0,0.1744
Buick,Lacrosse Leather,2012,19079.0,Hybrid,182.0HP 2.4L 4 Cylinder Engine Gasoline/Mild Electric Hybrid,6-Speed A/T,Gold,Beige,None Reported,Yes,15995.0,2.4,4.0,12,0.8383,1468.0,0,0,1,0.2289
Mazda,Rx-8 Sport,2008,155500.0,Gasoline,212.0HP 1.3L Rotary engine Gasoline Fuel,A/T,Blue,Black,At Least 1 Accident Or Damage Reported,Yes,6800.0,1.3,,16,0.0437,9147.0,0,1,0,2.488
Ford,Mustang Gt Premium,2019,35500.0,Gasoline,460.0HP 5.0L 8 Cylinder Engine Gasoline Fuel,10-Speed A/T,White,Black,None Reported,Yes,32300.0,5.0,8.0,5,0.9098,5917.0,0,0,0,0.1775
Mazda,Mazda6 Touring,2021,52253.0,Gasoline,2.5L I4 16V GDI DOHC,6-Speed Automatic,Snowflake White Pearl,Black,At Least 1 Accident Or Damage Reported,Yes,25215.0,2.5,,3,0.4825,13063.0,0,1,0,0.1568
Ford,Ranger Edge Supercab,2004,110000.0,Gasoline,148.0HP 3.0L V6 Cylinder Engine Gasoline Fuel,A/T,White,Gray,At Least 1 Accident Or Damage Reported,Yes,8500.0,3.0,6.0,20,0.0773,5238.0,0,1,0,2.2
Volkswagen,Golf Gti 2.0T Se W/Performance Package 4-Door,2016,59250.0,Gasoline,220.0HP 2.0L 4 Cylinder Engine Gasoline Fuel,Transmission W/Dual Shift Mode,Gray,Black,None Reported,Yes,18999.0,2.0,4.0,8,0.3207,6583.0,0,0,0,0.474
Ford,Thunderbird Deluxe,2004,39000.0,Gasoline,280.0HP 3.9L 8 Cylinder Engine Gasoline Fuel,A/T,Black,Beige,Unknown,Unknown,22000.0,3.9,8.0,20,0.5641,1857.0,0,0,0,0.78
Hummer,H2 Base,2008,155000.0,Gasoline,393.0HP 6.2L 8 Cylinder Engine Gasoline Fuel,6-Speed A/T,Green,Black,At Least 1 Accident Or Damage Reported,Yes,37000.0,6.2,8.0,16,0.2387,9118.0,0,1,0,2.48
Bmw,X5 Sdrive35I,2017,39250.0,Gasoline,300.0HP 3.0L Straight 6 Cylinder Engine Gasoline Fuel,A/T,Black,Beige,None Reported,Yes,28900.0,3.0,6.0,7,0.7363,4906.0,1,0,0,0.2748
Bmw,X3 Xdrive30I,2020,23647.0,Gasoline,2.0L I4 16V GDI DOHC Turbo,8-Speed Automatic,Black Sapphire Metallic,Canberra Beige,None Reported,Yes,37998.0,2.0,,4,1.6068,4729.0,1,0,0,0.0946
Hyundai,Accent Gls,2014,127941.0,Gasoline,138.0HP 1.6L 4 Cylinder Engine Gasoline Fuel,A/T,Silver,Gray,None Reported,Yes,7500.0,1.6,4.0,10,0.0586,11631.0,0,0,0,1.2794
Ram,1500 Big Horn,2014,124000.0,Gasoline,395.0HP 5.7L 8 Cylinder Engine Gasoline Fuel,8-Speed A/T,Black,Black,None Reported,Yes,24850.0,5.7,8.0,10,0.2004,11273.0,0,0,0,1.24
Ford,Bronco Heritage Edition Advanced,2023,1500.0,Gasoline,275.0HP 2.3L 4 Cylinder Engine Gasoline Fuel,7-Speed M/T,Red,–,None Reported,Yes,60000.0,2.3,4.0,1,39.9734,750.0,0,0,0,0.0015
Mini,Countryman Cooper S All4,2014,70700.0,Gasoline,181.0HP 1.6L 4 Cylinder Engine Gasoline Fuel,6-Speed A/T,White,Black,None Reported,Yes,15750.0,1.6,4.0,10,0.2228,6427.0,0,0,0,0.707
Cadillac,Escalade Premium,2013,113395.0,E85 Flex Fuel,403.0HP 6.2L 8 Cylinder Engine Flex Fuel Capability,6-Speed A/T,Beige,Beige,At Least 1 Accident Or Damage Reported,Yes,18800.0,6.2,8.0,11,0.1658,9450.0,1,1,0,1.2473
Mercedes-Benz,Gle 350 Gle 350,2022,18815.0,Gasoline,2.0 Liter Turbo,Automatic,Black,Black,None Reported,Unknown,61998.0,,,2,3.295,6272.0,1,0,0,0.0376
Toyota,4Runner Limited,2014,65000.0,Gasoline,270.0HP 4.0L V6 Cylinder Engine Gasoline Fuel,A/T,Gray,Red,None Reported,Yes,27999.0,4.0,6.0,10,0.4307,5909.0,0,0,0,0.65
Audi,A8 L 55,2019,23350.0,Hybrid,335.0HP 3.0L V6 Cylinder Engine Gasoline/Mild Electric Hybrid,Transmission W/Dual Shift Mode,Black,Brown,None Reported,Yes,48000.0,3.0,6.0,5,2.0556,3892.0,1,0,1,0.1168
Lexus,Es 350 Base,2019,39000.0,Gasoline,302.0HP 3.5L V6 Cylinder Engine Gasoline Fuel,Transmission W/Dual Shift Mode,Black,Red,At Least 1 Accident Or Damage Reported,Yes,34000.0,3.5,6.0,5,0.8718,6500.0,1,1,0,0.195
Toyota,4Runner Limited Nightshade,2019,48842.0,Gasoline,4.0L V6 24V MPFI DOHC,5-Speed Automatic,White,–,At Least 1 Accident Or Damage Reported,Yes,39857.0,4.0,,5,0.816,8140.0,0,1,0,0.2442
Fiat,500 Sport,2015,47800.0,Gasoline,101.0HP 1.4L 4 Cylinder Engine Gasoline Fuel,A/T,Black,Black,At Least 1 Accident Or Damage Reported,Yes,11500.0,1.4,4.0,9,0.2406,4780.0,0,1,0,0.4302
Ford,Maverick Xlt,2022,52000.0,Hybrid,191.0HP 2.5L 4 Cylinder Engine Gas/Electric Hybrid,Cvt Transmission,Blue,Gray,None Reported,Yes,28000.0,2.5,4.0,2,0.5385,17333.0,0,0,1,0.104
Ford,Mustang Gt,2006,16000.0,Gasoline,300.0HP 4.6L 8 Cylinder Engine Gasoline Fuel,5-Speed A/T,Silver,Black,None Reported,Yes,22000.0,4.6,8.0,18,1.3749,842.0,0,0,0,0.288
Jeep,Wrangler Sport,2023,7102.0,Gasoline,2.0L I4 16V GDI DOHC Turbo,8-Speed Automatic,Bright White Clearcoat,Black,None Reported,Yes,40995.0,2.0,,1,5.7715,3551.0,0,0,0,0.0071
Jeep,Grand Cherokee Limited,2015,157000.0,E85 Flex Fuel,290.0HP 3.6L V6 Cylinder Engine Flex Fuel Capability,A/T,White,Black,None Reported,Yes,17000.0,3.6,6.0,9,0.1083,15700.0,0,0,0,1.413
Ford,Mustang Mach-E Gt,2023,9095.0,Gasoline,480.0HP Electric Motor Electric Fuel System,A/T,Orange,Gray,None Reported,Yes,59000.0,,,1,6.4864,4548.0,0,0,0,0.0091
Jeep,Compass Sport,2010,179700.0,Gasoline,172.0HP 2.4L 4 Cylinder Engine Gasoline Fuel,A/T,Black,Gray,At Least 1 Accident Or Damage Reported,Yes,4500.0,2.4,4.0,14,0.025,11980.0,0,1,0,2.5158
Lexus,Ls 430 Base,2006,170000.0,Gasoline,278.0HP 4.3L 8 Cylinder Engine Gasoline Fuel,A/T,Silver,Gray,None Reported,Yes,7500.0,4.3,8.0,18,0.0441,8947.0,1,0,0,3.06
Ford,F-250 King Ranch,2021,93400.0,Diesel,475.0HP 6.7L 8 Cylinder Engine Diesel Fuel,10-Speed A/T,Red,Brown,Unknown,Unknown,69995.0,6.7,8.0,3,0.7494,23350.0,0,0,0,0.2802
Bmw,X5 Xdrive50I,2011,110000.0,Gasoline,400.0HP 4.4L 8 Cylinder Engine Gasoline Fuel,Transmission W/Dual Shift Mode,White,Blue,At Least 1 Accident Or Damage Reported,Yes,12000.0,4.4,8.0,13,0.1091,7857.0,1,1,0,1.43
Porsche,911 Carrera,2016,22500.0,Gasoline,350.0HP 3.4L Flat 6 Cylinder Engine Gasoline Fuel,A/T,Gray,Beige,None Reported,Yes,78000.0,3.4,6.0,8,3.4665,2500.0,1,0,0,0.18
Ford,Focus St Base,2013,20800.0,Gasoline,252.0HP 2.0L 4 Cylinder Engine Gasoline Fuel,6-Speed M/T,Yellow,Gray,None Reported,Yes,19795.0,2.0,4.0,11,0.9516,1733.0,0,0,0,0.2288
Lexus,Es 300H Base,2018,100868.0,Hybrid,200.0HP 2.5L 4 Cylinder Engine Gas/Electric Hybrid,Cvt Transmission,White,Beige,At Least 1 Accident Or Damage Reported,Yes,23400.0,2.5,4.0,6,0.232,14410.0,1,1,1,0.6052
Volkswagen,Cc Sport,2012,131986.0,Gasoline,200.0HP 2.0L 4 Cylinder Engine Gasoline Fuel,M/T,White,Black,At Least 1 Accident Or Damage Reported,Yes,9000.0,2.0,4.0,12,0.0682,10153.0,0,1,0,1.5838
Volkswagen,Golf Sportwagen Tsi S 4-Door,2016,127770.0,Gasoline,170.0HP 1.8L 4 Cylinder Engine Gasoline Fuel,5-Speed M/T,White,Beige,None Reported,Yes,13800.0,1.8,4.0,8,0.108,14197.0,0,0,0,1.0222
Porsche,911 Carrera S,2013,56985.0,Gasoline,400.0HP 3.8L Flat 6 Cylinder Engine Gasoline Fuel,7-Speed A/T,Blue,Gray,None Reported,Yes,65900.0,3.8,6.0,11,1.1564,4749.0,1,0,0,0.6268
Toyota,Prius Plug-In Base,2014,106000.0,Plug-In Hybrid,134.0HP 1.8L 4 Cylinder Engine Plug-In Electric/Gas,A/T,Green,Beige,At Least 1 Accident Or Damage Reported,Yes,11800.0,1.8,4.0,10,0.1113,9636.0,0,1,1,1.06
Ford,F-250 Xlt,2019,92671.0,Diesel,450.0HP 6.7L 8 Cylinder Engine Diesel Fuel,A/T,Black,Black,At Least 1 Accident Or Damage Reported,Yes,50000.0,6.7,8.0,5,0.5395,15445.0,0,1,0,0.4634
Mercedes-Benz,S-Class S 560 4Matic,2019,49500.0,Gasoline,463.0HP 4.0L 8 Cylinder Engine Gasoline Fuel,A/T,Black,Beige,None Reported,Yes,55900.0,4.0,8.0,5,1.1293,8250.0,1,0,0,0.2475
Porsche,911 Carrera,2020,16741.0,Gasoline,379.0HP 3.0L Flat 6 Cylinder Engine Gasoline Fuel,A/T,Green,Black,None Reported,Yes,112500.0,3.0,6.0,4,6.7196,3348.0,1,0,0,0.067
Ford,Mustang Gt,2011,133504.0,Gasoline,412.0HP 5.0L 8 Cylinder Engine Gasoline Fuel,6-Speed M/T,Black,Black,None Reported,Yes,23500.0,5.0,8.0,13,0.176,9536.0,0,0,0,1.7356
Cadillac,Cts 2.0L Turbo Luxury,2019,20296.0,Gasoline,2.0L I4 16V GDI DOHC Turbo,8-Speed Automatic,Red Obsession,Very Light Cashmere,None Reported,Unknown,30599.0,2.0,,5,1.5076,3383.0,1,0,0,0.1015
Volkswagen,Jetta 1.4T R-Line,2019,55234.0,Gasoline,1.4L I4 16V GDI DOHC Turbo,8-Speed Automatic,Platinum Gray Metallic,Black / Gray,None Reported,Unknown,19290.0,1.4,,5,0.3492,9206.0,0,0,0,0.2762
Jeep,Wrangler X,2005,162482.0,Gasoline,190.0HP 4.0L Straight 6 Cylinder Engine Gasoline Fuel,6-Speed M/T,Orange,Gray,None Reported,Yes,11000.0,4.0,6.0,19,0.0677,8124.0,0,0,0,3.0872
Lincoln,Ls V8,2002,42000.0,Gasoline,252.0HP 3.9L 8 Cylinder Engine Gasoline Fuel,A/T,Silver,Black,At Least 1 Accident Or Damage Reported,Yes,11000.0,3.9,8.0,22,0.2619,1826.0,1,1,0,0.924
Ford,F-150 Lightning Lariat,2022,470.0,Gasoline,563.0HP Electric Motor Electric Fuel System,1-Speed A/T,White,Gray,None Reported,Yes,71900.0,,,2,152.6539,157.0,0,0,0,0.0009
Mercedes-Benz,C-Class C55 Amg Sport,2006,98300.0,Gasoline,362.0HP 5.4L 8 Cylinder Engine Gasoline Fuel,Transmission W/Dual Shift Mode,Black,Black,At Least 1 Accident Or Damage Reported,Yes,15900.0,5.4,8.0,18,0.1617,5174.0,1,1,0,1.7694
Audi,S6 4.0T Prestige,2013,53900.0,Gasoline,420.0HP 4.0L 8 Cylinder Engine Gasoline Fuel,7-Speed A/T,Black,Black,Unknown,Unknown,27450.0,4.0,8.0,11,0.5093,4492.0,1,0,0,0.5929
Bmw,335 I Xdrive,2013,82849.0,Gasoline,300.0HP 3.0L Straight 6 Cylinder Engine Gasoline Fuel,8-Speed A/T,Red,Black,None Reported,Yes,19999.0,3.0,6.0,11,0.2414,6904.0,1,0,0,0.9113
Porsche,911 Carrera 4S Cabriolet,2009,25500.0,Gasoline,385.0HP 3.8L Flat 6 Cylinder Engine Gasoline Fuel,6-Speed M/T,Black,Black,None Reported,Yes,79995.0,3.8,6.0,15,3.1369,1594.0,1,0,0,0.3825
Kia,Forte Lxs,2020,53452.0,Gasoline,147.0HP 2.0L 4 Cylinder Engine Gasoline Fuel,A/T,Silver,Black,At Least 1 Accident Or Damage Reported,Yes,16995.0,2.0,4.0,4,0.3179,10690.0,0,1,0,0.2138
Chevrolet,Corvette Base,2004,40011.0,Gasoline,350.0HP 5.7L 8 Cylinder Engine Gasoline Fuel,4-Speed A/T,Red,Black,None Reported,Yes,23500.0,5.7,8.0,20,0.5873,1905.0,0,0,0,0.8002
Hyundai,Santa Fe Sport 2.0L Turbo,2018,45800.0,Gasoline,240.0HP 2.0L 4 Cylinder Engine Gasoline Fuel,A/T,Silver,Black,At Least 1 Accident Or Damage Reported,Yes,20900.0,2.0,4.0,6,0.4563,6543.0,0,1,0,0.2748
Ram,1500 Laramie,2022,15741.0,Gasoline,5.7L V8 16V MPFI OHV,8-Speed Automatic,Flame Red Clearcoat,Black,None Reported,Unknown,45999.0,5.7,,2,2.9221,5247.0,0,0,0,0.0315
Kia,Sorento Sx Prestige,2023,11100.0,Gasoline,281.0HP 2.5L 4 Cylinder Engine Gasoline Fuel,Transmission W/Dual Shift Mode,White,Black,None Reported,Yes,40200.0,2.5,4.0,1,3.6213,5550.0,0,0,0,0.0111
Ford,F-250 Xl,2020,36000.0,E85 Flex Fuel,385.0HP 6.2L 8 Cylinder Engine Flex Fuel Capability,A/T,White,Gray,None Reported,Yes,44000.0,6.2,8.0,4,1.2222,7200.0,0,0,0,0.144
Bmw,X5 Xdrive35I,2013,69750.0,Gasoline,300.0HP 3.0L Straight 6 Cylinder Engine Gasoline Fuel,8-Speed A/T,White,Brown,At Least 1 Accident Or Damage Reported,Yes,15999.0,3.0,6.0,11,0.2294,5812.0,1,1,0,0.7672
Mercedes-Benz,C-Class C 300 4Matic,2021,19162.0,Gasoline,255.0HP 2.0L 4 Cylinder Engine Gasoline Fuel,Transmission W/Dual Shift Mode,Black,Black,None Reported,Yes,38500.0,2.0,4.0,3,2.0091,4790.0,1,0,0,0.0575
Audi,Q5 S Line Premium Plus,2023,6046.0,Hybrid,2.0 Liter TFSI,Automatic,Daytona Gray,Black,None Reported,Unknown,51598.0,,,1,8.5328,3023.0,1,0,1,0.006
Ford,Explorer Xlt,2020,17000.0,Gasoline,300.0HP 2.3L 4 Cylinder Engine Gasoline Fuel,10-Speed A/T,Blue,Black,At Least 1 Accident Or Damage Reported,Yes,21000.0,2.3,4.0,4,1.2352,3400.0,0,1,0,0.068
Audi,A6 55 Premium,2019,10832.0,Hybrid,335.0HP 3.0L V6 Cylinder Engine Gasoline/Mild Electric Hybrid,7-Speed A/T,Black,Black,None Reported,Yes,42500.0,3.0,6.0,5,3.9232,1805.0,1,0,1,0.0542
Toyota,Matrix Xr,2004,173452.0,Gasoline,130.0HP 1.8L 4 Cylinder Engine Gasoline Fuel,4-Speed A/T,Silver,Black,At Least 1 Accident Or Damage Reported,Yes,4000.0,1.8,4.0,20,0.0231,8260.0,0,1,0,3.469
Kia,Optima Sx Turbo,2017,103338.0,Gasoline,2.0L I4 16V GDI DOHC Turbo,6-Speed Automatic,Remington Red Metallic,Black,At Least 1 Accident Or Damage Reported,Unknown,17238.0,2.0,,7,0.1668,12917.0,0,1,0,0.7234
Ford,F-150 Lariat,2022,28000.0,Gasoline,400.0HP 3.5L V6 Cylinder Engine Gasoline Fuel,A/T,Black,Black,None Reported,Yes,53500.0,3.5,6.0,2,1.9106,9333.0,0,0,0,0.056
Audi,Q8 3.0T Premium,2019,51984.0,Hybrid,335.0HP 3.0L V6 Cylinder Engine Gasoline/Mild Electric Hybrid,8-Speed A/T,White,–,None Reported,Yes,44870.0,3.0,6.0,5,0.8631,8664.0,1,0,1,0.2599
Chevrolet,Corvette Stingray W/2Lt,2020,8974.0,Gasoline,490.0HP 6.2L 8 Cylinder Engine Gasoline Fuel,A/T,Orange,Black,At Least 1 Accident Or Damage Reported,Yes,79900.0,6.2,8.0,4,8.9025,1795.0,0,1,0,0.0359
Scion,Tc Anniversary Edition,2014,99999.0,Gasoline,179.0HP 2.5L 4 Cylinder Engine Gasoline Fuel,6-Speed M/T,White,Black,None Reported,Yes,10998.0,2.5,4.0,10,0.11,9091.0,0,0,0,1.0
Mercedes-Benz,C-Class C 300,2017,59400.0,Gasoline,241.0HP 2.0L 4 Cylinder Engine Gasoline Fuel,7-Speed A/T,Black,Black,At Least 1 Accident Or Damage Reported,Yes,21000.0,2.0,4.0,7,0.3535,7425.0,1,1,0,0.4158
Nissan,Murano Sv,2020,47147.0,Gasoline,3.5L V6 24V MPFI DOHC,Automatic Cvt,Brilliant Silver Metallic,Graphite,None Reported,Yes,23625.0,3.5,,4,0.5011,9429.0,0,0,0,0.1886
Ford,Mustang Gt,2018,53782.0,Gasoline,460.0HP 5.0L 8 Cylinder Engine Gasoline Fuel,6-Speed M/T,Black,Black,At Least 1 Accident Or Damage Reported,Yes,29950.0,5.0,8.0,6,0.5569,7683.0,0,1,0,0.3227
Ford,Taurus Sho,2011,160000.0,Gasoline,365.0HP 3.5L V6 Cylinder Engine Gasoline Fuel,A/T,Black,Black,None Reported,Yes,4700.0,3.5,6.0,13,0.0294,11429.0,0,0,0,2.08
Chevrolet,Tahoe Ltz,2015,500.0,Gasoline,355.0HP 5.3L 8 Cylinder Engine Gasoline Fuel,6-Speed A/T,White,Black,At Least 1 Accident Or Damage Reported,Yes,37000.0,5.3,8.0,9,73.8523,50.0,0,1,0,0.0045
Ford,Escape Sel,2020,42000.0,Gasoline,181.0HP 1.5L 3 Cylinder Engine Gasoline Fuel,A/T,White,Beige,Unknown,Unknown,19000.0,1.5,3.0,4,0.4524,8400.0,0,0,0,0.168
Dodge,Grand Caravan Se,2018,64000.0,E85 Flex Fuel,283.0HP 3.6L V6 Cylinder Engine Flex Fuel Capability,A/T,White,Gray,None Reported,Yes,35000.0,3.6,6.0,6,0.5469,9143.0,0,0,0,0.384
Hyundai,Elantra Hev Limited,2021,28600.0,Hybrid,139.0HP 1.6L 4 Cylinder Engine Gas/Electric Hybrid,A/T,Gray,Black,None Reported,Yes,23999.0,1.6,4.0,3,0.8391,7150.0,0,0,1,0.0858
Gmc,Canyon Denali,2019,26339.0,Gasoline,308.0HP 3.6L V6 Cylinder Engine Gasoline Fuel,8-Speed A/T,Red,Black,At Least 1 Accident Or Damage Reported,Yes,36750.0,3.6,6.0,5,1.3952,4390.0,0,1,0,0.1317
Alfa,Romeo Giulia Quadrifoglio,2018,28644.0,Gasoline,505.0HP 2.9L V6 Cylinder Engine Gasoline Fuel,8-Speed A/T,Black,Black,Unknown,Unknown,41500.0,2.9,6.0,6,1.4488,4092.0,0,0,0,0.1719
Subaru,Impreza Wrx,2008,148740.0,Gasoline,224.0HP 2.5L 4 Cylinder Engine Gasoline Fuel,5-Speed M/T,Black,Black,At Least 1 Accident Or Damage Reported,Yes,14500.0,2.5,4.0,16,0.0975,8749.0,0,1,0,2.3798
Gmc,Sierra 2500 Denali,2021,16919.0,Diesel,445.0HP 6.6L 8 Cylinder Engine Diesel Fuel,10-Speed A/T,Black,Black,At Least 1 Accident Or Damage Reported,Yes,73000.0,6.6,8.0,3,4.3144,4230.0,0,1,0,0.0508
Chevrolet,Tahoe Ls,2005,170000.0,Gasoline,285.0HP 4.8L 8 Cylinder Engine Gasoline Fuel,4-Speed A/T,Silver,Gray,At Least 1 Accident Or Damage Reported,Yes,9000.0,4.8,8.0,19,0.0529,8500.0,0,1,0,3.23
Mercedes-Benz,Sl-Class Sl 550,2013,130000.0,Gasoline,429.0HP 4.6L 8 Cylinder Engine Gasoline Fuel,A/T,Gray,Beige,At Least 1 Accident Or Damage Reported,Yes,26900.0,4.6,8.0,11,0.2069,10833.0,1,1,0,1.43
Ford,Escape Phev Se,2022,1889.0,Plug-In Hybrid,221.0HP 2.5L 4 Cylinder Engine Plug-In Electric/Gas,Cvt Transmission,White,Gray,None Reported,Yes,32850.0,2.5,4.0,2,17.381,630.0,0,0,1,0.0038
Dodge,Charger Gt,2018,62197.0,Gasoline,3.6L V6 24V MPFI DOHC,8-Speed Automatic,White Knuckle Clearcoat,Black,None Reported,Yes,26691.0,3.6,,6,0.4291,8885.0,0,0,0,0.3732
Ford,F-150 Xlt,2016,71000.0,E85 Flex Fuel,385.0HP 5.0L 8 Cylinder Engine Flex Fuel Capability,A/T,Black,–,At Least 1 Accident Or Damage Reported,Yes,24350.0,5.0,8.0,8,0.343,7889.0,0,1,0,0.568
Lexus,Nx 200T Base,2016,83400.0,Gasoline,235.0HP 2.0L 4 Cylinder Engine Gasoline Fuel,A/T,Blue,Brown,At Least 1 Accident Or Damage Reported,Yes,22495.0,2.0,4.0,8,0.2697,9267.0,1,1,0,0.6672
Cadillac,Xt5 Base,2019,74414.0,Gasoline,310.0HP 3.6L V6 Cylinder Engine Gasoline Fuel,8-Speed A/T,Black,Beige,None Reported,Yes,26000.0,3.6,6.0,5,0.3494,12402.0,1,0,0,0.3721
Ford,Mustang Shelby Gt500,2010,29816.0,Gasoline,540.0HP 5.4L 8 Cylinder Engine Gasoline Fuel,6-Speed M/T,Black,Black,None Reported,Yes,38000.0,5.4,8.0,14,1.2744,1988.0,0,0,0,0.4174
Ford,F-250 Lariat,2015,68749.0,Diesel,440.0HP 6.7L 8 Cylinder Engine Diesel Fuel,Transmission W/Dual Shift Mode,Gray,Black,None Reported,Yes,45000.0,6.7,8.0,9,0.6545,6875.0,0,0,0,0.6187
Bmw,325 I,2005,190395.0,Gasoline,184.0HP 2.5L Straight 6 Cylinder Engine Gasoline Fuel,A/T,Black,Brown,None Reported,Yes,5000.0,2.5,6.0,19,0.0263,9520.0,1,0,0,3.6175
Lamborghini,Huracan Lp610-4,2015,34152.0,Gasoline,602.0HP 5.2L 10 Cylinder Engine Gasoline Fuel,7-Speed A/T,Blue,Red,None Reported,Yes,185500.0,5.2,10.0,9,5.4314,3415.0,0,0,0,0.3074
Toyota,Camry Xle,2007,98528.0,Gasoline,158.0HP 2.4L 4 Cylinder Engine Gasoline Fuel,5-Speed A/T,White,Gray,At Least 1 Accident Or Damage Reported,Yes,7450.0,2.4,4.0,17,0.0756,5474.0,0,1,0,1.675
Bmw,335 I,2011,91500.0,Gasoline,300.0HP 3.0L Straight 6 Cylinder Engine Gasoline Fuel,6-Speed A/T,Blue,Beige,At Least 1 Accident Or Damage Reported,Yes,13599.0,3.0,6.0,13,0.1486,6536.0,1,1,0,1.1895
Chevrolet,Camaro 1Ss,2017,50850.0,Gasoline,455.0HP 6.2L 8 Cylinder Engine Gasoline Fuel,6-Speed M/T,Blue,Black,None Reported,Yes,37000.0,6.2,8.0,7,0.7276,6356.0,0,0,0,0.356
Mazda,Mx-5 Miata Base,1999,130000.0,Gasoline,140.0HP 1.8L 4 Cylinder Engine Gasoline Fuel,A/T,Green,Beige,At Least 1 Accident Or Damage Reported,Yes,9000.0,1.8,4.0,25,0.0692,5000.0,0,1,0,3.25
Toyota,Tundra Sr5 Double Cab,2005,199400.0,Gasoline,282.0HP 4.7L 8 Cylinder Engine Gasoline Fuel,A/T,Gray,Gray,At Least 1 Accident Or Damage Reported,Yes,8500.0,4.7,8.0,19,0.0426,9970.0,0,1,0,3.7886
Ram,2500 Powerwagon,2013,84220.0,Gasoline,383.0HP 5.7L 8 Cylinder Engine Gasoline Fuel,6-Speed A/T,White,Gray,At Least 1 Accident Or Damage Reported,Yes,26500.0,5.7,8.0,11,0.3146,7018.0,0,1,0,0.9264
Mercedes-Benz,S-Class S 550 4Matic,2016,67280.0,Gasoline,449.0HP 4.7L 8 Cylinder Engine Gasoline Fuel,7-Speed A/T,White,Black,None Reported,Yes,41999.0,4.7,8.0,8,0.6242,7476.0,1,0,0,0.5382
Volkswagen,Passat 2.0T R-Line,2021,16538.0,Gasoline,2.0 Liter TSI,Automatic,Reflex Silver,Titan Black,None Reported,Unknown,25998.0,,,3,1.5719,4134.0,0,0,0,0.0496
Toyota,Tundra Platinum,2018,66000.0,Gasoline,381.0HP 5.7L 8 Cylinder Engine Gasoline Fuel,6-Speed A/T,Gray,Black,None Reported,Yes,51000.0,5.7,8.0,6,0.7727,9429.0,0,0,0,0.396
Cadillac,Escalade Luxury,2018,53450.0,Gasoline,420.0HP 6.2L 8 Cylinder Engine Gasoline Fuel,10-Speed A/T,White,Beige,None Reported,Yes,49999.0,6.2,8.0,6,0.9354,7636.0,1,0,0,0.3207
Volkswagen,Golf Alltrack Tsi Se,2018,63277.0,Gasoline,170.0HP 1.8L 4 Cylinder Engine Gasoline Fuel,6-Speed A/T,White,Black,None Reported,Yes,20900.0,1.8,4.0,6,0.3303,9040.0,0,0,0,0.3797
Nissan,Altima 2.5 S,2020,30900.0,Gasoline,182.0HP 2.5L 4 Cylinder Engine Gasoline Fuel,A/T,Silver,Gray,None Reported,Yes,21000.0,2.5,4.0,4,0.6796,6180.0,0,0,0,0.1236
Mercedes-Benz,Gla 250 Base 4Matic,2019,60854.0,Gasoline,2.0 Liter Turbo,Automatic,White,Black,None Reported,Unknown,25498.0,,,5,0.419,10142.0,1,0,0,0.3043
Ford,F-150 Platinum,2015,85000.0,Gasoline,365.0HP 3.5L V6 Cylinder Engine Gasoline Fuel,6-Speed A/T,White,Black,None Reported,Yes,31000.0,3.5,6.0,9,0.3647,8500.0,0,0,0,0.765
Toyota,Rav4 Se,2016,108130.0,Gasoline,176.0HP 2.5L 4 Cylinder Engine Gasoline Fuel,Transmission W/Dual Shift Mode,Gray,Orange,None Reported,Yes,18500.0,2.5,4.0,8,0.1711,12014.0,0,0,0,0.865
Toyota,4Runner Trd Sport,2023,11400.0,Gasoline,270.0HP 4.0L V6 Cylinder Engine Gasoline Fuel,A/T,Green,Black,None Reported,Yes,46000.0,4.0,6.0,1,4.0347,5700.0,0,0,0,0.0114
Mercedes-Benz,Gl-Class Gl 450 4Matic,2013,63300.0,Gasoline,362.0HP 4.6L 8 Cylinder Engine Gasoline Fuel,7-Speed A/T,Black,Black,None Reported,Yes,22800.0,4.6,8.0,11,0.3602,5275.0,1,0,0,0.6963
Tesla,Model Y Performance,2020,27500.0,Gasoline,455.0HP Electric Motor Electric Fuel System,A/T,Gray,White,None Reported,Yes,44000.0,,,4,1.5999,5500.0,0,0,0,0.11
Bmw,X5 Xdrive 35I Sport Activity,2012,122600.0,Gasoline,300.0HP 3.0L Straight 6 Cylinder Engine Gasoline Fuel,8-Speed A/T,Black,Black,At Least 1 Accident Or Damage Reported,Yes,12900.0,3.0,6.0,12,0.1052,9431.0,1,1,0,1.4712
Dodge,Charger Base,2006,145565.0,Gasoline,250.0HP 3.5L V6 Cylinder Engine Gasoline Fuel,A/T,Blue,Gray,At Least 1 Accident Or Damage Reported,Yes,4500.0,3.5,6.0,18,0.0309,7661.0,0,1,0,2.6202
Ford,Transit-250 Base,2016,66500.0,Gasoline,310.0HP 3.5L V6 Cylinder Engine Gasoline Fuel,6-Speed A/T,White,Gray,None Reported,Yes,27000.0,3.5,6.0,8,0.406,7389.0,0,0,0,0.532
Bmw,330 I Xdrive,2017,75000.0,Gasoline,248.0HP 2.0L 4 Cylinder Engine Gasoline Fuel,A/T,Blue,Black,None Reported,Yes,20000.0,2.0,4.0,7,0.2667,9375.0,1,0,0,0.525
Mazda,Cx-5 Grand Touring,2021,24781.0,Gasoline,2.5L I4 16V GDI DOHC,6-Speed Automatic,Machine Gray Metallic,Black,Unknown,Unknown,28991.0,2.5,,3,1.1698,6195.0,0,0,0,0.0743
Bmw,X5 M Base,2013,67000.0,Gasoline,555.0HP 4.4L 8 Cylinder Engine Gasoline Fuel,A/T,Silver,Black,At Least 1 Accident Or Damage Reported,Yes,24500.0,4.4,8.0,11,0.3657,5583.0,1,1,0,0.737
Audi,Q5 2.0T Premium Plus,2019,24500.0,Gasoline,248.0HP 2.0L 4 Cylinder Engine Gasoline Fuel,A/T,Black,–,None Reported,Yes,31000.0,2.0,4.0,5,1.2653,4083.0,1,0,0,0.1225
Audi,S5 3.0T Prestige,2013,37500.0,Gasoline,333.0HP 3.0L V6 Cylinder Engine Gasoline Fuel,7-Speed A/T,Black,Black,None Reported,Yes,26000.0,3.0,6.0,11,0.6933,3125.0,1,0,0,0.4125
Nissan,Gt-R Premium,2013,101000.0,Gasoline,545.0HP 3.8L V6 Cylinder Engine Gasoline Fuel,Transmission W/Dual Shift Mode,White,Black,None Reported,Yes,59000.0,3.8,6.0,11,0.5842,8417.0,0,0,0,1.111
Tesla,Model 3 Long Range,2020,25000.0,Gasoline,425.0HP Electric Motor Electric Fuel System,1-Speed A/T,Blue,Black,None Reported,Yes,49995.0,,,4,1.9997,5000.0,0,0,0,0.1
Toyota,Camry Solara Sle V6,2000,223089.60000000012,Gasoline,200.0HP 3.0L V6 Cylinder Engine Gasoline Fuel,A/T,Black,Beige,At Least 1 Accident Or Damage Reported,Yes,2500.0,3.0,6.0,24,0.0112,8924.0,0,1,0,5.3542
Tesla,Model Y Long Range,2021,49252.0,Gasoline,Electric,1-Speed Automatic,Deep Blue Metallic,Black,None Reported,Unknown,37999.0,,,3,0.7715,12313.0,0,0,0,0.1478
Buick,Cascada Base,2016,103814.0,Gasoline,200.0HP 1.6L 4 Cylinder Engine Gasoline Fuel,6-Speed A/T,White,Black,At Least 1 Accident Or Damage Reported,Yes,14995.0,1.6,4.0,8,0.1444,11535.0,0,1,0,0.8305
Toyota,4Runner Venture,2021,27000.0,Gasoline,270.0HP 4.0L V6 Cylinder Engine Gasoline Fuel,A/T,White,Black,None Reported,Yes,48500.0,4.0,6.0,3,1.7962,6750.0,0,0,0,0.081
Bmw,530 I Xdrive,2021,60942.0,Gasoline,2.0L I4 16V GDI DOHC Turbo,8-Speed Automatic,Glacier Silver Metallic,Black,None Reported,Yes,32085.0,2.0,,3,0.5265,15236.0,1,0,0,0.1828
Bmw,535 I Xdrive,2011,100780.0,Gasoline,300.0HP 3.0L Straight 6 Cylinder Engine Gasoline Fuel,8-Speed A/T,Gray,Black,At Least 1 Accident Or Damage Reported,Yes,12000.0,3.0,6.0,13,0.1191,7199.0,1,1,0,1.3101
Tesla,Model S 100D,2018,65000.0,Gasoline,518.0HP Electric Motor Electric Fuel System,A/T,Blue,Black,None Reported,Yes,41000.0,,,6,0.6308,9286.0,0,0,0,0.39
Lexus,Gx 460 Base,2012,167000.0,Gasoline,301.0HP 4.6L 8 Cylinder Engine Gasoline Fuel,A/T,Black,Beige,At Least 1 Accident Or Damage Reported,Yes,19470.0,4.6,8.0,12,0.1166,12846.0,1,1,0,2.004
Chevrolet,Trailblazer Ss,2008,161000.0,Gasoline,390.0HP 6.0L 8 Cylinder Engine Gasoline Fuel,4-Speed A/T,Red,Black,At Least 1 Accident Or Damage Reported,Yes,17000.0,6.0,8.0,16,0.1056,9471.0,0,1,0,2.576
Subaru,Impreza Wrx,2005,90200.0,Gasoline,227.0HP 2.0L 4 Cylinder Engine Gasoline Fuel,5-Speed M/T,Blue,Black,None Reported,Yes,12499.0,2.0,4.0,19,0.1386,4510.0,0,0,0,1.7138
Volkswagen,Passat 2.5 Se,2012,159870.0,Gasoline,170.0HP 2.5L 5 Cylinder Engine Gasoline Fuel,A/T,White,Beige,At Least 1 Accident Or Damage Reported,Yes,9750.0,2.5,5.0,12,0.061,12298.0,0,1,0,1.9184
Porsche,911 Carrera Cabriolet,1996,38000.0,–,–,Transmission W/Dual Shift Mode,Blue,Gray,Unknown,Unknown,75000.0,,,28,1.9736,1310.0,1,0,0,1.064
Audi,Q5 40 Premium,2022,14550.0,Hybrid,201.0HP 2.0L 4 Cylinder Engine Gasoline/Mild Electric Hybrid,7-Speed A/T,Silver,Brown,None Reported,Yes,41500.0,2.0,4.0,2,2.852,4850.0,1,0,1,0.0291
Infiniti,Q60 3.0T Red Sport 400,2018,38000.0,Gasoline,400.0HP 3.0L V6 Cylinder Engine Gasoline Fuel,A/T,Red,White,None Reported,Yes,32000.0,3.0,6.0,6,0.8421,5429.0,0,0,0,0.228
Chevrolet,Camaro Z28,2002,35515.0,Gasoline,310.0HP 5.7L 8 Cylinder Engine Gasoline Fuel,M/T,Silver,Black,At Least 1 Accident Or Damage Reported,Yes,21000.0,5.7,8.0,22,0.5913,1544.0,0,1,0,0.7813
Mazda,Protege Dx,1993,94200.0,–,–,A/T,Gray,–,At Least 1 Accident Or Damage Reported,Yes,2500.0,,,31,0.0265,2944.0,0,1,0,2.9202
Mercedes-Benz,Sl-Class Sl550 Roadster,2008,33300.0,Gasoline,382.0HP 5.5L 8 Cylinder Engine Gasoline Fuel,7-Speed A/T,White,Beige,None Reported,Yes,34500.0,5.5,8.0,16,1.036,1959.0,1,0,0,0.5328
Mercedes-Benz,C-Class C 300 4Matic,2016,90189.0,Gasoline,241.0HP 2.0L 4 Cylinder Engine Gasoline Fuel,A/T,White,–,At Least 1 Accident Or Damage Reported,Yes,17995.0,2.0,4.0,8,0.1995,10021.0,1,1,0,0.7215
Land,Rover Range Rover Autobiography,2023,1148.0,Gasoline,4.4L V8 32V GDI DOHC Twin Turbo,Automatic,Carpathian Grey,Ebony,None Reported,Unknown,193063.0,4.4,,1,168.027,574.0,0,0,0,0.0011
Mercedes-Benz,Slk-Class Slk320,2001,59500.0,Gasoline,215.0HP 3.2L V6 Cylinder Engine Gasoline Fuel,6-Speed M/T,Blue,Beige,None Reported,Yes,6500.0,3.2,6.0,23,0.1092,2479.0,1,0,0,1.3685
Ford,Transit-350 Xl,2017,134000.0,Gasoline,310.0HP 3.5L V6 Cylinder Engine Gasoline Fuel,A/T,Silver,Gray,None Reported,Yes,26500.0,3.5,6.0,7,0.1978,16750.0,0,0,0,0.938
Buick,Enclave Premium,2014,86281.0,Gasoline,288.0HP 3.6L V6 Cylinder Engine Gasoline Fuel,6-Speed A/T,Black,Black,None Reported,Yes,18900.0,3.6,6.0,10,0.219,7844.0,0,0,0,0.8628
Porsche,Cayenne Awd,2020,34580.0,Gasoline,335.0HP 3.0L V6 Cylinder Engine Gasoline Fuel,A/T,Black,Red,None Reported,Yes,56000.0,3.0,6.0,4,1.6194,6916.0,1,0,0,0.1383
Hyundai,Santa Fe Se,2007,145000.0,Gasoline,242.0HP 3.3L V6 Cylinder Engine Gasoline Fuel,A/T,Blue,Gray,At Least 1 Accident Or Damage Reported,Yes,4200.0,3.3,6.0,17,0.029,8056.0,0,1,0,2.465
Mazda,Mazda6 Signature,2021,11737.0,Gasoline,2.5L I4 16V GDI DOHC Turbo,6-Speed Automatic,Soul Red Crystal Metallic,Deep Chestnut,None Reported,Yes,33687.0,2.5,,3,2.8699,2934.0,0,0,0,0.0352
Tesla,Model X Performance,2020,25535.0,Gasoline,778.0HP Electric Motor Electric Fuel System,A/T,White,Beige,None Reported,Yes,68969.0,,,4,2.7009,5107.0,0,0,0,0.1021
Jeep,Wrangler Unlimited Sport,2016,67499.0,Gasoline,285.0HP 3.6L V6 Cylinder Engine Gasoline Fuel,6-Speed M/T,Beige,Black,None Reported,Yes,27500.0,3.6,6.0,8,0.4074,7500.0,0,0,0,0.54
Toyota,4Runner Sport,2004,220450.0,Gasoline,245.0HP 4.0L V6 Cylinder Engine Gasoline Fuel,A/T,Gray,Gray,None Reported,Yes,8550.0,4.0,6.0,20,0.0388,10498.0,0,0,0,4.409
Chevrolet,Silverado 1500 2Lt,2018,20200.0,Gasoline,355.0HP 5.3L 8 Cylinder Engine Gasoline Fuel,6-Speed A/T,Silver,Gray,At Least 1 Accident Or Damage Reported,Yes,42950.0,5.3,8.0,6,2.1261,2886.0,0,1,0,0.1212
Jaguar,Xk8 Base,2000,40000.0,Gasoline,290.0HP 4.0L 8 Cylinder Engine Gasoline Fuel,5-Speed A/T,Blue,Beige,None Reported,Yes,15400.0,4.0,8.0,24,0.385,1600.0,0,0,0,0.96
Mercedes-Benz,Gla-Class Gla 45 Amg,2015,80300.0,Gasoline,355.0HP 2.0L 4 Cylinder Engine Gasoline Fuel,7-Speed A/T,Black,Black,At Least 1 Accident Or Damage Reported,Yes,22000.0,2.0,4.0,9,0.274,8030.0,1,1,0,0.7227
Bmw,330 I Xdrive,2017,63150.0,Gasoline,248.0HP 2.0L 4 Cylinder Engine Gasoline Fuel,A/T,White,Beige,None Reported,Yes,21500.0,2.0,4.0,7,0.3405,7894.0,1,0,0,0.442
Volkswagen,Atlas 3.6L Se W/Technology,2018,48210.0,Gasoline,276.0HP 3.6L V6 Cylinder Engine Gasoline Fuel,Transmission W/Dual Shift Mode,Silver,Black,None Reported,Yes,24999.0,3.6,6.0,6,0.5185,6887.0,0,0,0,0.2893
Nissan,Juke Sl,2012,115359.0,Gasoline,188.0HP 1.6L 4 Cylinder Engine Gasoline Fuel,A/T,Black,Black,None Reported,Yes,9950.0,1.6,4.0,12,0.0863,8874.0,0,0,0,1.3843
Subaru,Impreza 2.0I Premium,2018,90601.0,Gasoline,152.0HP 2.0L 4 Cylinder Engine Gasoline Fuel,Cvt Transmission,White,Beige,None Reported,Yes,26000.0,2.0,4.0,6,0.287,12943.0,0,0,0,0.5436
Bmw,M5 Base,2000,132200.0,Gasoline,400.0HP 5.0L 8 Cylinder Engine Gasoline Fuel,6-Speed M/T,Blue,Black,None Reported,Yes,26900.0,5.0,8.0,24,0.2035,5288.0,1,0,0,3.1728
Mercedes-Benz,Sprinter 2500 Standard Roof,2023,4000.0,Diesel,211.0HP 2.0L 4 Cylinder Engine Diesel Fuel,9-Speed A/T,White,Black,None Reported,Yes,65000.0,2.0,4.0,1,16.2459,2000.0,1,0,0,0.004
Volkswagen,Beetle 2.0T Final Edition Se,2019,32000.0,Gasoline,174.0HP 2.0L 4 Cylinder Engine Gasoline Fuel,Transmission W/Dual Shift Mode,Gray,Black,None Reported,Yes,32750.0,2.0,4.0,5,1.0234,5333.0,0,0,0,0.16
Mini,Countryman Cooper S All4,2016,95070.0,Gasoline,181.0HP 1.6L 4 Cylinder Engine Gasoline Fuel,6-Speed A/T,Blue,Black,None Reported,Yes,12750.0,1.6,4.0,8,0.1341,10563.0,0,0,0,0.7606
Nissan,Rogue Sl,2017,148000.0,Gasoline,170.0HP 2.5L 4 Cylinder Engine Gasoline Fuel,A/T,White,–,None Reported,Yes,13000.0,2.5,4.0,7,0.0878,18500.0,0,0,0,1.036
Lexus,Ct 200H Premium,2014,125519.0,Hybrid,134.0HP 1.8L 4 Cylinder Engine Gas/Electric Hybrid,Cvt Transmission,Black,Black,At Least 1 Accident Or Damage Reported,Yes,16000.0,1.8,4.0,10,0.1275,11411.0,1,1,1,1.2552
Infiniti,G37 X,2013,90000.0,Gasoline,328.0HP 3.7L V6 Cylinder Engine Gasoline Fuel,Transmission W/Dual Shift Mode,Silver,Black,None Reported,Yes,14500.0,3.7,6.0,11,0.1611,7500.0,0,0,0,0.99
Audi,A6 2.0T Sport,2018,49650.0,Gasoline,252.0HP 2.0L 4 Cylinder Engine Gasoline Fuel,A/T,Black,Black,At Least 1 Accident Or Damage Reported,Yes,23750.0,2.0,4.0,6,0.4783,7093.0,1,1,0,0.2979
Nissan,Altima 2.5 S,2015,149800.0,Gasoline,182.0HP 2.5L 4 Cylinder Engine Gasoline Fuel,A/T,Black,Black,At Least 1 Accident Or Damage Reported,Yes,11600.0,2.5,4.0,9,0.0774,14980.0,0,1,0,1.3482
Chevrolet,Blazer 1Lt,2019,37161.0,Gasoline,2.5L I4 16V GDI DOHC,9-Speed Automatic,Nightfall Gray Metallic,Jet Black,None Reported,Yes,26990.0,2.5,,5,0.7263,6194.0,0,0,0,0.1858
Dodge,Ram 3500 Quad Cab Drw,2000,188000.0,–,–,A/T,Silver,Gray,At Least 1 Accident Or Damage Reported,Yes,10000.0,,,24,0.0532,7520.0,0,1,0,4.512
Ford,Transit Connect Xlt,2016,111700.0,E85 Flex Fuel,169.0HP 2.5L 4 Cylinder Engine Flex Fuel Capability,A/T,White,Beige,None Reported,Yes,15500.0,2.5,4.0,8,0.1388,12411.0,0,0,0,0.8936
Mercedes-Benz,S-Class S 550 4Matic,2016,72784.0,Gasoline,449.0HP 4.7L 8 Cylinder Engine Gasoline Fuel,7-Speed A/T,Blue,White,None Reported,Yes,34900.0,4.7,8.0,8,0.4795,8087.0,1,0,0,0.5823
Cadillac,Escalade Base,2007,150000.0,Gasoline,403.0HP 6.2L 8 Cylinder Engine Gasoline Fuel,A/T,White,Beige,None Reported,Yes,9999.0,6.2,8.0,17,0.0667,8333.0,1,0,0,2.55
Ford,Transit Connect Xlt,2012,140450.0,Gasoline,136.0HP 2.0L 4 Cylinder Engine Gasoline Fuel,4-Speed A/T,Red,Gray,At Least 1 Accident Or Damage Reported,Yes,8500.0,2.0,4.0,12,0.0605,10804.0,0,1,0,1.6854
Lexus,Is 250 Base,2010,132700.0,Gasoline,204.0HP 2.5L V6 Cylinder Engine Gasoline Fuel,A/T,Black,Black,At Least 1 Accident Or Damage Reported,Yes,10700.0,2.5,6.0,14,0.0806,8847.0,1,1,0,1.8578
Dodge,Durango Gt,2020,49000.0,Gasoline,295.0HP 3.6L V6 Cylinder Engine Gasoline Fuel,A/T,White,Black,None Reported,Yes,40000.0,3.6,6.0,4,0.8163,9800.0,0,0,0,0.196
Chevrolet,Corvette Stingray W/2Lt,2023,2058.0,Gasoline,490.0HP 6.2L 8 Cylinder Engine Gasoline Fuel,A/T,Gray,Black,None Reported,Yes,101999.0,6.2,8.0,1,49.5381,1029.0,0,0,0,0.0021
Jeep,Wrangler Unlimited Sahara,2019,23442.0,Gasoline,285.0HP 3.6L V6 Cylinder Engine Gasoline Fuel,A/T,White,Beige,None Reported,Yes,44500.0,3.6,6.0,5,1.8982,3907.0,0,0,0,0.1172
Tesla,Model 3 Long Range,2021,23749.0,Gasoline,Electric,1-Speed Automatic,White,Black,None Reported,Unknown,35999.0,,,3,1.5157,5937.0,0,0,0,0.0712
Toyota,4Runner Trd Pro,2021,35048.0,Gasoline,4.0L V6 24V MPFI DOHC,5-Speed Automatic,Lunar Rock,Black / Graphite,None Reported,Unknown,52590.0,4.0,,3,1.5005,8762.0,0,0,0,0.1051
Infiniti,Qx60 Base,2016,91239.0,Gasoline,265.0HP 3.5L V6 Cylinder Engine Gasoline Fuel,A/T,Gray,Black,None Reported,Yes,17500.0,3.5,6.0,8,0.1918,10138.0,0,0,0,0.7299
Porsche,911 Carrera,2022,2950.0,Gasoline,379.0HP 3.0L Flat 6 Cylinder Engine Gasoline Fuel,8-Speed A/T,Green,Black,None Reported,Yes,131000.0,3.0,6.0,2,44.3917,983.0,1,0,0,0.0059
Ford,F-150 Xl,2019,59678.0,Gasoline,2.7L V6 24V PDI DOHC Twin Turbo,Automatic,Gray,Black,None Reported,Yes,33700.0,2.7,,5,0.5647,9946.0,0,0,0,0.2984
Bmw,M240 I Xdrive,2022,2010.0,Gasoline,382.0HP 3.0L Straight 6 Cylinder Engine Gasoline Fuel,A/T,Purple,Black,None Reported,Yes,55000.0,3.0,6.0,2,27.3496,670.0,1,0,0,0.004
Toyota,Prius Two,2014,80354.0,Hybrid,134.0HP 1.8L 4 Cylinder Engine Gas/Electric Hybrid,A/T,Red,Gray,At Least 1 Accident Or Damage Reported,Yes,13310.0,1.8,4.0,10,0.1656,7305.0,0,1,1,0.8035
Ford,Expedition Max Xlt,2018,105674.0,Gasoline,375.0HP 3.5L V6 Cylinder Engine Gasoline Fuel,10-Speed A/T,White,Beige,None Reported,Yes,34995.0,3.5,6.0,6,0.3312,15096.0,0,0,0,0.634
Toyota,Tundra Grade,2013,92700.0,Gasoline,310.0HP 4.6L 8 Cylinder Engine Gasoline Fuel,6-Speed A/T,Gray,Gray,At Least 1 Accident Or Damage Reported,Yes,20800.0,4.6,8.0,11,0.2244,7725.0,0,1,0,1.0197
Ford,Edge Titanium,2016,101387.0,Gasoline,245.0HP 2.0L 4 Cylinder Engine Gasoline Fuel,6-Speed A/T,Black,Beige,At Least 1 Accident Or Damage Reported,Yes,16000.0,2.0,4.0,8,0.1578,11265.0,0,1,0,0.8111
Buick,Envision Essence,2021,36544.0,Gasoline,2.0L I4 16V GDI DOHC Turbo,9-Speed Automatic,Dark Moon Blue Metallic,Ebony,None Reported,Yes,33290.0,2.0,,3,0.9109,9136.0,0,0,0,0.1096
Audi,Q7 55 Prestige,2019,41000.0,Gasoline,329.0HP 3.0L V6 Cylinder Engine Gasoline Fuel,A/T,White,Beige,None Reported,Yes,39900.0,3.0,6.0,5,0.9731,6833.0,1,0,0,0.205
Chrysler,Town & Country Touring-L,2013,115872.0,E85 Flex Fuel,283.0HP 3.6L V6 Cylinder Engine Flex Fuel Capability,A/T,Black,Black,None Reported,Yes,9500.0,3.6,6.0,11,0.082,9656.0,0,0,0,1.2746
Chevrolet,Cruze Ls,2011,135603.0,Gasoline,136.0HP 1.8L 4 Cylinder Engine Gasoline Fuel,A/T,Silver,Black,None Reported,Yes,7000.0,1.8,4.0,13,0.0516,9686.0,0,0,0,1.7628
Ford,F-150 Lariat,2020,26540.0,Gasoline,375.0HP 3.5L V6 Cylinder Engine Gasoline Fuel,A/T,White,Black,None Reported,Yes,46995.0,3.5,6.0,4,1.7707,5308.0,0,0,0,0.1062
Jaguar,Xf Premium,2011,35134.0,Gasoline,385.0HP 5.0L 8 Cylinder Engine Gasoline Fuel,A/T,Gray,Gray,At Least 1 Accident Or Damage Reported,Yes,12400.0,5.0,8.0,13,0.3529,2510.0,0,1,0,0.4567
Jeep,Wrangler Unlimited Rubicon,2020,49990.0,Gasoline,270.0HP 2.0L 4 Cylinder Engine Gasoline Fuel,8-Speed A/T,Black,Black,None Reported,Yes,53000.0,2.0,4.0,4,1.0602,9998.0,0,0,0,0.2
Ford,F-250 Lariat,2011,153818.0,Diesel,400.0HP 6.7L 8 Cylinder Engine Diesel Fuel,6-Speed A/T,Gray,Gray,At Least 1 Accident Or Damage Reported,Yes,29800.0,6.7,8.0,13,0.1937,10987.0,0,1,0,1.9996
Jaguar,F-Pace 35T Premium,2017,58060.0,Gasoline,340.0HP 3.0L V6 Cylinder Engine Gasoline Fuel,8-Speed A/T,Blue,Beige,At Least 1 Accident Or Damage Reported,Yes,26000.0,3.0,6.0,7,0.4478,7258.0,0,1,0,0.4064
Porsche,911 Carrera S,2015,36000.0,Gasoline,400.0HP 3.8L Flat 6 Cylinder Engine Gasoline Fuel,7-Speed A/T,Black,Black,None Reported,Yes,84999.0,3.8,6.0,9,2.361,3600.0,1,0,0,0.324
Ford,Bronco Badlands Advanced,2022,17000.0,Gasoline,315.0HP 2.7L V6 Cylinder Engine Gasoline Fuel,10-Speed A/T,White,Black,None Reported,Yes,69999.0,2.7,6.0,2,4.1173,5667.0,0,0,0,0.034
Suzuki,Sx4 Base,2013,99982.0,Gasoline,150.0HP 2.0L 4 Cylinder Engine Gasoline Fuel,M/T,Orange,Gray,At Least 1 Accident Or Damage Reported,Yes,6900.0,2.0,4.0,11,0.069,8332.0,0,1,0,1.0998
Ford,Ecosport Ses,2019,106000.0,Gasoline,166.0HP 2.0L 4 Cylinder Engine Gasoline Fuel,A/T,Silver,Black,At Least 1 Accident Or Damage Reported,Yes,12000.0,2.0,4.0,5,0.1132,17667.0,0,1,0,0.53
Toyota,Land Cruiser Base,1994,178416.0,–,–,A/T,Green,Beige,None Reported,Yes,9000.0,,,30,0.0504,5755.0,0,0,0,5.3525
Honda,Civic Ex,2014,82500.0,Gasoline,143.0HP 1.8L 4 Cylinder Engine Gasoline Fuel,Cvt Transmission,Silver,Gray,None Reported,Yes,15000.0,1.8,4.0,10,0.1818,7500.0,0,0,0,0.825
Mercedes-Benz,Sprinter 2500 Standard Roof,2018,41500.0,Diesel,188.0HP 3.0L V6 Cylinder Engine Diesel Fuel,A/T,Gray,Black,None Reported,Yes,61000.0,3.0,6.0,6,1.4698,5929.0,1,0,0,0.249
Bmw,X3 Xdrive28I,2015,92984.0,Gasoline,240.0HP 2.0L 4 Cylinder Engine Gasoline Fuel,Transmission W/Dual Shift Mode,White,Beige,At Least 1 Accident Or Damage Reported,Yes,17000.0,2.0,4.0,9,0.1828,9298.0,1,1,0,0.8369
Nissan,Murano Sl,2007,120000.0,Gasoline,240.0HP 3.5L V6 Cylinder Engine Gasoline Fuel,A/T,Silver,Black,None Reported,Yes,6750.0,3.5,6.0,17,0.0562,6667.0,0,0,0,2.04
Chevrolet,Corvette Stingray,2015,25548.0,Gasoline,455.0HP 6.2L 8 Cylinder Engine Gasoline Fuel,8-Speed A/T,Gray,Gray,None Reported,Yes,49000.0,6.2,8.0,9,1.9179,2555.0,0,0,0,0.2299
Ford,F-150 Lariat,2018,65441.0,Gasoline,325.0HP 2.7L V6 Cylinder Engine Gasoline Fuel,A/T,Gray,Black,None Reported,Yes,38000.0,2.7,6.0,6,0.5807,9349.0,0,0,0,0.3926
Porsche,Cayenne Turbo,2020,39611.0,Gasoline,4.0L V8 32V GDI DOHC Twin Turbo,8-Speed Automatic,Quartzite Grey Metallic,Black,None Reported,Unknown,89900.0,4.0,,4,2.2695,7922.0,1,0,0,0.1584
Toyota,Sequoia Sr5,2010,154860.0,Gasoline,310.0HP 4.6L 8 Cylinder Engine Gasoline Fuel,6-Speed A/T,Silver,Gray,None Reported,Yes,17900.0,4.6,8.0,14,0.1156,10324.0,0,0,0,2.168
Porsche,911 Carrera S,2021,7008.0,Gasoline,443.0HP 3.0L Flat 6 Cylinder Engine Gasoline Fuel,8-Speed A/T,Gray,Black,Unknown,Unknown,151900.0,3.0,6.0,3,21.6721,1752.0,1,0,0,0.021
Bmw,M8 Gran Coupe Competition,2022,21057.0,Gasoline,617.0HP 4.4L 8 Cylinder Engine Gasoline Fuel,Transmission W/Dual Shift Mode,Gray,Black,None Reported,Yes,99800.0,4.4,8.0,2,4.7393,7019.0,1,0,0,0.0421
Lexus,Ct 200H Base,2016,39750.0,Hybrid,134.0HP 1.8L 4 Cylinder Engine Gas/Electric Hybrid,A/T,Black,Black,None Reported,Yes,21995.0,1.8,4.0,8,0.5533,4417.0,1,0,1,0.318
Aston,Martin Db7 Vantage Volante,2003,14900.0,Gasoline,420.0HP 5.9L 12 Cylinder Engine Gasoline Fuel,6-Speed M/T,White,Beige,Unknown,Unknown,32850.0,5.9,12.0,21,2.2046,677.0,0,0,0,0.3129
Chevrolet,Impala 2Lz,2018,71312.0,Gasoline,305.0HP 3.6L V6 Cylinder Engine Gasoline Fuel,6-Speed A/T,Black,Black,None Reported,Yes,17899.0,3.6,6.0,6,0.251,10187.0,0,0,0,0.4279
Porsche,911 Carrera,2015,43500.0,Gasoline,350.0HP 3.4L Flat 6 Cylinder Engine Gasoline Fuel,7-Speed A/T,Black,Black,None Reported,Yes,66500.0,3.4,6.0,9,1.5287,4350.0,1,0,0,0.3915
Bmw,X6 Xdrive40I,2020,34000.0,Gasoline,335.0HP 3.0L Straight 6 Cylinder Engine Gasoline Fuel,8-Speed A/T,White,Brown,None Reported,Yes,59335.0,3.0,6.0,4,1.7451,6800.0,1,0,0,0.136
Subaru,Ascent Touring 7-Passenger,2021,32250.0,Gasoline,260.0HP 2.4L 4 Cylinder Engine Gasoline Fuel,A/T,Black,Black,At Least 1 Accident Or Damage Reported,Yes,36000.0,2.4,4.0,3,1.1162,8062.0,0,1,0,0.0968
Volkswagen,Routan Se,2011,194000.0,Gasoline,283.0HP 3.6L V6 Cylinder Engine Gasoline Fuel,Transmission W/Dual Shift Mode,Black,Gray,At Least 1 Accident Or Damage Reported,Yes,3500.0,3.6,6.0,13,0.018,13857.0,0,1,0,2.522
Mercedes-Benz,Amg Gls 63 4Matic,2023,2000.0,Hybrid,603.0HP 4.0L 8 Cylinder Engine Gasoline/Mild Electric Hybrid,9-Speed A/T,Gray,Beige,None Reported,Yes,175000.0,4.0,8.0,1,87.4563,1000.0,1,0,1,0.002
Mercedes-Benz,E-Class E 300 4Matic,2018,53705.0,Gasoline,241.0HP 2.0L 4 Cylinder Engine Gasoline Fuel,A/T,Black,Black,At Least 1 Accident Or Damage Reported,Yes,25900.0,2.0,4.0,6,0.4823,7672.0,1,1,0,0.3222
Audi,S4 3.0T Premium Plus,2022,10900.0,Gasoline,349.0HP 3.0L V6 Cylinder Engine Gasoline Fuel,Transmission W/Dual Shift Mode,Black,Black,None Reported,Yes,53900.0,3.0,6.0,2,4.9445,3633.0,1,0,0,0.0218
Porsche,Taycan,2022,2116.0,Gasoline,Electric,Automatic,Black,Black,None Reported,Unknown,90998.0,,,2,42.9844,705.0,1,0,0,0.0042
Ford,F-150 Raptor,2020,33000.0,Gasoline,450.0HP 3.5L V6 Cylinder Engine Gasoline Fuel,A/T,Blue,Black,None Reported,Yes,62999.0,3.5,6.0,4,1.909,6600.0,0,0,0,0.132
Bmw,X3 Xdrive30I,2020,43000.0,Gasoline,248.0HP 2.0L 4 Cylinder Engine Gasoline Fuel,A/T,Gray,Brown,At Least 1 Accident Or Damage Reported,Yes,40000.0,2.0,4.0,4,0.9302,8600.0,1,1,0,0.172
